scenario,seq_len,ground_truth,answer,lpips
scene_14124,7,"(5, 6)","1,2",0.068232
scene_10696,7,"(0, 1)","3,4",0.229447
scene_14922,8,"(0, 1)","2,3",0.163542
scene_14012,8,"(5, 6)","2,3",0.111775
scene_14779,7,"(2, 3)","2,3",0.073117
scene_13854,8,"(1, 2)","2,3",0.319949
scene_14696,7,"(1, 2)","1,2",0.076829
scene_11199,8,"(1, 2)","1,2",0.069885
scene_10716,6,"(0, 1)","1,2",0.115730
scene_12474,7,"(5, 6)","1,2",0.132346
scene_11448,8,"(5, 6)","2,3",0.081286
scene_13886,8,"(4, 5)","2,3",0.144652
scene_14268,7,"(0, 1)","2,3",0.030309
scene_10493,7,"(4, 5)","3,4",0.261895
scene_13918,6,"(3, 4)","2,3",0.179476
scene_10362,8,"(0, 1)","2,3",0.044303
scene_12332,8,"(0, 1)","2,3",0.080803
scene_11032,6,"(0, 1)","1,2",0.050812
scene_12897,8,"(1, 2)","2,3",0.135262
scene_12742,7,"(1, 2)","2,3",0.110801
scene_13909,6,"(4, 5)","2,3",0.106237
scene_11971,7,"(4, 5)","2,3",0.168380
scene_11590,8,"(0, 1)","2,3",0.107337
scene_12129,8,"(4, 5)","1,2",0.168779
scene_10165,8,"(1, 2)","2,3",0.288638
scene_12672,8,"(5, 6)","2,3",0.101791
scene_14293,8,"(5, 6)","2,3",0.141601
scene_11020,7,"(5, 6)","2,3",0.105038
scene_13493,8,"(4, 5)","2,3",0.095486
scene_13462,8,"(3, 4)","2,3",0.127042
scene_12228,8,"(1, 2)","1,2",0.140108
scene_10964,7,"(3, 4)","2,3",0.281788
scene_11140,7,"(4, 5)","2,3",0.082638
scene_14516,7,"(2, 3)","2,3",0.308933
scene_12025,7,"(0, 1)","1,2",0.031479
scene_14735,8,"(6, 7)","1,2",0.129236
scene_10015,8,"(6, 7)","1,2",0.134948
scene_11410,7,"(1, 2)","2,3",0.083208
scene_14626,8,"(5, 6)","1,2",0.141158
scene_13868,8,"(3, 4)","2,3",0.110754
scene_13307,8,"(2, 3)","2,3",0.277131
scene_11525,7,"(2, 3)","2,3",0.151609
scene_13673,7,"(1, 2)","3,4",0.083866
scene_14389,7,"(1, 2)","1,2",0.121331
scene_12832,7,"(2, 3)","2,3",0.119398
scene_10770,8,"(0, 1)","2,3",0.158066
scene_12886,7,"(0, 1)","2,3",0.048956
scene_10596,8,"(3, 4)","1,2",0.180864
scene_14118,8,"(0, 1)","2,3",0.234774
scene_13834,7,"(2, 3)","1,2",0.186975
scene_14713,7,"(2, 3)","2,3",0.096224
scene_14373,8,"(4, 5)","2,3",0.189534
scene_12294,8,"(2, 3)","2,3",0.120003
scene_10831,7,"(0, 1)","2,6",0.041446
scene_12560,8,"(5, 6)","1,2",0.274421
scene_10594,8,"(3, 4)","1,2",0.094596
scene_10701,7,"(4, 5)","2,3",0.130325
scene_14856,7,"(0, 1)","2,3",0.060057
scene_14556,7,"(3, 4)","1,2",0.081054
scene_12373,8,"(0, 1)","2,3",0.076232
scene_14305,8,"(4, 5)","1,2",0.090003
scene_10155,8,"(2, 3)","2,3",0.177673
scene_14004,8,"(6, 7)","2,3",0.092658
scene_10018,8,"(5, 6)","2,3",0.265879
scene_14886,8,"(4, 5)","2,3",0.102790
scene_12582,8,"(6, 7)","4,5",0.122067
scene_12994,7,"(2, 3)","3,4",0.175268
scene_13671,5,"(1, 2)","2,3",0.042585
scene_11122,7,"(5, 6)","2,3",0.036275
scene_14068,7,"(0, 1)","1,2",0.070942
scene_13770,8,"(0, 1)","2,3",0.094876
scene_12870,8,"(5, 6)","1,2",0.100949
scene_14943,7,"(1, 2)","1,5",0.071949
scene_14868,8,"(6, 7)","1,2",0.101403
scene_14200,8,"(2, 3)","1,2",0.216128
scene_14133,7,"(0, 1)","2,3",0.035496
scene_13915,7,"(1, 2)","2,3",0.184210
scene_14388,7,"(0, 1)","1,2",0.015035
scene_13881,8,"(3, 4)","1,2",0.135151
scene_11689,8,"(2, 3)","2,3",0.214866
scene_13872,8,"(3, 4)","2,3",0.182805
scene_14560,8,"(5, 6)","1,2",0.137388
scene_11597,8,"(6, 7)","2,3",0.044324
scene_13643,7,"(2, 3)","1,2",0.156084
scene_11135,6,"(1, 2)","2,3",0.033143
scene_11891,8,"(2, 3)","2,3",0.103753
scene_13015,7,"(2, 3)","2,3",0.068240
scene_14580,7,"(1, 2)","2,3",0.085876
scene_11251,8,"(5, 6)","1,5",0.215128
scene_11492,8,"(2, 3)","2,3",0.217821
scene_14918,8,"(5, 6)","2,3",0.173533
scene_10724,8,"(5, 6)","1,5",0.223442
scene_10238,8,"(5, 6)","2,3",0.196290
scene_14358,8,"(0, 1)","4,5",0.073417
scene_13330,8,"(4, 5)","1,8",0.206407
scene_12701,8,"(5, 6)","2,3",0.096161
scene_13902,7,"(1, 2)","2,3",0.140308
scene_12339,8,"(4, 5)","2,3",0.137911
scene_11553,8,"(5, 6)","1,2",0.136033
scene_10296,8,"(1, 2)","1,2",0.166930
scene_10544,7,"(1, 2)","2,3",0.077478
scene_12943,8,"(3, 4)","1,2",0.132493
scene_13555,8,"(3, 4)","1,2",0.119952
scene_14782,8,"(2, 3)","2,3",0.101690
scene_11835,7,"(5, 6)","2,3",0.086712
scene_12333,8,"(5, 6)","2,3",0.084002
scene_12625,8,"(4, 5)","4,5",0.089323
scene_13647,8,"(1, 2)","1,2",0.199958
scene_10251,7,"(5, 6)","2,3",0.174561
scene_14652,8,"(2, 3)","1,8",0.108745
scene_11662,8,"(6, 7)","2,3",0.162216
scene_13286,8,"(6, 7)","1,2",0.161708
scene_11066,6,"(0, 1)","2,3",0.020505
scene_14552,7,"(1, 2)","2,3",0.078026
scene_10758,7,"(0, 1)","3,4",0.064976
scene_13966,5,"(2, 3)","2,3",0.031243
scene_12106,8,"(3, 4)","2,3",0.210501
scene_11912,8,"(2, 3)","2,3",0.189348
scene_11866,8,"(0, 1)","1,2",0.147998
scene_14091,7,"(1, 2)","1,2",0.104207
scene_11679,6,"(4, 5)","2,3",0.274810
scene_13645,8,"(5, 6)","1,2",0.232513
scene_14641,8,"(2, 3)","1,2",0.193585
scene_13642,6,"(1, 2)","2,3",0.162982
scene_14928,8,"(5, 6)","2,3",0.083793
scene_13988,6,"(3, 4)","2,3",0.162392
scene_13584,8,"(3, 4)","2,3",0.103359
scene_12646,7,"(5, 6)","1,2",0.133089
scene_10673,6,"(3, 4)","2,3",0.126417
scene_11677,7,"(1, 2)","2,3",0.155882
scene_10794,6,"(2, 3)","1,2",0.062934
scene_10590,8,"(1, 2)","2,3",0.229902
scene_11002,8,"(1, 2)","3,4",0.231830
scene_10640,7,"(5, 6)","2,3",0.058680
scene_14797,7,"(4, 5)","1,2",0.131085
scene_12019,7,"(4, 5)","1,6",0.287950
scene_14016,7,"(2, 3)","2,3",0.089742
scene_10957,7,"(5, 6)","1,2",0.101841
scene_14182,8,"(4, 5)","2,3",0.239871
scene_14170,7,"(3, 4)","1,2",0.075789
scene_13204,8,"(4, 5)","1,2",0.168437
scene_10961,6,"(3, 4)","2,3",0.041943
scene_14081,8,"(2, 3)","2,3",0.089993
scene_10588,8,"(1, 2)","2,3",0.251923
scene_11650,7,"(1, 2)","1,2",0.043113
scene_11856,8,"(4, 5)","2,3",0.190920
scene_10832,8,"(3, 4)","3,4",0.228940
scene_11967,7,"(0, 1)","1,5",0.054466
scene_11476,8,"(6, 7)","2,3",0.122911
scene_14734,8,"(0, 1)","3,4",0.108998
scene_13927,8,"(6, 7)","1,2",0.153003
scene_10839,8,"(0, 1)","2,3",0.059389
scene_14884,7,"(1, 2)","2,3",0.140946
scene_11931,7,"(5, 6)","1,2",0.190078
scene_13839,7,"(1, 2)","2,3",0.077676
scene_14879,7,"(5, 6)","2,3",0.081125
scene_12785,8,"(3, 4)","2,3",0.301385
scene_14864,7,"(4, 5)","2,3",0.216919
scene_11106,8,"(0, 1)","3,4",0.084203
scene_14207,7,"(3, 4)","2,3",0.075424
scene_10394,7,"(3, 4)","2,3",0.239836
scene_11012,8,"(4, 5)","2,3",0.328172
scene_10810,8,"(3, 4)","3,4",0.256315
scene_12023,8,"(4, 5)","1,2",0.123129
scene_12513,8,"(2, 3)","3,4",0.184248
scene_11138,8,"(4, 5)","2,3",0.110228
scene_13137,8,"(6, 7)","2,3",0.075100
scene_14021,8,"(0, 1)","2,3",0.082719
scene_11972,7,"(5, 6)","2,3",0.036544
scene_12817,7,"(5, 6)","2,3",0.125422
scene_10180,8,"(0, 1)","1,2",0.088059
scene_12508,7,"(5, 6)","1,2",0.253273
scene_11026,7,"(4, 5)","1,2",0.202799
scene_10854,8,"(6, 7)","2,3",0.141092
scene_10202,8,"(2, 3)","1,2",0.071526
scene_13177,8,"(6, 7)","2,3",0.188141
scene_11224,8,"(5, 6)","2,3",0.133956
scene_11609,7,"(2, 3)","1,2",0.065544
scene_10256,7,"(0, 1)","2,3",0.029463
scene_13390,8,"(2, 3)","1,2",0.174591
scene_12396,6,"(3, 4)","1,2",0.271988
scene_11162,8,"(1, 2)","2,3",0.108405
scene_10693,7,"(3, 4)","2,3",0.138641
scene_14823,8,"(0, 1)","1,5",0.100504
scene_12376,7,"(5, 6)","2,3",0.187678
scene_11103,7,"(5, 6)","1,5",0.094077
scene_12677,8,"(2, 3)","3,4",0.344018
scene_14213,7,"(4, 5)","4,5",0.149973
scene_11040,8,"(6, 7)","1,2",0.194582
scene_10163,8,"(1, 2)","1,2",0.182001
scene_14405,7,"(4, 5)","1,2",0.169485
scene_14595,8,"(0, 1)","3,4",0.138132
scene_11996,8,"(6, 7)","2,3",0.068323
scene_10000,8,"(5, 6)","1,2",0.166479
scene_14469,8,"(2, 3)","1,6",0.115074
scene_11291,7,"(5, 6)","3,4",0.114097
scene_13985,8,"(4, 5)","2,3",0.127153
scene_14117,7,"(4, 5)","2,3",0.150967
scene_11284,7,"(1, 2)","2,3",0.144568
scene_10875,8,"(1, 2)","1,2",0.074390
scene_10559,8,"(2, 3)","3,4",0.105860
scene_12707,7,"(1, 2)","1,2",0.099904
scene_10294,8,"(4, 5)","2,3",0.170083
scene_12516,8,"(6, 7)","3,4",0.103294
scene_11174,7,"(4, 5)","2,3",0.092357
scene_13936,7,"(0, 1)","1,2",0.096582
scene_12729,8,"(4, 5)","2,3",0.192992
scene_12340,7,"(2, 3)","1,6",0.140988
scene_10022,5,"(3, 4)","2,3",0.043151
scene_13931,8,"(0, 1)","2,3",0.084634
scene_10146,8,"(0, 1)","1,2",0.083689
scene_12947,7,"(2, 3)","2,3",0.157361
scene_11018,8,"(6, 7)","2,3",0.084651
scene_10117,7,"(2, 3)","1,2",0.202787
scene_13443,7,"(1, 2)","2,3",0.161611
scene_12767,7,"(0, 1)","2,3",0.023695
scene_14591,6,"(1, 2)","1,2",0.250588
scene_14149,8,"(4, 5)","1,2",0.177714
scene_14249,6,"(0, 1)","1,2",0.056504
scene_13962,7,"(0, 1)","2,3",0.002646
scene_10717,8,"(5, 6)","2,3",0.229563
scene_14558,8,"(3, 4)","1,3",0.157117
scene_14866,8,"(6, 7)","2,3",0.073830
scene_11874,8,"(0, 1)","3,4",0.148595
scene_10071,8,"(6, 7)","2,3",0.060966
scene_13454,8,"(4, 5)","2,3",0.126235
scene_10061,8,"(6, 7)","1,2",0.292198
scene_12223,8,"(1, 2)","2,3",0.142916
scene_13500,8,"(1, 2)","2,3",0.135588
scene_12375,7,"(5, 6)","3,4",0.059154
scene_11745,7,"(3, 4)","3,4",0.075993
scene_10042,7,"(4, 5)","2,3",0.198872
scene_14150,7,"(1, 2)","2,3",0.153602
scene_14528,7,"(2, 3)","1,2",0.073365
scene_12051,8,"(4, 5)","2,3",0.191129
scene_10331,7,"(4, 5)","1,2",0.085985
scene_14981,7,"(3, 4)","1,2",0.168834
scene_10377,7,"(1, 2)","3,4",0.165786
scene_14275,7,"(4, 5)","2,3",0.052779
scene_13257,8,"(6, 7)","1,2",0.058054
scene_14749,7,"(5, 6)","2,3",0.175307
scene_10915,8,"(5, 6)","3,4",0.181425
scene_12619,8,"(1, 2)","2,3",0.145288
scene_10436,7,"(5, 6)","2,3",0.128797
scene_10730,6,"(2, 3)","3,4",0.038437
scene_13768,8,"(3, 4)","1,3",0.092964
scene_14465,7,"(5, 6)","2,3",0.119106
scene_11145,8,"(5, 6)","3,4",0.119381
scene_12094,8,"(2, 3)","2,3",0.054028
scene_14942,8,"(3, 4)","2,3",0.124205
scene_13122,8,"(4, 5)","2,3",0.223603
scene_14532,7,"(3, 4)","3,4",0.148050
scene_11089,8,"(0, 1)","2,3",0.092542
scene_10088,8,"(1, 2)","1,2",0.259271
scene_14665,8,"(1, 2)","1,2",0.096392
scene_14888,8,"(0, 1)","2,3",0.092100
scene_10221,8,"(2, 3)","2,6",0.064160
scene_11248,7,"(0, 1)","1,4",0.021355
scene_11201,7,"(4, 5)","2,3",0.048576
scene_14789,8,"(4, 5)","1,2",0.211525
scene_14187,8,"(1, 2)","2,3",0.103775
scene_11058,8,"(4, 5)","2,3",0.337892
scene_10133,8,"(1, 2)","2,3",0.159387
scene_10032,7,"(0, 1)","2,3",0.043880
scene_11480,7,"(0, 1)","2,3",0.206900
scene_10225,7,"(5, 6)","2,3",0.276674
scene_10858,8,"(5, 6)","2,3",0.220052
scene_11076,8,"(0, 1)","1,2",0.091382
scene_10870,8,"(1, 2)","2,3",0.289648
scene_14309,6,"(0, 1)","2,3",0.020116
scene_11156,7,"(0, 1)","1,2",0.054856
scene_14271,8,"(6, 7)","1,2",0.068679
scene_11803,7,"(2, 3)","2,3",0.275412
scene_12675,7,"(0, 1)","2,6",0.083668
scene_11905,7,"(4, 5)","1,2",0.051955
scene_10297,7,"(1, 2)","2,3",0.088543
scene_13978,8,"(2, 3)","3,4",0.190511
scene_10631,8,"(5, 6)","3,4",0.216284
scene_10371,8,"(3, 4)","1,2",0.185615
scene_11340,8,"(1, 2)","2,3",0.112793
scene_10030,8,"(4, 5)","1,2",0.118773
scene_12769,7,"(1, 2)","2,3",0.218597
scene_14893,8,"(5, 6)","3,4",0.106455
scene_12731,7,"(4, 5)","2,3",0.192523
scene_13763,8,"(4, 5)","2,3",0.222566
scene_13675,7,"(3, 4)","3,4",0.154177
scene_13214,7,"(1, 2)","2,3",0.183763
scene_11669,7,"(3, 4)","2,3",0.090530
scene_14606,8,"(6, 7)","1,2",0.103073
scene_14814,7,"(3, 4)","1,2",0.141329
scene_13794,8,"(1, 2)","1,2",0.154130
scene_13607,8,"(0, 1)","2,3",0.135253
scene_12252,8,"(0, 1)","2,3",0.089102
scene_14258,8,"(5, 6)","1,2",0.056655
scene_11637,7,"(3, 4)","3,4",0.267485
scene_10047,8,"(2, 3)","1,2",0.276309
scene_10676,7,"(3, 4)","1,2",0.173306
scene_13446,8,"(3, 4)","2,5",0.073701
scene_11783,8,"(3, 4)","2,3",0.125685
scene_14082,6,"(0, 1)","2,3",0.191239
scene_11462,8,"(5, 6)","2,3",0.132547
scene_11616,7,"(5, 6)","2,3",0.040612
scene_11315,7,"(5, 6)","3,4",0.152307
scene_10432,8,"(0, 1)","2,3",0.139703
scene_13699,8,"(0, 1)","1,2",0.070953
scene_14468,7,"(3, 4)","2,3",0.324231
scene_13351,7,"(5, 6)","1,2",0.180970
scene_10901,7,"(2, 3)","2,3",0.071778
scene_13219,7,"(0, 1)","2,3",0.045492
scene_10723,7,"(1, 2)","1,6",0.223872
scene_10337,8,"(1, 2)","2,3",0.328106
scene_12185,8,"(1, 2)","2,3",0.222657
scene_10996,8,"(4, 5)","1,3",0.133731
scene_11279,8,"(3, 4)","2,3",0.093504
scene_13268,8,"(1, 2)","1,2",0.173157
scene_13043,8,"(3, 4)","2,8",0.098911
scene_13861,7,"(1, 2)","2,3",0.079245
scene_11182,7,"(2, 3)","1,2",0.063943
scene_11330,8,"(3, 4)","3,4",0.127454
scene_13912,7,"(1, 2)","2,3",0.080663
scene_13452,7,"(0, 1)","2,3",0.102778
scene_11275,7,"(3, 4)","1,2",0.213379
scene_13836,8,"(6, 7)","2,3",0.065100
scene_14066,6,"(4, 5)","2,3",0.106077
scene_10876,7,"(0, 1)","2,3",0.014101
scene_13484,8,"(0, 1)","2,3",0.108537
scene_10293,8,"(5, 6)","1,2",0.153806
scene_10056,8,"(4, 5)","2,3",0.089708
scene_10474,8,"(6, 7)","2,3",0.201439
scene_13053,7,"(0, 1)","1,2",0.000845
scene_10918,8,"(0, 1)","3,4",0.088170
scene_14815,8,"(6, 7)","2,3",0.080873
scene_11730,7,"(1, 2)","1,2",0.265852
scene_13934,8,"(1, 2)","1,2",0.123992
scene_14160,7,"(3, 4)","1,2",0.135146
scene_10348,7,"(3, 4)","2,3",0.092785
scene_13481,7,"(3, 4)","1,2",0.117582
scene_14038,7,"(1, 2)","1,2",0.066587
scene_11157,8,"(6, 7)","2,3",0.078296
scene_13350,8,"(3, 4)","3,4",0.049554
scene_11447,6,"(0, 1)","2,3",0.277736
scene_10418,7,"(1, 2)","1,2",0.116593
scene_10712,8,"(3, 4)","2,3",0.158308
scene_12150,8,"(0, 1)","3,4",0.070718
scene_14803,8,"(3, 4)","2,3",0.074815
scene_11658,8,"(2, 3)","2,3",0.180078
scene_14570,7,"(3, 4)","2,3",0.304279
scene_10101,7,"(2, 3)","1,2",0.301465
scene_11613,8,"(3, 4)","2,8",0.149912
scene_11434,8,"(5, 6)","2,3",0.138471
scene_10759,8,"(5, 6)","1,2",0.183997
scene_14903,8,"(6, 7)","2,3",0.078365
scene_13166,7,"(4, 5)","2,3",0.214984
scene_13197,8,"(5, 6)","2,3",0.161908
scene_12357,8,"(5, 6)","2,3",0.060959
scene_11071,8,"(3, 4)","2,3",0.141608
scene_12893,8,"(1, 2)","2,3",0.094752
scene_11097,7,"(1, 2)","2,3",0.075467
scene_12756,7,"(2, 3)","1,2",0.266106
scene_12143,8,"(1, 2)","2,3",0.161515
scene_12216,7,"(0, 1)","2,3",0.001168
scene_12710,7,"(4, 5)","2,3",0.086518
scene_13240,8,"(5, 6)","2,3",0.198710
scene_11982,8,"(4, 5)","3,4",0.104460
scene_11453,8,"(0, 1)","1,2",0.046309
scene_10389,7,"(5, 6)","1,2",0.211992
scene_13393,8,"(2, 3)","1,4",0.158552
scene_10934,7,"(0, 1)","2,3",0.031349
scene_14851,7,"(0, 1)","2,3",0.062819
scene_14921,8,"(4, 5)","2,3",0.127852
scene_10433,6,"(3, 4)","2,3",0.191446
scene_13545,8,"(4, 5)","2,3",0.125302
scene_13692,7,"(4, 5)","2,3",0.060491
scene_10078,8,"(1, 2)","1,2",0.274593
scene_13463,8,"(0, 1)","1,6",0.158508
scene_14709,8,"(4, 5)","2,3",0.088170
scene_14100,7,"(0, 1)","3,4",0.026337
scene_11244,7,"(1, 2)","2,3",0.111309
scene_10402,7,"(0, 1)","1,2",0.027601
scene_13002,8,"(4, 5)","2,3",0.086414
scene_11188,8,"(0, 1)","3,4",0.064984
scene_14099,5,"(1, 2)","2,3",0.053354
scene_12758,6,"(3, 4)","2,3",0.168385
scene_12055,8,"(0, 1)","1,4",0.119817
scene_14882,7,"(4, 5)","2,3",0.178663
scene_10010,8,"(1, 2)","2,3",0.216549
scene_13109,8,"(4, 5)","1,2",0.205697
scene_12828,8,"(4, 5)","2,3",0.165182
scene_12610,8,"(0, 1)","4,5",0.130642
scene_14932,7,"(4, 5)","1,2",0.099018
scene_10847,8,"(0, 1)","2,3",0.147984
scene_13605,8,"(3, 4)","3,4",0.304878
scene_12397,8,"(5, 6)","1,2",0.074110
scene_12464,7,"(4, 5)","2,3",0.051571
scene_12849,8,"(4, 5)","1,6",0.225750
scene_13721,7,"(4, 5)","2,3",0.295601
scene_13304,8,"(2, 3)","1,2",0.149457
scene_10892,8,"(2, 3)","2,3",0.138240
scene_11714,8,"(1, 2)","1,2",0.262127
scene_10364,7,"(5, 6)","2,3",0.056936
scene_11748,8,"(5, 6)","2,3",0.276323
scene_14205,7,"(2, 3)","1,6",0.052731
scene_13269,8,"(1, 2)","5,6",0.124109
scene_12104,7,"(2, 3)","1,2",0.142187
scene_13544,7,"(3, 4)","2,3",0.132640
scene_14950,5,"(1, 2)","2,3",0.140923
scene_14030,8,"(5, 6)","2,3",0.141897
scene_13784,7,"(5, 6)","2,3",0.054910
scene_14542,7,"(2, 3)","1,2",0.166859
scene_10428,7,"(3, 4)","2,3",0.178273
scene_13964,8,"(2, 3)","1,2",0.121390
scene_12774,8,"(6, 7)","2,3",0.233332
scene_10799,8,"(0, 1)","2,3",0.135025
scene_10743,6,"(0, 1)","2,3",0.057278
scene_10084,7,"(3, 4)","2,3",0.114742
scene_10096,8,"(4, 5)","2,3",0.130685
scene_13220,5,"(0, 1)","3,4",0.035745
scene_12888,7,"(0, 1)","1,2",0.036770
scene_12740,7,"(4, 5)","2,3",0.256887
scene_12792,8,"(1, 2)","2,3",0.085120
scene_13095,8,"(4, 5)","1,6",0.091753
scene_10552,8,"(2, 3)","2,3",0.232503
scene_13922,8,"(1, 2)","2,3",0.184074
scene_11981,5,"(2, 3)","2,3",0.041988
scene_10268,7,"(0, 1)","1,2",0.044294
scene_12180,7,"(1, 2)","2,3",0.157272
scene_11075,8,"(2, 3)","2,3",0.255128
scene_12380,8,"(2, 3)","1,2",0.121203
scene_14241,7,"(1, 2)","1,2",0.095579
scene_12486,7,"(3, 4)","1,2",0.257129
scene_11953,7,"(4, 5)","2,3",0.065406
scene_11319,7,"(5, 6)","1,2",0.163222
scene_13994,7,"(2, 3)","2,3",0.121919
scene_12611,8,"(4, 5)","2,3",0.115588
scene_11636,8,"(6, 7)","2,3",0.066972
scene_13098,8,"(5, 6)","2,3",0.179702
scene_14461,5,"(0, 1)","2,3",0.077002
scene_13067,8,"(5, 6)","2,3",0.093550
scene_13563,8,"(6, 7)","2,3",0.221388
scene_10052,8,"(4, 5)","2,3",0.124745
scene_10473,8,"(2, 3)","2,5",0.128483
scene_12249,7,"(5, 6)","1,6",0.204817
scene_12599,8,"(0, 1)","3,4",0.123862
scene_12193,6,"(1, 2)","1,2",0.072866
scene_14863,8,"(2, 3)","2,3",0.068772
scene_11900,8,"(0, 1)","2,3",0.085588
scene_13121,7,"(0, 1)","1,2",0.014498
scene_10320,8,"(5, 6)","2,3",0.061296
scene_13851,7,"(4, 5)","2,3",0.208346
scene_10873,8,"(1, 2)","2,3",0.070340
scene_12243,8,"(2, 3)","1,2",0.100947
scene_10097,6,"(2, 3)","1,6",0.094807
scene_11150,6,"(4, 5)","1,2",0.078097
scene_13258,8,"(1, 2)","1,2",0.156607
scene_13620,7,"(5, 6)","2,3",0.143154
scene_13206,7,"(2, 3)","2,3",0.189156
scene_14314,7,"(1, 2)","1,2",0.127254
scene_11408,8,"(5, 6)","2,3",0.102889
scene_11399,8,"(5, 6)","2,3",0.122043
scene_13441,8,"(6, 7)","1,2",0.084787
scene_12415,8,"(2, 3)","1,2",0.234793
scene_11197,7,"(4, 5)","2,3",0.094545
scene_11708,7,"(3, 4)","2,3",0.109170
scene_13528,7,"(2, 3)","1,2",0.121155
scene_10196,6,"(0, 1)","2,3",0.000849
scene_13677,8,"(0, 1)","2,3",0.088160
scene_12624,8,"(5, 6)","2,3",0.111584
scene_14097,7,"(3, 4)","2,3",0.048586
scene_12269,8,"(6, 7)","1,2",0.125490
scene_10490,8,"(2, 3)","2,3",0.168627
scene_14425,8,"(0, 1)","1,2",0.150110
scene_12840,8,"(0, 1)","1,2",0.072360
scene_11623,7,"(2, 3)","1,2",0.211728
scene_13707,7,"(1, 2)","1,2",0.080598
scene_11682,7,"(5, 6)","1,2",0.180091
scene_13635,8,"(2, 3)","2,3",0.128073
scene_11581,8,"(1, 2)","2,3",0.177505
scene_11116,7,"(5, 6)","2,3",0.229263
scene_13726,7,"(3, 4)","1,4",0.144731
scene_10392,7,"(4, 5)","1,2",0.100195
scene_13418,8,"(5, 6)","1,2",0.206008
scene_10086,7,"(3, 4)","1,2",0.342626
scene_11335,8,"(4, 5)","1,2",0.215556
scene_13596,7,"(0, 1)","1,2",0.043233
scene_13543,7,"(0, 1)","2,3",0.120062
scene_11141,7,"(0, 1)","1,5",0.001895
scene_13376,7,"(5, 6)","2,3",0.190773
scene_13822,7,"(1, 2)","2,3",0.101001
scene_10650,8,"(4, 5)","2,3",0.182862
scene_12902,7,"(0, 1)","2,3",0.001258
scene_11917,8,"(6, 7)","2,3",0.072195
scene_14578,7,"(2, 3)","2,3",0.267991
scene_13824,8,"(4, 5)","1,2",0.134134
scene_13996,6,"(4, 5)","2,3",0.237253
scene_14766,8,"(1, 2)","2,3",0.084298
scene_10041,7,"(3, 4)","2,3",0.150078
scene_14853,7,"(1, 2)","2,3",0.148416
scene_13797,8,"(0, 1)","2,3",0.075008
scene_14312,8,"(2, 3)","2,3",0.221436
scene_14438,8,"(2, 3)","1,2",0.117138
scene_10999,7,"(0, 1)","1,2",0.021561
scene_10073,8,"(2, 3)","2,3",0.156758
scene_12932,7,"(1, 2)","2,3",0.110800
scene_13093,8,"(5, 6)","1,2",0.137537
scene_14134,8,"(1, 2)","2,3",0.225707
scene_11405,6,"(0, 1)","1,2",0.055363
scene_12160,7,"(2, 3)","2,3",0.131130
scene_11975,7,"(4, 5)","2,3",0.095856
scene_11831,8,"(6, 7)","3,4",0.115392
scene_13856,7,"(3, 4)","1,2",0.157062
scene_13055,8,"(4, 5)","2,3",0.185577
scene_11767,7,"(5, 6)","2,3",0.219653
scene_12454,8,"(1, 2)","1,2",0.090920
scene_12350,7,"(1, 2)","1,2",0.137505
scene_12983,8,"(6, 7)","2,3",0.075605
scene_13086,8,"(1, 2)","1,2",0.299595
scene_12482,8,"(6, 7)","1,2",0.141421
scene_13168,8,"(6, 7)","2,3",0.175956
scene_14308,7,"(1, 2)","1,2",0.115371
scene_14313,8,"(3, 4)","2,3",0.102024
scene_10484,7,"(0, 1)","2,3",0.060412
scene_11983,8,"(1, 2)","2,3",0.181997
scene_10861,8,"(5, 6)","2,3",0.210449
scene_10482,8,"(2, 3)","1,2",0.085853
scene_14757,7,"(3, 4)","1,5",0.208166
scene_13539,6,"(1, 2)","2,3",0.046952
scene_12496,8,"(2, 3)","1,2",0.082020
scene_10266,7,"(1, 2)","3,4",0.125325
scene_14627,7,"(5, 6)","2,3",0.136782
scene_12565,8,"(0, 1)","3,4",0.053579
scene_10431,7,"(3, 4)","3,4",0.080452
scene_14379,8,"(6, 7)","1,2",0.075404
scene_13158,8,"(0, 1)","3,4",0.094782
scene_11028,7,"(3, 4)","2,3",0.274896
scene_11744,7,"(1, 2)","3,4",0.128303
scene_12451,7,"(1, 2)","2,3",0.054103
scene_10931,6,"(3, 4)","2,3",0.038293
scene_12203,8,"(2, 3)","2,3",0.100496
scene_12115,8,"(2, 3)","2,3",0.099515
scene_12314,7,"(1, 2)","0,1",0.151071
scene_11533,6,"(1, 2)","2,3",0.089664
scene_12920,7,"(0, 1)","3,4",0.000812
scene_14166,8,"(5, 6)","2,3",0.098791
scene_11651,7,"(1, 2)","2,3",0.169390
scene_11358,7,"(3, 4)","2,3",0.057370
scene_13821,8,"(2, 3)","2,3",0.188724
scene_13679,8,"(2, 3)","2,3",0.205442
scene_12948,8,"(6, 7)","2,3",0.049935
scene_11663,7,"(0, 1)","2,3",0.044878
scene_13265,8,"(6, 7)","1,2",0.074210
scene_12377,8,"(2, 3)","1,2",0.103367
scene_12073,8,"(2, 3)","1,3",0.093808
scene_11709,8,"(5, 6)","1,2",0.092473
scene_10036,7,"(4, 5)","2,3",0.182966
scene_11080,8,"(3, 4)","1,2",0.189736
scene_14153,7,"(5, 6)","1,2",0.089633
scene_13432,8,"(6, 7)","3,4",0.107181
scene_12863,7,"(4, 5)","1,2",0.174559
scene_11292,4,"(1, 2)","2,3",0.052832
scene_12976,7,"(0, 1)","2,3",0.197362
scene_12639,8,"(0, 1)","1,4",0.088556
scene_10143,7,"(2, 3)","1,2",0.274925
scene_12881,6,"(1, 2)","2,3",0.061578
scene_13869,7,"(4, 5)","2,3",0.172256
scene_14809,7,"(2, 3)","1,2",0.247646
scene_14862,8,"(0, 1)","2,3",0.114722
scene_12075,8,"(0, 1)","2,3",0.197435
scene_11699,7,"(4, 5)","3,4",0.256853
scene_10897,8,"(3, 4)","1,2",0.147794
scene_14587,6,"(2, 3)","1,2",0.087536
scene_13085,7,"(5, 6)","1,2",0.235432
scene_11755,8,"(6, 7)","2,3",0.065368
scene_12773,7,"(2, 3)","2,3",0.268067
scene_10283,6,"(3, 4)","1,2",0.191983
scene_12754,7,"(4, 5)","1,5",0.133950
scene_10065,8,"(4, 5)","2,3",0.230446
scene_11059,8,"(0, 1)","3,4",0.081362
scene_12744,8,"(3, 4)","3,4",0.108065
scene_10305,8,"(4, 5)","1,2",0.155940
scene_12488,7,"(1, 2)","1,2",0.136341
scene_14977,8,"(2, 3)","1,2",0.190333
scene_11354,6,"(0, 1)","2,3",0.042357
scene_13222,8,"(5, 6)","2,3",0.145294
scene_10007,8,"(3, 4)","1,2",0.252229
scene_10104,8,"(0, 1)","1,8",0.086854
scene_11406,7,"(4, 5)","2,3",0.118708
scene_10534,8,"(6, 7)","2,3",0.062156
scene_14829,8,"(4, 5)","2,3",0.139374
scene_13798,8,"(5, 6)","2,3",0.067304
scene_13270,8,"(5, 6)","3,4",0.195952
scene_11851,8,"(5, 6)","2,3",0.096817
scene_13540,8,"(5, 6)","2,6",0.128674
scene_13709,8,"(5, 6)","1,2",0.143978
scene_12251,7,"(1, 2)","2,3",0.058556
scene_12887,8,"(2, 3)","3,4",0.140980
scene_12183,7,"(3, 4)","1,2",0.180132
scene_12393,8,"(0, 1)","2,3",0.089034
scene_13878,8,"(5, 6)","1,4",0.146066
scene_12575,7,"(2, 3)","2,3",0.190253
scene_10008,6,"(4, 5)","1,2",0.058830
scene_14114,8,"(2, 3)","3,4",0.148185
scene_14080,8,"(5, 6)","2,3",0.134464
scene_13209,8,"(6, 7)","1,2",0.129271
scene_11768,6,"(0, 1)","2,3",0.276394
scene_12036,8,"(5, 6)","2,3",0.099548
scene_14959,7,"(2, 3)","2,3",0.089270
scene_12234,6,"(4, 5)","1,6",0.238820
scene_11239,7,"(2, 3)","1,2",0.106438
scene_10825,8,"(5, 6)","1,6",0.201809
scene_10894,8,"(3, 4)","1,2",0.168987
scene_12940,8,"(2, 3)","2,3",0.102134
scene_14897,8,"(3, 4)","2,3",0.143939
scene_12972,7,"(5, 6)","3,4",0.061796
scene_14168,8,"(2, 3)","2,3",0.184845
scene_14424,8,"(4, 5)","2,3",0.058132
scene_10916,8,"(1, 2)","1,2",0.142481
scene_11370,7,"(1, 2)","2,3",0.081399
scene_11855,6,"(3, 4)","2,3",0.091152
scene_10092,7,"(5, 6)","2,3",0.079342
scene_13079,8,"(3, 4)","2,3",0.254253
scene_10167,7,"(5, 6)","2,3",0.163307
scene_10709,8,"(5, 6)","2,3",0.094158
scene_10923,7,"(1, 2)","3,4",0.085189
scene_14836,7,"(4, 5)","2,3",0.296768
scene_11954,8,"(4, 5)","2,3",0.142535
scene_14564,7,"(2, 3)","2,3",0.237203
scene_10969,8,"(3, 4)","2,3",0.141733
scene_12664,7,"(4, 5)","2,3",0.277309
scene_14132,8,"(6, 7)","1,8",0.203551
scene_10814,8,"(0, 1)","3,4",0.063807
scene_11705,8,"(2, 3)","1,2",0.149662
scene_11169,8,"(2, 3)","2,3",0.100050
scene_12097,8,"(1, 2)","2,3",0.108800
scene_11132,8,"(3, 4)","2,3",0.197151
scene_11167,7,"(4, 5)","1,2",0.274838
scene_12728,8,"(4, 5)","2,3",0.086218
scene_13786,7,"(5, 6)","2,3",0.229853
scene_13553,7,"(2, 3)","1,2",0.092033
scene_11450,6,"(3, 4)","1,2",0.076813
scene_11515,8,"(3, 4)","3,4",0.155856
scene_10837,8,"(3, 4)","1,2",0.176033
scene_10051,8,"(5, 6)","2,3",0.142193
scene_11514,8,"(1, 2)","2,3",0.251324
scene_12293,8,"(4, 5)","2,3",0.121789
scene_14239,8,"(3, 4)","1,8",0.133964
scene_11776,8,"(6, 7)","2,3",0.176151
scene_14705,8,"(6, 7)","3,4",0.097168
scene_14297,8,"(5, 6)","1,6",0.203147
scene_12107,8,"(1, 2)","2,3",0.138914
scene_14651,8,"(5, 6)","1,2",0.182913
scene_10583,8,"(0, 1)","1,4",0.153775
scene_11369,7,"(2, 3)","2,3",0.292618
scene_13255,7,"(4, 5)","2,3",0.352952
scene_12308,7,"(5, 6)","1,6",0.071252
scene_10519,8,"(5, 6)","1,2",0.171903
scene_11985,7,"(4, 5)","2,3",0.063369
scene_13062,8,"(2, 3)","1,2",0.177028
scene_10162,8,"(0, 1)","1,6",0.182861
scene_12658,8,"(6, 7)","3,4",0.189656
scene_11779,7,"(1, 2)","1,8",0.247859
scene_11233,8,"(5, 6)","3,4",0.112545
scene_12814,8,"(2, 3)","2,3",0.061720
scene_12369,7,"(1, 2)","2,3",0.068888
scene_13223,7,"(1, 2)","1,2",0.104584
scene_13346,4,"(0, 1)","2,3",0.060445
scene_13119,8,"(0, 1)","2,3",0.115470
scene_12276,7,"(0, 1)","1,2",0.145235
scene_11808,8,"(1, 2)","2,3",0.121164
scene_14009,8,"(3, 4)","2,3",0.249209
scene_10620,7,"(4, 5)","2,3",0.055292
scene_14404,6,"(0, 1)","1,2",0.059980
scene_11977,8,"(3, 4)","1,2",0.081034
scene_14474,8,"(3, 4)","1,2",0.188265
scene_10454,8,"(5, 6)","2,3",0.051193
scene_11273,8,"(4, 5)","2,3",0.087393
scene_13018,7,"(1, 2)","2,3",0.234540
scene_11643,8,"(5, 6)","2,3",0.115712
scene_11148,7,"(5, 6)","1,5",0.128385
scene_13865,8,"(3, 4)","3,4",0.090442
scene_12583,7,"(3, 4)","2,3",0.083741
scene_14022,6,"(3, 4)","2,3",0.134354
scene_14078,6,"(1, 2)","2,3",0.032038
scene_13281,7,"(1, 2)","2,3",0.153911
scene_12821,8,"(5, 6)","2,3",0.143739
scene_11781,8,"(5, 6)","2,3",0.068158
scene_12032,8,"(0, 1)","3,4",0.223418
scene_13292,8,"(6, 7)","3,4",0.059535
scene_12963,6,"(0, 1)","2,3",0.032829
scene_13263,7,"(3, 4)","2,6",0.159467
scene_11215,7,"(1, 2)","3,4",0.047796
scene_12191,8,"(1, 2)","1,2",0.180948
scene_13262,7,"(5, 6)","2,3",0.325415
scene_14965,8,"(4, 5)","4,5",0.124488
scene_13218,8,"(3, 4)","2,3",0.071671
scene_13897,7,"(0, 1)","3,4",0.028127
scene_14026,8,"(4, 5)","1,2",0.153330
scene_14835,8,"(1, 2)","2,3",0.165050
scene_10731,7,"(0, 1)","3,4",0.067767
scene_12807,7,"(3, 4)","2,3",0.123882
scene_14483,7,"(1, 2)","2,3",0.141137
scene_12875,8,"(6, 7)","2,3",0.136475
scene_11666,8,"(3, 4)","2,3",0.138023
scene_14963,8,"(5, 6)","1,2",0.215914
scene_12470,8,"(4, 5)","2,3",0.395193
scene_12372,8,"(4, 5)","1,2",0.144564
scene_10393,6,"(4, 5)","2,3",0.057428
scene_11382,8,"(2, 3)","2,3",0.162889
scene_13387,6,"(3, 4)","2,3",0.092988
scene_12606,8,"(4, 5)","1,2",0.238011
scene_10774,8,"(6, 7)","2,3",0.049106
scene_12937,6,"(4, 5)","2,3",0.070420
scene_11771,5,"(3, 4)","2,3",0.056523
scene_13844,7,"(4, 5)","1,2",0.256588
scene_10108,8,"(3, 4)","2,3",0.300613
scene_13810,7,"(1, 2)","1,2",0.157804
scene_13033,7,"(5, 6)","1,2",0.094502
scene_10603,8,"(6, 7)","1,2",0.276202
scene_11526,7,"(3, 4)","2,3",0.140022
scene_10742,8,"(3, 4)","2,3",0.230708
scene_11124,7,"(2, 3)","2,3",0.347195
scene_13019,7,"(1, 2)","2,3",0.163969
scene_12233,6,"(2, 3)","2,3",0.207967
scene_11847,7,"(4, 5)","1,2",0.110229
scene_10776,7,"(3, 4)","2,3",0.074980
scene_10602,5,"(1, 2)","2,3",0.081226
scene_14202,8,"(2, 3)","2,3",0.081134
scene_14410,7,"(3, 4)","2,3",0.330757
scene_12770,7,"(0, 1)","2,3",0.374111
scene_10470,7,"(5, 6)","1,6",0.199578
scene_12027,6,"(2, 3)","1,2",0.102436
scene_12256,7,"(1, 2)","2,3",0.106514
scene_14430,8,"(2, 3)","2,3",0.107372
scene_12008,8,"(2, 3)","2,3",0.396897
scene_13619,7,"(2, 3)","1,2",0.186852
scene_11551,7,"(4, 5)","2,3",0.109541
scene_13889,7,"(0, 1)","2,3",0.057150
scene_10834,8,"(1, 2)","1,2",0.203229
scene_14770,7,"(1, 2)","1,2",0.079095
scene_11513,8,"(1, 2)","2,3",0.142111
scene_10264,7,"(3, 4)","2,3",0.173245
scene_13340,8,"(5, 6)","2,3",0.122038
scene_13007,8,"(1, 2)","3,4",0.064671
scene_10643,8,"(5, 6)","2,3",0.132599
scene_10206,8,"(1, 2)","2,3",0.202540
scene_10446,8,"(0, 1)","1,2",0.092157
scene_10700,7,"(3, 4)","2,3",0.131428
scene_14701,8,"(3, 4)","2,3",0.233857
scene_14398,7,"(2, 3)","2,3",0.089935
scene_10043,8,"(4, 5)","2,3",0.096179
scene_11535,8,"(3, 4)","2,6",0.157614
scene_10197,8,"(3, 4)","2,3",0.188310
scene_12401,7,"(0, 1)","2,3",0.047121
scene_12322,8,"(1, 2)","1,2",0.159765
scene_11813,7,"(3, 4)","1,4",0.321845
scene_14572,8,"(3, 4)","3,4",0.245070
scene_13242,7,"(4, 5)","3,4",0.072619
scene_10150,7,"(5, 6)","2,3",0.183618
scene_11336,8,"(0, 1)","2,3",0.094854
scene_13427,8,"(6, 7)","1,2",0.187684
scene_11653,7,"(4, 5)","2,3",0.119215
scene_11857,7,"(3, 4)","1,2",0.336652
scene_12922,8,"(3, 4)","1,4",0.267601
scene_10515,8,"(0, 1)","2,3",0.083029
scene_10035,8,"(2, 3)","2,3",0.107623
scene_14553,8,"(2, 3)","1,2",0.244386
scene_12903,7,"(3, 4)","2,3",0.132530
scene_10080,8,"(6, 7)","2,3",0.098773
scene_14053,8,"(6, 7)","1,2",0.141426
scene_14634,8,"(3, 4)","2,3",0.162654
scene_12730,7,"(4, 5)","2,3",0.065145
scene_11401,8,"(5, 6)","2,3",0.146332
scene_12659,8,"(5, 6)","2,3",0.194650
scene_12936,8,"(4, 5)","2,3",0.137234
scene_13486,8,"(6, 7)","4,5",0.127255
scene_10429,8,"(4, 5)","2,3",0.073952
scene_12735,8,"(1, 2)","1,2",0.169930
scene_11618,5,"(3, 4)","1,2",0.057257
scene_14547,8,"(1, 2)","2,3",0.115172
scene_13141,6,"(2, 3)","3,4",0.174930
scene_10232,7,"(3, 4)","2,3",0.218621
scene_10978,8,"(3, 4)","3,4",0.187526
scene_10775,7,"(0, 1)","2,6",0.020697
scene_12581,6,"(3, 4)","1,2",0.140214
scene_12348,7,"(2, 3)","2,3",0.267941
scene_10352,8,"(5, 6)","2,3",0.203776
scene_10685,8,"(5, 6)","1,2",0.187460
scene_13474,8,"(6, 7)","3,4",0.067300
scene_10827,7,"(3, 4)","1,2",0.187608
scene_10684,8,"(5, 6)","2,3",0.097072
scene_10855,8,"(1, 2)","2,3",0.099837
scene_12752,8,"(6, 7)","2,3",0.098674
scene_14603,7,"(3, 4)","1,6",0.123219
scene_14902,7,"(1, 2)","2,3",0.058956
scene_13046,8,"(4, 5)","1,8",0.189513
scene_12776,8,"(4, 5)","3,4",0.081263
scene_13215,8,"(0, 1)","2,3",0.086127
scene_10800,8,"(3, 4)","1,2",0.254222
scene_14280,7,"(4, 5)","3,4",0.056743
scene_12590,8,"(4, 5)","2,3",0.210073
scene_12837,8,"(5, 6)","2,3",0.120298
scene_14505,6,"(0, 1)","4,5",0.060520
scene_10457,8,"(0, 1)","1,2",0.079000
scene_13256,8,"(5, 6)","2,3",0.109641
scene_12245,8,"(3, 4)","5,6",0.173593
scene_12118,7,"(1, 2)","1,2",0.055694
scene_10380,8,"(6, 7)","2,3",0.078555
scene_10189,8,"(3, 4)","1,2",0.165555
scene_14919,8,"(1, 2)","2,3",0.171127
scene_14093,8,"(0, 1)","1,2",0.085236
scene_10658,6,"(2, 3)","2,3",0.137399
scene_12329,8,"(3, 4)","1,2",0.122360
scene_12550,8,"(2, 3)","2,3",0.114369
scene_13941,5,"(1, 2)","1,2",0.076870
scene_11278,7,"(3, 4)","1,2",0.058801
scene_13426,8,"(2, 3)","2,3",0.139330
scene_10408,8,"(2, 3)","3,4",0.217208
scene_14060,8,"(6, 7)","1,2",0.088840
scene_11942,7,"(3, 4)","1,2",0.094962
scene_14982,6,"(2, 3)","2,3",0.107669
scene_12529,8,"(6, 7)","2,3",0.055374
scene_13035,7,"(3, 4)","3,4",0.073328
scene_13617,8,"(2, 3)","2,3",0.163539
scene_11070,8,"(6, 7)","2,3",0.100369
scene_14174,8,"(0, 1)","1,2",0.122260
scene_11454,7,"(3, 4)","1,2",0.170342
scene_13497,8,"(0, 1)","2,6",0.046589
scene_11796,8,"(5, 6)","1,2",0.048034
scene_14998,8,"(4, 5)","2,3",0.166889
scene_14443,8,"(0, 1)","1,2",0.072514
scene_11809,7,"(2, 3)","2,3",0.151890
scene_10641,7,"(1, 2)","3,4",0.232169
scene_12974,6,"(0, 1)","2,3",0.019929
scene_10887,8,"(6, 7)","2,3",0.090365
scene_11207,8,"(5, 6)","2,3",0.058552
scene_14342,8,"(0, 1)","2,3",0.052460
scene_14541,8,"(6, 7)","2,3",0.058488
scene_14178,7,"(0, 1)","1,2",0.040011
scene_11933,8,"(1, 2)","1,2",0.126025
scene_12491,7,"(1, 2)","3,4",0.200589
scene_11230,8,"(6, 7)","2,3",0.104633
scene_11659,8,"(0, 1)","2,3",0.058030
scene_10586,6,"(4, 5)","1,2",0.071139
scene_10403,8,"(1, 2)","1,2",0.148638
scene_11836,7,"(1, 2)","1,2",0.206610
scene_10098,8,"(1, 2)","1,2",0.074648
scene_10956,7,"(3, 4)","1,5",0.094842
scene_11654,8,"(5, 6)","2,3",0.076792
scene_10288,7,"(0, 1)","2,3",0.131960
scene_10677,7,"(4, 5)","2,3",0.172141
scene_11564,7,"(1, 2)","1,5",0.082063
scene_11303,8,"(3, 4)","1,2",0.152599
scene_11987,8,"(5, 6)","2,3",0.077367
scene_11384,8,"(2, 3)","2,3",0.109817
scene_13953,7,"(2, 3)","3,4",0.195814
scene_13971,8,"(1, 2)","2,3",0.305478
scene_10420,8,"(4, 5)","2,3",0.142130
scene_11814,7,"(4, 5)","1,2",0.105929
scene_12548,8,"(5, 6)","1,2",0.233352
scene_12265,8,"(5, 6)","3,4",0.127615
scene_11548,7,"(0, 1)","2,3",0.011995
scene_11430,8,"(6, 7)","6,7",0.055437
scene_14588,7,"(1, 2)","1,6",0.049369
scene_11428,7,"(2, 3)","2,3",0.221115
scene_10622,7,"(0, 1)","1,2",0.028413
scene_12119,8,"(4, 5)","3,4",0.114728
scene_13631,8,"(0, 1)","1,5",0.067086
scene_11368,8,"(2, 3)","2,3",0.156824
scene_13434,8,"(4, 5)","1,2",0.064529
scene_12013,8,"(5, 6)","3,4",0.097468
scene_10495,8,"(3, 4)","2,3",0.092796
scene_11079,8,"(3, 4)","1,2",0.151850
scene_10609,7,"(5, 6)","2,3",0.102172
scene_10346,8,"(1, 2)","2,3",0.231962
scene_10095,8,"(0, 1)","2,3",0.066831
scene_14485,7,"(4, 5)","2,3",0.256373
scene_13413,7,"(5, 6)","1,2",0.127205
scene_13725,8,"(6, 7)","2,3",0.109485
scene_12645,8,"(5, 6)","1,2",0.134610
scene_13816,7,"(1, 2)","1,2",0.135352
scene_14557,8,"(0, 1)","1,2",0.233223
scene_13044,8,"(5, 6)","1,2",0.286516
scene_14958,7,"(2, 3)","2,3",0.138587
scene_13320,7,"(5, 6)","1,2",0.158696
scene_11030,7,"(4, 5)","1,2",0.234842
scene_11062,8,"(6, 7)","2,3",0.164951
scene_10020,8,"(0, 1)","1,2",0.057419
scene_13723,8,"(6, 7)","2,3",0.146619
scene_12475,8,"(4, 5)","2,3",0.231178
scene_11109,8,"(6, 7)","2,3",0.087488
scene_14599,8,"(0, 1)","2,3",0.077461
scene_11890,7,"(2, 3)","1,5",0.118509
scene_12315,7,"(4, 5)","2,3",0.066267
scene_14771,8,"(3, 4)","2,3",0.091106
scene_13030,8,"(5, 6)","2,3",0.131352
scene_14940,7,"(2, 3)","2,3",0.266283
scene_10777,8,"(0, 1)","1,6",0.049855
scene_10667,8,"(4, 5)","2,3",0.137121
scene_11656,7,"(5, 6)","1,2",0.059111
scene_13714,8,"(2, 3)","1,5",0.105712
scene_11196,8,"(0, 1)","1,2",0.079404
scene_11395,7,"(3, 4)","1,2",0.265265
scene_11649,7,"(3, 4)","2,3",0.095823
scene_14291,7,"(0, 1)","1,2",0.000926
scene_10385,5,"(3, 4)","2,3",0.075446
scene_10560,8,"(2, 3)","1,2",0.118570
scene_11042,8,"(5, 6)","1,2",0.259124
scene_13686,8,"(6, 7)","1,2",0.060196
scene_10903,8,"(3, 4)","2,3",0.184390
scene_10505,7,"(5, 6)","1,2",0.048110
scene_11601,8,"(1, 2)","1,2",0.283025
scene_12555,7,"(3, 4)","2,3",0.167500
scene_10170,6,"(1, 2)","2,3",0.124990
scene_14850,7,"(5, 6)","2,3",0.126319
scene_10751,7,"(4, 5)","2,3",0.117563
scene_11198,8,"(5, 6)","2,3",0.175172
scene_13580,8,"(2, 3)","2,3",0.145942
scene_10049,7,"(4, 5)","2,3",0.069812
scene_11612,8,"(6, 7)","2,3",0.130571
scene_11294,7,"(4, 5)","2,3",0.277597
scene_10110,8,"(6, 7)","2,3",0.115090
scene_11092,8,"(3, 4)","2,3",0.150660
scene_14916,8,"(3, 4)","4,5",0.155350
scene_10358,7,"(3, 4)","2,3",0.110769
scene_10069,7,"(5, 6)","1,2",0.226592
scene_11595,7,"(4, 5)","3,4",0.294062
scene_12597,8,"(2, 3)","2,3",0.155168
scene_14811,8,"(2, 3)","2,3",0.177718
scene_12214,7,"(1, 2)","1,2",0.029860
scene_13704,7,"(0, 1)","2,3",0.005341
scene_11871,8,"(2, 3)","1,2",0.182085
scene_13129,8,"(3, 4)","2,3",0.078578
scene_13737,8,"(1, 2)","3,4",0.240047
scene_14286,8,"(6, 7)","3,4",0.128519
scene_11078,6,"(3, 4)","3,4",0.078760
scene_14801,8,"(4, 5)","1,2",0.198341
scene_13347,7,"(4, 5)","3,4",0.117055
scene_12382,8,"(5, 6)","1,2",0.187511
scene_13556,7,"(3, 4)","2,3",0.211587
scene_13630,8,"(2, 3)","1,4",0.191249
scene_11050,7,"(0, 1)","1,2",0.032936
scene_11350,8,"(3, 4)","2,3",0.104893
scene_13369,8,"(6, 7)","2,3",0.055754
scene_14185,8,"(2, 3)","1,2",0.150761
scene_10243,8,"(1, 2)","2,3",0.203924
scene_14642,7,"(3, 4)","1,2",0.192681
scene_11260,8,"(1, 2)","2,3",0.204796
scene_11605,7,"(2, 3)","1,2",0.150015
scene_10144,8,"(6, 7)","2,3",0.040094
scene_11152,8,"(2, 3)","2,3",0.271122
scene_13282,7,"(2, 3)","2,3",0.330645
scene_13688,7,"(2, 3)","2,3",0.232540
scene_12246,7,"(4, 5)","2,3",0.135984
scene_13921,7,"(5, 6)","2,3",0.086061
scene_12808,6,"(2, 3)","2,3",0.128633
scene_12871,7,"(4, 5)","1,2",0.047420
scene_10944,7,"(0, 1)","2,3",0.000887
scene_11500,7,"(4, 5)","2,3",0.133759
scene_12015,8,"(1, 2)","1,2",0.164290
scene_12691,5,"(0, 1)","1,2",0.037136
scene_12843,8,"(1, 2)","2,3",0.166930
scene_13503,8,"(5, 6)","3,4",0.096225
scene_12465,7,"(3, 4)","2,3",0.188005
scene_14229,6,"(3, 4)","2,3",0.075694
scene_12261,7,"(4, 5)","2,3",0.301033
scene_14754,7,"(1, 2)","1,2",0.106193
scene_11598,8,"(5, 6)","2,3",0.224099
scene_13247,7,"(3, 4)","2,3",0.099119
scene_13003,7,"(5, 6)","1,6",0.034472
scene_12523,8,"(5, 6)","2,3",0.153378
scene_11701,8,"(3, 4)","2,3",0.187859
scene_12070,7,"(3, 4)","1,2",0.161032
scene_10706,7,"(0, 1)","2,3",0.042979
scene_14175,8,"(0, 1)","2,3",0.075110
scene_12901,8,"(2, 3)","2,3",0.179852
scene_14428,8,"(1, 2)","2,3",0.155277
scene_11090,7,"(3, 4)","2,3",0.100867
scene_14374,8,"(5, 6)","2,3",0.132225
scene_13123,8,"(1, 2)","2,3",0.060090
scene_14006,8,"(2, 3)","2,3",0.112375
scene_10228,7,"(5, 6)","1,2",0.086834
scene_10365,8,"(4, 5)","2,3",0.163892
scene_10806,6,"(2, 3)","3,4",0.080438
scene_12907,8,"(3, 4)","2,3",0.118799
scene_13638,7,"(4, 5)","1,2",0.051460
scene_10911,8,"(4, 5)","2,3",0.049633
scene_13982,7,"(2, 3)","1,2",0.141422
scene_12882,8,"(3, 4)","3,4",0.107147
scene_12098,8,"(5, 6)","2,3",0.089886
scene_13448,7,"(4, 5)","2,3",0.203998
scene_13088,8,"(2, 3)","2,3",0.235399
scene_12704,8,"(2, 3)","2,3",0.059384
scene_10499,8,"(5, 6)","2,3",0.187370
scene_11013,8,"(3, 4)","2,3",0.140652
scene_12422,8,"(2, 3)","2,3",0.300772
scene_11777,7,"(2, 3)","1,2",0.145725
scene_11760,8,"(2, 3)","1,2",0.243087
scene_13937,8,"(1, 2)","2,3",0.226032
scene_14462,7,"(0, 1)","2,3",0.001241
scene_11348,7,"(5, 6)","1,2",0.074139
scene_13935,7,"(1, 2)","1,2",0.094181
scene_10139,8,"(2, 3)","1,2",0.145534
scene_12385,8,"(0, 1)","2,3",0.151885
scene_10309,7,"(5, 6)","2,3",0.068825
scene_14422,7,"(4, 5)","2,3",0.138836
scene_11727,8,"(6, 7)","3,4",0.116033
scene_11916,8,"(5, 6)","1,2",0.044929
scene_11129,8,"(1, 2)","2,3",0.136788
scene_13175,8,"(1, 2)","3,4",0.230556
scene_14386,8,"(1, 2)","2,3",0.081883
scene_12435,8,"(5, 6)","2,3",0.128289
scene_11754,8,"(3, 4)","2,3",0.281470
scene_13210,7,"(2, 3)","1,2",0.112247
scene_10984,8,"(5, 6)","1,2",0.111600
scene_13585,8,"(4, 5)","2,3",0.151979
scene_11861,8,"(6, 7)","2,3",0.110112
scene_14583,7,"(4, 5)","2,3",0.117836
scene_12816,8,"(4, 5)","2,3",0.079983
scene_12992,7,"(2, 3)","2,3",0.070635
scene_12457,7,"(0, 1)","2,3",0.054332
scene_11728,8,"(6, 7)","2,3",0.100961
scene_10940,6,"(1, 2)","2,3",0.075790
scene_14164,8,"(2, 3)","2,3",0.130081
scene_14691,7,"(1, 2)","3,4",0.094103
scene_13758,8,"(2, 3)","2,3",0.184692
scene_11123,8,"(1, 2)","2,3",0.168539
scene_11580,7,"(2, 3)","1,2",0.142203
scene_13780,8,"(0, 1)","3,4",0.102884
scene_12834,8,"(5, 6)","3,4",0.155379
scene_14253,8,"(4, 5)","2,3",0.095301
scene_14223,8,"(1, 2)","3,4",0.167704
scene_10413,6,"(2, 3)","1,2",0.048144
scene_13860,5,"(0, 1)","2,3",0.088064
scene_14881,8,"(0, 1)","1,2",0.052478
scene_11460,8,"(4, 5)","2,3",0.088415
scene_10040,8,"(2, 3)","2,3",0.122468
scene_13974,7,"(5, 6)","2,3",0.132823
scene_11853,7,"(1, 2)","1,4",0.080169
scene_14340,7,"(5, 6)","2,3",0.165311
scene_10184,6,"(3, 4)","3,4",0.092321
scene_13022,7,"(0, 1)","2,3",0.017099
scene_11005,8,"(6, 7)","1,2",0.112634
scene_11323,8,"(0, 1)","2,3",0.151442
scene_14357,8,"(4, 5)","3,4",0.169175
scene_11009,5,"(2, 3)","1,2",0.077920
scene_14887,8,"(3, 4)","3,4",0.218992
scene_12165,8,"(3, 4)","5,6",0.092048
scene_13213,8,"(3, 4)","2,3",0.192253
scene_14699,7,"(2, 3)","3,4",0.204713
scene_12108,8,"(1, 2)","2,3",0.292133
scene_14720,7,"(0, 1)","2,3",0.007395
scene_11200,8,"(2, 3)","2,3",0.219224
scene_13391,8,"(6, 7)","1,2",0.120780
scene_12689,7,"(3, 4)","1,2",0.130874
scene_10727,8,"(0, 1)","1,2",0.111244
scene_13820,7,"(0, 1)","1,2",0.062559
scene_10450,7,"(3, 4)","1,2",0.234461
scene_10114,8,"(3, 4)","2,3",0.127667
scene_10546,8,"(0, 1)","3,4",0.170990
scene_13379,7,"(4, 5)","1,2",0.138527
scene_11893,8,"(5, 6)","2,3",0.091875
scene_14545,8,"(5, 6)","2,3",0.191570
scene_14196,8,"(0, 1)","1,2",0.100479
scene_12383,8,"(1, 2)","1,2",0.190334
scene_10733,8,"(1, 2)","1,2",0.219421
scene_11276,8,"(6, 7)","1,2",0.063791
scene_10119,7,"(4, 5)","1,2",0.139354
scene_14937,8,"(2, 3)","1,3",0.267696
scene_11108,8,"(0, 1)","2,3",0.109093
scene_12614,8,"(1, 2)","2,3",0.160863
scene_14740,8,"(0, 1)","1,2",0.128429
scene_12190,7,"(4, 5)","1,2",0.136655
scene_14755,7,"(3, 4)","1,2",0.115572
scene_10554,8,"(4, 5)","2,3",0.145364
scene_11710,8,"(4, 5)","2,3",0.145818
scene_14197,8,"(6, 7)","2,3",0.132920
scene_11774,7,"(4, 5)","2,3",0.084643
scene_10705,7,"(1, 2)","2,3",0.129324
scene_11684,8,"(6, 7)","1,2",0.031962
scene_14715,7,"(4, 5)","1,2",0.080520
scene_11686,8,"(3, 4)","2,3",0.147098
scene_11107,7,"(3, 4)","1,2",0.252712
scene_10039,7,"(3, 4)","2,3",0.234577
scene_13131,8,"(2, 3)","2,3",0.215785
scene_11077,7,"(4, 5)","2,3",0.128569
scene_14065,8,"(3, 4)","1,2",0.087950
scene_13990,8,"(2, 3)","2,3",0.152269
scene_13639,7,"(4, 5)","3,4",0.258233
scene_12419,7,"(4, 5)","2,3",0.162063
scene_13335,7,"(0, 1)","2,3",0.061300
scene_12995,7,"(4, 5)","2,3",0.207393
scene_13738,7,"(5, 6)","1,2",0.202675
scene_13343,8,"(0, 1)","2,6",0.215545
scene_14248,7,"(1, 2)","2,3",0.060494
scene_11022,7,"(5, 6)","2,3",0.151899
scene_13360,8,"(1, 2)","2,3",0.073955
scene_10504,8,"(2, 3)","2,3",0.243426
scene_12152,8,"(5, 6)","1,2",0.286352
scene_12450,8,"(0, 1)","1,2",0.087740
scene_14870,8,"(1, 2)","3,4",0.127220
scene_13176,7,"(1, 2)","2,3",0.083410
scene_12504,6,"(1, 2)","2,3",0.028019
scene_12867,7,"(4, 5)","2,3",0.177523
scene_13146,7,"(0, 1)","2,3",0.032587
scene_12044,8,"(1, 2)","2,3",0.370974
scene_11376,7,"(0, 1)","2,3",0.047757
scene_11788,8,"(3, 4)","1,4",0.098525
scene_13712,7,"(3, 4)","2,3",0.251503
scene_12654,8,"(5, 6)","1,2",0.081647
scene_14394,8,"(4, 5)","2,3",0.109345
scene_13530,8,"(3, 4)","3,4",0.094512
scene_10888,7,"(2, 3)","2,3",0.109083
scene_14761,7,"(0, 1)","1,2",0.014472
scene_14363,6,"(1, 2)","2,3",0.087788
scene_14584,8,"(2, 3)","1,2",0.110166
scene_13729,8,"(5, 6)","2,3",0.083538
scene_10250,8,"(2, 3)","2,3",0.088649
scene_13736,8,"(5, 6)","1,2",0.227628
scene_14001,8,"(6, 7)","1,2",0.125329
scene_10263,7,"(3, 4)","1,2",0.140527
scene_10909,8,"(0, 1)","2,3",0.125613
scene_12813,7,"(5, 6)","2,3",0.115597
scene_12909,7,"(1, 2)","1,2",0.094564
scene_10044,8,"(2, 3)","1,2",0.198694
scene_11195,8,"(6, 7)","2,3",0.153611
scene_11313,7,"(5, 6)","1,2",0.117909
scene_12537,8,"(4, 5)","1,2",0.134884
scene_11372,8,"(5, 6)","2,3",0.085758
scene_11899,8,"(6, 7)","2,3",0.048723
scene_13104,7,"(1, 2)","1,2",0.073196
scene_11191,8,"(3, 4)","1,2",0.121549
scene_13078,6,"(0, 1)","1,2",0.052486
scene_10126,8,"(4, 5)","2,3",0.110821
scene_11568,8,"(1, 2)","1,2",0.144716
scene_13743,8,"(5, 6)","1,2",0.197591
scene_13923,8,"(1, 2)","1,8",0.135705
scene_11757,8,"(2, 3)","1,2",0.120602
scene_13913,7,"(1, 2)","2,3",0.118501
scene_14643,7,"(0, 1)","2,3",0.024357
scene_12719,8,"(0, 1)","2,3",0.185798
scene_12000,7,"(1, 2)","1,2",0.142441
scene_11139,7,"(2, 3)","1,2",0.194402
scene_14025,8,"(4, 5)","2,3",0.090744
scene_12601,8,"(5, 6)","2,3",0.210652
scene_11665,8,"(6, 7)","1,5",0.070488
scene_10356,7,"(4, 5)","2,3",0.076431
scene_14568,7,"(2, 3)","3,4",0.238910
scene_11930,8,"(3, 4)","1,2",0.123494
scene_14272,7,"(0, 1)","1,4",0.001228
scene_14834,7,"(3, 4)","1,5",0.090070
scene_11488,8,"(5, 6)","1,2",0.083427
scene_10729,8,"(2, 3)","2,3",0.186854
scene_13208,7,"(5, 6)","2,3",0.087544
scene_12855,8,"(3, 4)","1,2",0.101185
scene_12825,8,"(2, 3)","2,3",0.176462
scene_14711,8,"(4, 5)","2,3",0.137446
scene_14955,8,"(4, 5)","3,4",0.176477
scene_10082,7,"(3, 4)","2,3",0.216282
scene_11989,7,"(3, 4)","2,3",0.113237
scene_12999,8,"(0, 1)","2,3",0.049145
scene_14146,7,"(4, 5)","1,2",0.077511
scene_12749,7,"(0, 1)","1,6",0.018397
scene_12053,7,"(3, 4)","2,3",0.260246
scene_12824,8,"(5, 6)","1,2",0.123784
scene_12065,7,"(2, 3)","2,3",0.162841
scene_12595,7,"(4, 5)","1,2",0.125348
scene_10426,8,"(2, 3)","2,3",0.172669
scene_11552,7,"(0, 1)","1,2",0.046444
scene_14162,8,"(0, 1)","2,3",0.113380
scene_13080,8,"(1, 2)","2,3",0.108276
scene_12525,7,"(5, 6)","2,3",0.082259
scene_12227,7,"(4, 5)","2,3",0.234216
scene_13711,7,"(4, 5)","1,2",0.164576
scene_11772,8,"(0, 1)","1,4",0.149223
scene_13511,7,"(5, 6)","2,3",0.179686
scene_11860,8,"(6, 7)","2,3",0.082405
scene_11345,8,"(2, 3)","1,8",0.093810
scene_13697,8,"(4, 5)","2,3",0.131305
scene_11970,7,"(0, 1)","1,6",0.028346
scene_10416,6,"(1, 2)","1,5",0.036649
scene_14254,8,"(3, 4)","1,6",0.255235
scene_10479,7,"(4, 5)","1,2",0.064809
scene_14718,8,"(5, 6)","2,3",0.082604
scene_14744,7,"(3, 4)","1,2",0.137136
scene_10652,7,"(2, 3)","2,3",0.136188
scene_10669,7,"(1, 2)","2,3",0.156706
scene_12877,8,"(4, 5)","2,3",0.143922
scene_12858,6,"(3, 4)","1,2",0.244385
scene_10535,8,"(5, 6)","3,4",0.057348
scene_11240,8,"(6, 7)","2,3",0.086875
scene_12925,8,"(3, 4)","2,3",0.261733
scene_13815,8,"(0, 1)","2,3",0.048271
scene_13644,8,"(3, 4)","1,2",0.144725
scene_12923,8,"(2, 3)","1,8",0.153254
scene_11163,7,"(3, 4)","2,3",0.112941
scene_12481,8,"(2, 3)","3,4",0.160968
scene_10808,6,"(2, 3)","1,2",0.126324
scene_10273,8,"(5, 6)","2,3",0.078203
scene_14459,7,"(0, 1)","1,2",0.060404
scene_12971,8,"(6, 7)","2,3",0.093500
scene_12535,8,"(1, 2)","2,3",0.165932
scene_11723,8,"(2, 3)","3,4",0.125349
scene_11540,7,"(3, 4)","1,2",0.060020
scene_12459,8,"(5, 6)","1,2",0.196060
scene_10846,8,"(3, 4)","2,3",0.172416
scene_11065,8,"(2, 3)","1,2",0.260909
scene_14390,8,"(5, 6)","3,4",0.125248
scene_13031,8,"(3, 4)","3,4",0.117978
scene_12410,8,"(6, 7)","2,3",0.060752
scene_12095,8,"(6, 7)","2,3",0.157144
scene_13148,8,"(4, 5)","2,3",0.167335
scene_10122,7,"(0, 1)","2,3",0.030266
scene_11947,8,"(3, 4)","2,3",0.172713
scene_10860,6,"(0, 1)","1,2",0.020821
scene_10488,8,"(2, 3)","1,2",0.241594
scene_14049,8,"(2, 3)","2,3",0.163713
scene_12020,7,"(2, 3)","2,3",0.290038
scene_10212,7,"(0, 1)","2,3",0.029965
scene_10630,8,"(6, 7)","6,7",0.114563
scene_13165,8,"(3, 4)","2,3",0.135831
scene_12062,8,"(6, 7)","2,3",0.124935
scene_14607,7,"(4, 5)","2,3",0.106175
scene_14484,7,"(0, 1)","1,2",0.043470
scene_12567,8,"(5, 6)","1,8",0.189246
scene_11110,6,"(4, 5)","2,3",0.108404
scene_14765,7,"(3, 4)","2,3",0.210681
scene_12156,8,"(3, 4)","1,2",0.166543
scene_14993,7,"(0, 1)","2,3",0.244465
scene_11988,6,"(1, 2)","2,3",0.071497
scene_13527,7,"(4, 5)","2,3",0.072594
scene_12874,7,"(2, 3)","2,3",0.160193
scene_12082,6,"(4, 5)","1,6",0.062881
scene_11993,8,"(6, 7)","2,3",0.116473
scene_11011,7,"(3, 4)","3,4",0.157355
scene_14947,8,"(5, 6)","2,3",0.060602
scene_10755,7,"(3, 4)","2,3",0.134275
scene_13859,8,"(6, 7)","2,3",0.101315
scene_13672,8,"(0, 1)","2,3",0.049375
scene_14376,7,"(1, 2)","2,3",0.053794
scene_13529,8,"(2, 3)","1,2",0.187370
scene_14252,7,"(4, 5)","1,2",0.049276
scene_12511,7,"(1, 2)","1,2",0.118273
scene_11549,8,"(2, 3)","2,3",0.168937
scene_11467,7,"(3, 4)","2,3",0.154145
scene_13604,7,"(5, 6)","2,3",0.253187
scene_11270,8,"(3, 4)","2,3",0.282489
scene_12741,8,"(0, 1)","2,3",0.137760
scene_14101,8,"(0, 1)","1,2",0.044757
scene_10637,8,"(5, 6)","2,3",0.101222
scene_10579,8,"(4, 5)","1,2",0.244260
scene_10953,8,"(6, 7)","3,4",0.117854
scene_11923,7,"(1, 2)","2,3",0.061798
scene_10822,7,"(5, 6)","2,3",0.040067
scene_13489,7,"(1, 2)","2,3",0.083927
scene_14894,7,"(2, 3)","1,7",0.205925
scene_10458,7,"(4, 5)","3,4",0.178811
scene_10367,6,"(0, 1)","2,3",0.074721
scene_12847,8,"(4, 5)","2,3",0.215203
scene_11029,7,"(3, 4)","2,3",0.108303
scene_11698,7,"(0, 1)","2,3",0.044308
scene_12483,8,"(1, 2)","1,2",0.138074
scene_12979,7,"(0, 1)","2,3",0.042506
scene_12580,5,"(3, 4)","1,4",0.042763
scene_13796,8,"(0, 1)","2,3",0.068434
scene_12924,8,"(5, 6)","2,3",0.122168
scene_10853,7,"(1, 2)","2,3",0.136446
scene_13024,7,"(3, 4)","2,3",0.201165
scene_11571,8,"(5, 6)","1,2",0.129091
scene_14456,7,"(2, 3)","2,3",0.191176
scene_10859,8,"(4, 5)","2,3",0.082434
scene_11133,8,"(5, 6)","2,3",0.104528
scene_10072,8,"(2, 3)","1,2",0.170530
scene_13081,7,"(3, 4)","1,6",0.156477
scene_12931,7,"(3, 4)","1,2",0.129255
scene_14426,8,"(3, 4)","2,3",0.163697
scene_13588,8,"(1, 2)","2,6",0.160077
scene_13133,7,"(3, 4)","2,3",0.198208
scene_13490,8,"(4, 5)","2,8",0.110321
scene_13365,8,"(1, 2)","1,2",0.204180
scene_11840,6,"(3, 4)","1,2",0.069005
scene_11870,7,"(1, 2)","2,3",0.077722
scene_12760,7,"(4, 5)","3,4",0.152062
scene_12364,7,"(4, 5)","1,2",0.089215
scene_13817,8,"(5, 6)","2,3",0.179602
scene_12258,8,"(1, 2)","2,3",0.079388
scene_14727,7,"(0, 1)","3,4",0.021913
scene_12796,8,"(2, 3)","2,3",0.229016
scene_10523,7,"(3, 4)","2,3",0.075426
scene_13383,8,"(2, 3)","1,2",0.110771
scene_12910,6,"(4, 5)","2,3",0.038915
scene_11356,8,"(2, 3)","3,4",0.084467
scene_13458,8,"(6, 7)","1,2",0.091388
scene_11390,7,"(0, 1)","2,3",0.056243
scene_10113,7,"(2, 3)","1,2",0.199465
scene_12541,8,"(5, 6)","3,4",0.349742
scene_13648,8,"(2, 3)","2,3",0.094773
scene_14604,7,"(4, 5)","2,3",0.174947
scene_13291,7,"(4, 5)","1,2",0.048038
scene_12381,8,"(5, 6)","3,4",0.087445
scene_13627,7,"(3, 4)","2,3",0.097005
scene_13077,8,"(6, 7)","2,3",0.124051
scene_14218,7,"(1, 2)","2,3",0.197969
scene_10130,8,"(3, 4)","1,2",0.176086
scene_14446,7,"(4, 5)","2,3",0.098053
scene_10558,7,"(3, 4)","2,3",0.134441
scene_11420,8,"(2, 3)","3,4",0.222841
scene_10687,8,"(2, 3)","4,5",0.075285
scene_13690,7,"(4, 5)","2,3",0.079391
scene_11719,7,"(4, 5)","2,3",0.169355
scene_12274,8,"(3, 4)","2,3",0.169663
scene_11577,8,"(3, 4)","2,3",0.101237
scene_13170,8,"(2, 3)","1,2",0.093768
scene_13603,8,"(6, 7)","1,2",0.237310
scene_10531,8,"(1, 2)","2,3",0.147831
scene_11060,7,"(5, 6)","2,3",0.073234
scene_12215,8,"(1, 2)","1,2",0.098674
scene_13354,8,"(4, 5)","2,3",0.148652
scene_12441,8,"(3, 4)","1,2",0.146255
scene_13715,7,"(1, 2)","1,2",0.114090
scene_10023,7,"(3, 4)","2,3",0.242283
scene_14303,7,"(0, 1)","2,3",0.006401
scene_13914,7,"(2, 3)","3,4",0.063138
scene_14987,8,"(5, 6)","2,3",0.124781
scene_14403,7,"(3, 4)","2,3",0.103913
scene_13550,8,"(5, 6)","2,3",0.133722
scene_14489,8,"(6, 7)","2,3",0.212960
scene_13788,8,"(3, 4)","2,3",0.116533
scene_14356,7,"(3, 4)","2,3",0.181959
scene_10929,8,"(5, 6)","2,3",0.155034
scene_12400,8,"(6, 7)","1,2",0.059647
scene_14137,7,"(5, 6)","2,3",0.147252
scene_10176,8,"(1, 2)","2,3",0.096495
scene_13567,8,"(3, 4)","2,3",0.205387
scene_13518,7,"(0, 1)","2,3",0.001372
scene_13336,7,"(1, 2)","2,3",0.091217
scene_12166,8,"(4, 5)","2,3",0.232861
scene_14112,7,"(4, 5)","2,3",0.055751
scene_10135,8,"(2, 3)","2,3",0.302800
scene_12222,7,"(0, 1)","2,3",0.023174
scene_14512,8,"(6, 7)","1,2",0.127833
scene_11300,8,"(6, 7)","2,3",0.150187
scene_12997,7,"(3, 4)","2,3",0.291220
scene_10801,8,"(0, 1)","2,3",0.090020
scene_10670,7,"(4, 5)","1,2",0.286733
scene_12463,8,"(3, 4)","2,3",0.079937
scene_13411,8,"(0, 1)","1,2",0.120804
scene_14656,7,"(5, 6)","2,3",0.110414
scene_11048,7,"(1, 2)","2,3",0.134862
scene_13958,8,"(3, 4)","1,2",0.115632
scene_13198,8,"(6, 7)","2,3",0.099831
scene_12993,8,"(5, 6)","2,3",0.097328
scene_13006,7,"(1, 2)","2,3",0.164233
scene_13374,8,"(0, 1)","2,3",0.076190
scene_11431,8,"(3, 4)","3,4",0.195919
scene_11973,8,"(6, 7)","2,3",0.181786
scene_11099,6,"(2, 3)","2,3",0.062701
scene_11780,7,"(2, 3)","1,2",0.166090
scene_11494,7,"(4, 5)","1,2",0.193800
scene_12851,8,"(5, 6)","2,3",0.113810
scene_12230,8,"(3, 4)","2,3",0.114258
scene_10851,8,"(5, 6)","2,3",0.137022
scene_12798,7,"(0, 1)","2,3",0.196575
scene_12895,6,"(2, 3)","3,4",0.077312
scene_12288,6,"(4, 5)","1,2",0.059378
scene_14307,8,"(3, 4)","4,5",0.163215
scene_13887,7,"(2, 3)","2,3",0.067717
scene_10123,8,"(5, 6)","2,3",0.147970
scene_10081,8,"(5, 6)","2,3",0.088744
scene_10442,7,"(3, 4)","2,3",0.182014
scene_13184,7,"(4, 5)","2,3",0.131095
scene_10028,8,"(0, 1)","2,3",0.150452
scene_12515,7,"(4, 5)","2,3",0.132058
scene_14217,8,"(0, 1)","1,2",0.162893
scene_10034,7,"(1, 2)","2,3",0.119429
scene_14563,7,"(5, 6)","3,4",0.089927
scene_12437,7,"(5, 6)","2,3",0.136777
scene_11731,6,"(2, 3)","1,2",0.062580
scene_13339,6,"(1, 2)","1,2",0.176482
scene_14191,8,"(5, 6)","2,3",0.057135
scene_10862,8,"(0, 1)","2,3",0.053569
scene_11165,8,"(3, 4)","4,5",0.087341
scene_14961,7,"(0, 1)","1,2",0.040593
scene_11461,8,"(6, 7)","2,3",0.124663
scene_10649,8,"(5, 6)","2,6",0.104658
scene_12187,6,"(0, 1)","2,3",0.001001
scene_10024,7,"(3, 4)","3,4",0.066019
scene_11082,8,"(1, 2)","1,2",0.230348
scene_11459,7,"(5, 6)","2,3",0.044773
scene_12566,7,"(2, 3)","1,2",0.204364
scene_11882,8,"(0, 1)","2,3",0.148270
scene_11024,7,"(0, 1)","2,3",0.045628
scene_14820,8,"(2, 3)","2,3",0.204480
scene_13319,8,"(6, 7)","2,3",0.222781
scene_10791,5,"(0, 1)","3,4",0.023383
scene_12138,8,"(2, 3)","2,3",0.145776
scene_10491,8,"(2, 3)","2,3",0.079773
scene_10111,7,"(2, 3)","1,2",0.145133
scene_14322,8,"(3, 4)","2,3",0.192553
scene_11833,8,"(1, 2)","2,3",0.070903
scene_14760,6,"(1, 2)","2,3",0.081129
scene_10387,7,"(4, 5)","2,3",0.059670
scene_11044,7,"(3, 4)","2,3",0.062634
scene_14256,7,"(4, 5)","1,2",0.129864
scene_11061,8,"(5, 6)","2,3",0.078314
scene_12953,7,"(1, 2)","2,3",0.117425
scene_13905,8,"(1, 2)","1,7",0.195642
scene_12219,7,"(1, 2)","2,3",0.088764
scene_10054,8,"(0, 1)","2,3",0.140607
scene_14221,8,"(4, 5)","1,6",0.163035
scene_11245,8,"(6, 7)","2,3",0.074959
scene_12133,8,"(3, 4)","2,3",0.233167
scene_12284,8,"(4, 5)","2,3",0.120917
scene_14978,7,"(5, 6)","3,4",0.170426
scene_13654,8,"(1, 2)","2,3",0.175060
scene_14739,7,"(3, 4)","2,3",0.151340
scene_11321,7,"(4, 5)","2,3",0.183551
scene_11579,7,"(1, 2)","2,3",0.327677
scene_10508,8,"(1, 2)","2,3",0.208558
scene_11466,8,"(3, 4)","2,3",0.201418
scene_14974,8,"(5, 6)","1,2",0.229746
scene_13659,7,"(2, 3)","2,3",0.128799
scene_14186,8,"(3, 4)","2,3",0.118880
scene_14058,8,"(2, 3)","2,3",0.109037
scene_14499,7,"(5, 6)","3,4",0.095255
scene_14276,8,"(0, 1)","2,3",0.104406
scene_10286,7,"(3, 4)","2,3",0.063904
scene_10205,7,"(2, 3)","2,3",0.248437
scene_14108,8,"(5, 6)","2,3",0.106543
scene_14155,7,"(4, 5)","2,3",0.116796
scene_14869,8,"(1, 2)","2,3",0.100246
scene_14167,8,"(0, 1)","2,3",0.062202
scene_11604,7,"(3, 4)","1,2",0.195427
scene_10844,8,"(2, 3)","2,3",0.115595
scene_10310,7,"(4, 5)","2,3",0.153938
scene_14236,7,"(2, 3)","2,3",0.073123
scene_12061,7,"(5, 6)","2,3",0.078134
scene_13430,8,"(3, 4)","1,2",0.172597
scene_14323,7,"(5, 6)","3,4",0.213243
scene_14892,8,"(2, 3)","1,2",0.120247
scene_11502,7,"(3, 4)","1,2",0.271844
scene_11608,7,"(2, 3)","1,2",0.150391
scene_14745,7,"(1, 2)","2,3",0.075024
scene_11869,8,"(3, 4)","2,3",0.102557
scene_13681,8,"(6, 7)","2,3",0.164638
scene_10140,8,"(3, 4)","1,8",0.155387
scene_10292,8,"(0, 1)","2,3",0.062542
scene_11799,8,"(1, 2)","3,4",0.184782
scene_14329,8,"(3, 4)","1,2",0.115028
scene_10272,7,"(4, 5)","1,2",0.080708
scene_10784,7,"(2, 3)","1,2",0.130170
scene_14274,7,"(4, 5)","1,2",0.095678
scene_13084,8,"(2, 3)","2,3",0.140364
scene_10753,8,"(5, 6)","1,2",0.162226
scene_13071,8,"(2, 3)","2,3",0.317323
scene_14764,8,"(0, 1)","2,3",0.149345
scene_13846,7,"(5, 6)","2,3",0.111623
scene_10182,8,"(3, 4)","1,2",0.205817
scene_10785,7,"(2, 3)","2,3",0.240854
scene_13616,6,"(0, 1)","1,5",0.030199
scene_10145,7,"(4, 5)","2,3",0.038964
scene_10979,8,"(6, 7)","2,3",0.183731
scene_11503,7,"(5, 6)","2,3",0.084482
scene_11422,8,"(6, 7)","2,5",0.120534
scene_14360,7,"(5, 6)","1,2",0.140753
scene_12830,8,"(0, 1)","1,2",0.048785
scene_12206,8,"(4, 5)","2,3",0.080999
scene_13049,7,"(5, 6)","2,3",0.218149
scene_10016,8,"(3, 4)","1,2",0.079118
scene_13190,8,"(6, 7)","2,3",0.074623
scene_10912,8,"(2, 3)","2,3",0.124092
scene_11393,7,"(1, 2)","2,3",0.115499
scene_11064,8,"(4, 5)","1,2",0.178926
scene_10464,8,"(6, 7)","2,3",0.057995
scene_11216,8,"(2, 3)","2,3",0.220621
scene_11878,8,"(1, 2)","1,2",0.108465
scene_12914,8,"(5, 6)","2,3",0.075708
scene_13072,8,"(1, 2)","2,3",0.260445
scene_10438,8,"(4, 5)","1,2",0.145336
scene_10002,7,"(2, 3)","2,3",0.264194
scene_10194,7,"(5, 6)","2,3",0.077705
scene_14952,8,"(6, 7)","2,3",0.075568
scene_13169,7,"(5, 6)","1,4",0.099683
scene_11343,8,"(6, 7)","1,2",0.187254
scene_12409,7,"(5, 6)","2,3",0.274908
scene_14733,7,"(5, 6)","2,3",0.127220
scene_13237,7,"(1, 2)","1,4",0.062450
scene_14602,8,"(5, 6)","3,4",0.135368
scene_12205,8,"(0, 1)","2,3",0.256696
scene_10812,8,"(5, 6)","1,2",0.077797
scene_14090,7,"(5, 6)","2,3",0.126452
scene_12122,8,"(0, 1)","4,5",0.086651
scene_13487,8,"(2, 3)","2,3",0.107645
scene_13303,7,"(3, 4)","1,2",0.271466
scene_10762,7,"(0, 1)","2,3",0.026130
scene_12775,8,"(4, 5)","2,3",0.119229
scene_14267,8,"(2, 3)","3,4",0.122040
scene_13207,8,"(5, 6)","2,3",0.144897
scene_11341,7,"(1, 2)","2,3",0.244244
scene_10191,8,"(0, 1)","3,4",0.055918
scene_13745,8,"(2, 3)","2,3",0.309087
scene_14712,8,"(2, 3)","2,3",0.117669
scene_14219,6,"(3, 4)","2,3",0.167487
scene_14559,7,"(1, 2)","2,3",0.120878
scene_10270,7,"(1, 2)","1,2",0.150242
scene_12275,7,"(1, 2)","1,7",0.092598
scene_13195,8,"(6, 7)","2,3",0.082444
scene_13687,8,"(4, 5)","2,3",0.083797
scene_10001,8,"(2, 3)","2,3",0.149343
scene_13038,8,"(4, 5)","2,3",0.259166
scene_11633,7,"(4, 5)","2,3",0.260415
scene_12139,8,"(2, 3)","2,3",0.220704
scene_12426,6,"(1, 2)","1,2",0.089919
scene_12684,7,"(2, 3)","2,3",0.123297
scene_12116,8,"(6, 7)","2,3",0.130372
scene_13410,8,"(3, 4)","2,3",0.096381
scene_13477,8,"(6, 7)","1,2",0.079335
scene_14171,7,"(2, 3)","2,3",0.117078
scene_10099,8,"(5, 6)","2,3",0.081939
scene_11398,7,"(2, 3)","2,3",0.168813
scene_13397,8,"(6, 7)","2,3",0.085328
scene_12472,8,"(0, 1)","2,3",0.054142
scene_14685,6,"(3, 4)","2,3",0.084085
scene_14226,8,"(0, 1)","2,3",0.084933
scene_12551,8,"(1, 2)","3,4",0.183071
scene_13900,7,"(1, 2)","1,2",0.121773
scene_10692,8,"(6, 7)","2,3",0.066073
scene_14802,7,"(5, 6)","3,4",0.111506
scene_10662,7,"(5, 6)","2,3",0.139661
scene_12014,8,"(5, 6)","1,2",0.049247
scene_11676,6,"(3, 4)","1,5",0.062050
scene_13389,8,"(6, 7)","2,3",0.130326
scene_11770,7,"(4, 5)","2,3",0.220871
scene_13666,7,"(2, 3)","2,3",0.070462
scene_10815,8,"(0, 1)","3,4",0.080085
scene_11898,8,"(6, 7)","2,3",0.079998
scene_12011,8,"(3, 4)","2,3",0.181960
scene_10734,7,"(0, 1)","3,4",0.061230
scene_14139,8,"(2, 3)","2,3",0.177425
scene_11361,7,"(4, 5)","2,3",0.089630
scene_11301,8,"(0, 1)","2,3",0.149826
scene_14385,8,"(3, 4)","2,3",0.098315
scene_11497,6,"(2, 3)","2,3",0.098201
scene_11555,8,"(5, 6)","2,3",0.146036
scene_12913,8,"(5, 6)","2,3",0.112127
scene_10005,8,"(5, 6)","2,3",0.063769
scene_11192,8,"(2, 3)","1,2",0.191085
scene_14690,7,"(4, 5)","2,3",0.133538
scene_11000,8,"(3, 4)","2,3",0.175382
scene_14361,8,"(6, 7)","1,2",0.078357
scene_10756,7,"(5, 6)","2,3",0.166032
scene_11423,7,"(2, 3)","2,3",0.131699
scene_14945,7,"(0, 1)","1,2",0.026490
scene_13108,7,"(5, 6)","2,3",0.090449
scene_11056,7,"(1, 2)","2,3",0.121681
scene_12996,8,"(3, 4)","2,3",0.129757
scene_14497,8,"(0, 1)","2,3",0.102681
scene_14098,8,"(4, 5)","5,6",0.152058
scene_13920,8,"(4, 5)","2,3",0.116443
scene_12134,7,"(2, 3)","1,2",0.153030
scene_10769,7,"(4, 5)","1,2",0.077015
scene_12105,6,"(1, 2)","3,4",0.047055
scene_14033,7,"(5, 6)","1,6",0.060151
scene_12016,7,"(0, 1)","1,2",0.045754
scene_13113,7,"(5, 6)","1,2",0.136653
scene_14785,7,"(3, 4)","2,3",0.158983
scene_10291,8,"(5, 6)","2,3",0.083292
scene_13802,8,"(2, 3)","3,4",0.223308
scene_11945,8,"(5, 6)","1,6",0.144528
scene_11385,7,"(3, 4)","1,2",0.110513
scene_14302,7,"(0, 1)","1,2",0.030929
scene_12085,8,"(1, 2)","1,8",0.101735
scene_10660,5,"(0, 1)","1,2",0.001058
scene_11457,7,"(0, 1)","1,2",0.033152
scene_14224,7,"(2, 3)","1,2",0.156013
scene_10512,8,"(3, 4)","2,3",0.161360
scene_10271,7,"(0, 1)","2,3",0.011436
scene_13507,8,"(0, 1)","3,4",0.215669
scene_10259,8,"(1, 2)","2,3",0.097608
scene_14115,8,"(4, 5)","2,3",0.189794
scene_10568,7,"(1, 2)","1,2",0.061967
scene_14933,8,"(3, 4)","3,4",0.056688
scene_14624,7,"(3, 4)","1,2",0.052151
scene_14154,8,"(2, 3)","1,2",0.154273
scene_13470,8,"(5, 6)","1,2",0.113758
scene_13082,8,"(5, 6)","1,2",0.081947
scene_14105,6,"(4, 5)","2,3",0.075682
scene_13557,8,"(3, 4)","2,3",0.081033
scene_13386,7,"(4, 5)","1,5",0.157558
scene_11644,7,"(5, 6)","2,3",0.104096
scene_14035,7,"(5, 6)","2,3",0.221069
scene_12536,8,"(1, 2)","2,3",0.223534
scene_14476,8,"(3, 4)","6,7",0.173101
scene_10663,7,"(5, 6)","2,3",0.103345
scene_11655,7,"(0, 1)","1,5",0.039015
scene_11104,7,"(3, 4)","2,3",0.182952
scene_14908,7,"(4, 5)","2,3",0.080726
scene_12444,7,"(3, 4)","1,2",0.122008
scene_11091,8,"(2, 3)","2,3",0.259063
scene_12763,7,"(0, 1)","2,3",0.039870
scene_13130,7,"(5, 6)","3,4",0.067040
scene_13212,8,"(2, 3)","2,6",0.136198
scene_11952,7,"(1, 2)","2,3",0.065676
scene_11821,8,"(3, 4)","1,2",0.152938
scene_13520,6,"(3, 4)","1,2",0.039788
scene_14131,8,"(1, 2)","2,3",0.255106
scene_10339,8,"(6, 7)","2,3",0.063053
scene_12527,6,"(2, 3)","2,3",0.101348
scene_14867,8,"(0, 1)","2,3",0.124367
scene_11250,8,"(5, 6)","2,3",0.063325
scene_14392,8,"(2, 3)","1,2",0.141219
scene_14673,8,"(4, 5)","1,2",0.122071
scene_12358,7,"(5, 6)","1,2",0.163098
scene_11205,8,"(2, 3)","1,2",0.119935
scene_11775,8,"(0, 1)","2,3",0.201297
scene_13772,7,"(3, 4)","1,2",0.170128
scene_13152,8,"(2, 3)","1,2",0.164833
scene_11589,8,"(1, 2)","2,3",0.212100
scene_12178,6,"(0, 1)","2,3",0.014881
scene_10900,7,"(3, 4)","2,3",0.138828
scene_13032,7,"(0, 1)","2,3",0.001115
scene_14007,8,"(5, 6)","2,3",0.152670
scene_14790,7,"(1, 2)","1,2",0.080989
scene_12894,8,"(5, 6)","1,2",0.129114
scene_13324,8,"(5, 6)","1,2",0.145713
scene_14663,6,"(4, 5)","1,2",0.071040
scene_13826,8,"(0, 1)","1,2",0.239967
scene_13294,7,"(0, 1)","2,3",0.000971
scene_13873,8,"(6, 7)","1,2",0.079637
scene_14846,6,"(2, 3)","1,2",0.077945
scene_12674,7,"(1, 2)","1,2",0.107652
scene_10871,7,"(1, 2)","2,3",0.157958
scene_13420,7,"(4, 5)","2,3",0.130049
scene_13466,8,"(1, 2)","2,3",0.129246
scene_13449,8,"(0, 1)","2,3",0.081063
scene_12428,7,"(4, 5)","2,3",0.103738
scene_14858,8,"(1, 2)","1,2",0.099496
scene_13399,8,"(4, 5)","2,3",0.151071
scene_11550,7,"(1, 2)","2,3",0.069309
scene_12113,6,"(1, 2)","2,3",0.175673
scene_10752,8,"(2, 3)","1,8",0.125319
scene_13762,8,"(6, 7)","2,3",0.144862
scene_11588,7,"(1, 2)","1,2",0.099706
scene_12681,8,"(6, 7)","2,3",0.152374
scene_14088,8,"(4, 5)","2,3",0.126587
scene_14457,7,"(0, 1)","3,4",0.204167
scene_12297,7,"(2, 3)","2,3",0.112673
scene_13827,8,"(6, 7)","2,3",0.147484
scene_14577,6,"(1, 2)","2,3",0.079304
scene_14508,8,"(1, 2)","1,8",0.179375
scene_12911,8,"(4, 5)","2,3",0.225099
scene_12666,7,"(2, 3)","1,6",0.050587
scene_13718,7,"(1, 2)","2,3",0.130292
scene_13266,8,"(0, 1)","2,3",0.079431
scene_10937,8,"(5, 6)","2,3",0.178611
scene_11599,8,"(6, 7)","2,3",0.087875
scene_10344,7,"(0, 1)","1,2",0.029265
scene_12510,8,"(1, 2)","2,3",0.262183
scene_11102,8,"(0, 1)","3,4",0.128677
scene_10461,7,"(2, 3)","1,2",0.289274
scene_12718,4,"(0, 1)","1,2",0.046026
scene_12200,6,"(4, 5)","2,3",0.111886
scene_13100,7,"(2, 3)","2,3",0.096168
scene_10452,7,"(0, 1)","1,2",0.137683
scene_14772,8,"(1, 2)","2,3",0.134738
scene_11920,8,"(2, 3)","1,2",0.237433
scene_10063,7,"(0, 1)","1,2",0.011990
scene_11158,7,"(1, 2)","1,2",0.126938
scene_14189,7,"(5, 6)","1,2",0.109159
scene_13502,8,"(3, 4)","3,4",0.094221
scene_13992,7,"(4, 5)","1,2",0.095100
scene_13120,8,"(0, 1)","1,8",0.071401
scene_11455,8,"(5, 6)","2,3",0.111004
scene_12939,8,"(0, 1)","1,5",0.091257
scene_11008,8,"(3, 4)","5,6",0.170199
scene_12564,8,"(3, 4)","1,2",0.236920
scene_12467,7,"(2, 3)","2,3",0.193220
scene_12321,7,"(4, 5)","2,3",0.145349
scene_11338,8,"(4, 5)","3,4",0.091664
scene_11036,8,"(0, 1)","2,3",0.085549
scene_11151,8,"(3, 4)","2,3",0.175086
scene_12144,7,"(4, 5)","3,4",0.119725
scene_11670,7,"(1, 2)","2,3",0.094782
scene_10400,8,"(4, 5)","2,3",0.187053
scene_13327,7,"(0, 1)","1,2",0.056853
scene_12593,8,"(5, 6)","2,3",0.250803
scene_10019,8,"(6, 7)","3,4",0.096696
scene_10736,8,"(6, 7)","2,3",0.081581
scene_12609,7,"(5, 6)","2,3",0.063026
scene_13227,7,"(4, 5)","1,2",0.104754
scene_12262,7,"(2, 3)","1,2",0.066699
scene_13480,8,"(3, 4)","2,3",0.145808
scene_10384,7,"(5, 6)","2,3",0.053298
scene_10287,7,"(0, 1)","1,2",0.037343
scene_12841,7,"(0, 1)","1,2",0.000930
scene_12944,8,"(3, 4)","2,3",0.098387
scene_10341,8,"(6, 7)","4,5",0.219215
scene_11137,7,"(3, 4)","2,3",0.176388
scene_10354,8,"(3, 4)","2,3",0.157161
scene_12399,7,"(5, 6)","1,2",0.263248
scene_12717,8,"(0, 1)","2,3",0.091154
scene_14671,7,"(3, 4)","1,2",0.108090
scene_11302,8,"(5, 6)","2,3",0.161855
scene_12135,8,"(3, 4)","1,2",0.143059
scene_10381,8,"(0, 1)","2,3",0.065218
scene_12424,8,"(0, 1)","2,3",0.214214
scene_10786,7,"(2, 3)","2,3",0.220042
scene_14019,7,"(4, 5)","2,3",0.198611
scene_12354,7,"(1, 2)","1,2",0.080530
scene_14639,8,"(0, 1)","3,4",0.118843
scene_14777,7,"(1, 2)","1,2",0.104700
scene_11741,7,"(2, 3)","2,3",0.211199
scene_13438,8,"(4, 5)","1,2",0.172820
scene_10289,7,"(5, 6)","1,2",0.120299
scene_11421,7,"(4, 5)","1,2",0.126055
scene_14756,7,"(4, 5)","1,2",0.111291
scene_13646,8,"(5, 6)","2,3",0.162655
scene_10239,7,"(2, 3)","1,2",0.177755
scene_14198,7,"(3, 4)","1,2",0.163163
scene_14210,8,"(4, 5)","1,4",0.098818
scene_10241,8,"(4, 5)","1,4",0.063579
scene_11743,8,"(2, 3)","3,4",0.235342
scene_13586,7,"(3, 4)","1,2",0.116831
scene_11377,8,"(4, 5)","1,2",0.083243
scene_13867,8,"(4, 5)","1,6",0.180990
scene_12417,8,"(3, 4)","4,5",0.139894
scene_11259,8,"(0, 1)","2,3",0.056459
scene_14648,7,"(5, 6)","1,2",0.097926
scene_11640,7,"(0, 1)","1,2",0.037528
scene_12694,8,"(6, 7)","2,3",0.085491
scene_14434,8,"(5, 6)","1,2",0.086266
scene_14243,8,"(5, 6)","1,2",0.106555
scene_12838,7,"(4, 5)","3,6",0.087417
scene_11265,7,"(5, 6)","2,3",0.185691
scene_14195,8,"(6, 7)","1,4",0.137788
scene_11732,8,"(1, 2)","2,3",0.128649
scene_14828,7,"(3, 4)","3,4",0.131945
scene_14991,7,"(3, 4)","2,3",0.090071
scene_13594,8,"(1, 2)","1,2",0.183408
scene_11203,8,"(3, 4)","1,2",0.112268
scene_12195,8,"(2, 3)","1,8",0.062134
scene_14463,7,"(3, 4)","1,2",0.082893
scene_10796,7,"(3, 4)","4,5",0.122073
scene_12950,6,"(3, 4)","1,2",0.104126
scene_10642,8,"(5, 6)","5,6",0.104100
scene_11309,7,"(0, 1)","2,3",0.001790
scene_11081,7,"(2, 3)","1,2",0.150111
scene_12304,8,"(3, 4)","4,5",0.266588
scene_13101,8,"(2, 3)","2,3",0.208838
scene_10538,7,"(5, 6)","1,2",0.245406
scene_13587,7,"(2, 3)","2,3",0.151421
scene_13202,7,"(2, 3)","3,4",0.256610
scene_13866,6,"(1, 2)","1,2",0.070805
scene_12801,8,"(5, 6)","1,2",0.074999
scene_10750,7,"(3, 4)","2,3",0.148139
scene_12130,7,"(0, 1)","2,3",0.000975
scene_14250,7,"(0, 1)","2,3",0.028166
scene_11638,8,"(6, 7)","1,2",0.193588
scene_10208,8,"(0, 1)","2,3",0.052389
scene_12768,8,"(0, 1)","1,2",0.053265
scene_10128,7,"(3, 4)","1,2",0.218245
scene_12473,8,"(0, 1)","2,3",0.294878
scene_14127,7,"(5, 6)","1,2",0.127731
scene_13318,7,"(5, 6)","1,2",0.026444
scene_13495,8,"(2, 3)","1,8",0.185400
scene_10571,8,"(6, 7)","2,3",0.110972
scene_13358,8,"(1, 2)","1,2",0.089254
scene_12476,6,"(4, 5)","2,3",0.126134
scene_13017,8,"(0, 1)","2,3",0.095774
scene_14158,7,"(4, 5)","2,3",0.108124
scene_10797,8,"(4, 5)","2,3",0.104464
scene_10880,8,"(4, 5)","2,3",0.150636
scene_11939,7,"(2, 3)","1,2",0.192953
scene_10921,8,"(5, 6)","1,2",0.142709
scene_10405,7,"(0, 1)","1,2",0.001303
scene_11258,8,"(3, 4)","3,4",0.212883
scene_14716,8,"(2, 3)","2,3",0.263588
scene_10059,8,"(6, 7)","3,4",0.176104
scene_11986,8,"(5, 6)","2,3",0.104615
scene_14382,7,"(3, 4)","1,2",0.094579
scene_14531,7,"(5, 6)","2,3",0.133996
scene_14188,6,"(0, 1)","2,3",0.207468
scene_13582,8,"(2, 3)","4,5",0.067916
scene_10378,8,"(4, 5)","2,3",0.115191
scene_14724,8,"(2, 3)","2,3",0.152342
scene_10830,8,"(2, 3)","3,4",0.139810
scene_14717,7,"(0, 1)","1,2",0.033682
scene_14843,8,"(4, 5)","2,3",0.301949
scene_10947,8,"(4, 5)","1,2",0.086006
scene_14504,8,"(1, 2)","1,2",0.128711
scene_11147,8,"(1, 2)","1,2",0.277353
scene_10678,7,"(5, 6)","1,2",0.067826
scene_12952,8,"(3, 4)","2,3",0.356088
scene_14055,8,"(1, 2)","2,3",0.134919
scene_12093,8,"(6, 7)","2,3",0.066109
scene_11057,8,"(0, 1)","1,2",0.061183
scene_12542,7,"(2, 3)","2,3",0.264430
scene_14294,8,"(6, 7)","1,2",0.131665
scene_14264,8,"(4, 5)","1,2",0.132465
scene_12973,7,"(2, 3)","3,4",0.226269
scene_13011,8,"(0, 1)","1,2",0.079689
scene_11879,8,"(6, 7)","2,3",0.151086
scene_11328,8,"(2, 3)","7,8",0.140323
scene_12869,7,"(4, 5)","2,3",0.099798
scene_11740,8,"(1, 2)","1,2",0.179989
scene_13455,8,"(6, 7)","1,2",0.110781
scene_14338,7,"(3, 4)","2,3",0.146144
scene_11456,8,"(6, 7)","1,2",0.071464
scene_13521,7,"(4, 5)","3,4",0.107462
scene_10091,7,"(4, 5)","2,3",0.098717
scene_14233,7,"(4, 5)","2,3",0.077453
scene_12307,8,"(5, 6)","2,3",0.141455
scene_13685,8,"(5, 6)","2,3",0.161932
scene_14562,8,"(4, 5)","2,3",0.150092
scene_11427,7,"(0, 1)","2,3",0.062239
scene_14370,6,"(4, 5)","1,2",0.229958
scene_12687,8,"(5, 6)","1,2",0.161973
scene_12305,8,"(6, 7)","1,2",0.243071
scene_10976,5,"(2, 3)","1,2",0.051127
scene_11826,8,"(0, 1)","1,2",0.095143
scene_10990,8,"(1, 2)","1,2",0.221010
scene_12022,8,"(2, 3)","2,3",0.117137
scene_13284,7,"(5, 6)","2,3",0.144904
scene_13976,7,"(2, 3)","1,2",0.176464
scene_13334,7,"(2, 3)","2,3",0.098820
scene_10703,7,"(2, 3)","1,2",0.157272
scene_10639,8,"(0, 1)","2,3",0.114133
scene_12856,8,"(1, 2)","1,2",0.121187
scene_10290,8,"(6, 7)","1,2",0.114089
scene_11496,7,"(1, 2)","1,2",0.099946
scene_14523,7,"(4, 5)","2,3",0.306796
scene_14435,8,"(5, 6)","3,4",0.193200
scene_10175,7,"(3, 4)","2,3",0.188066
scene_10852,8,"(0, 1)","2,3",0.091494
scene_13372,7,"(1, 2)","2,3",0.080509
scene_13259,7,"(5, 6)","1,2",0.085583
scene_14298,7,"(5, 6)","2,3",0.120382
scene_10050,8,"(0, 1)","2,3",0.080205
scene_13278,7,"(0, 1)","2,3",0.019479
scene_14622,7,"(5, 6)","2,3",0.077622
scene_13186,6,"(4, 5)","1,2",0.061011
scene_12865,8,"(1, 2)","2,3",0.083411
scene_11206,7,"(3, 4)","2,3",0.203231
scene_14368,8,"(3, 4)","1,2",0.294097
scene_14923,8,"(3, 4)","2,3",0.122226
scene_10949,8,"(2, 3)","2,3",0.183032
scene_10802,8,"(1, 2)","1,2",0.141487
scene_10767,8,"(2, 3)","3,4",0.277067
scene_12331,5,"(2, 3)","1,2",0.090798
scene_10453,6,"(2, 3)","1,2",0.199010
scene_12533,8,"(6, 7)","2,3",0.135118
scene_11409,7,"(4, 5)","2,3",0.107288
scene_13239,7,"(4, 5)","3,4",0.285937
scene_14380,8,"(0, 1)","2,6",0.194601
scene_11063,7,"(0, 1)","1,2",0.027996
scene_14682,7,"(1, 2)","1,5",0.107968
scene_13967,8,"(1, 2)","2,3",0.284670
scene_13066,7,"(4, 5)","1,2",0.072107
scene_13429,5,"(0, 1)","2,3",0.050681
scene_10201,7,"(5, 6)","1,5",0.122300
scene_12420,8,"(0, 1)","4,5",0.110175
scene_10216,8,"(2, 3)","2,3",0.197300
scene_13608,7,"(3, 4)","2,3",0.304149
scene_12835,7,"(5, 6)","2,3",0.092615
scene_10680,8,"(3, 4)","1,3",0.197600
scene_12669,7,"(3, 4)","2,3",0.178851
scene_10819,7,"(4, 5)","2,3",0.100949
scene_11325,7,"(3, 4)","1,2",0.178138
scene_13849,8,"(3, 4)","2,3",0.234231
scene_12804,8,"(2, 3)","2,3",0.161540
scene_11154,7,"(1, 2)","2,3",0.112457
scene_10090,7,"(4, 5)","1,2",0.081754
scene_11255,8,"(0, 1)","1,2",0.059960
scene_13705,8,"(2, 3)","1,2",0.218993
scene_10340,7,"(3, 4)","2,3",0.118255
scene_10728,8,"(0, 1)","1,2",0.182837
scene_13016,8,"(2, 3)","2,3",0.209028
scene_11347,7,"(5, 6)","2,3",0.087962
scene_13749,8,"(5, 6)","2,3",0.110253
scene_13302,8,"(4, 5)","1,2",0.069844
scene_10223,8,"(3, 4)","1,2",0.221150
scene_14331,8,"(4, 5)","1,2",0.056268
scene_12699,8,"(5, 6)","2,3",0.139618
scene_12292,8,"(2, 3)","2,3",0.155605
scene_11995,8,"(0, 1)","2,3",0.065094
scene_12241,8,"(1, 2)","1,2",0.071633
scene_14706,8,"(3, 4)","2,3",0.160911
scene_11834,8,"(4, 5)","2,3",0.218202
scene_11437,8,"(0, 1)","1,2",0.089836
scene_10737,8,"(0, 1)","2,3",0.330493
scene_11620,7,"(1, 2)","2,3",0.090865
scene_10075,7,"(2, 3)","2,3",0.089524
scene_11114,8,"(1, 2)","1,2",0.194413
scene_14173,8,"(6, 7)","1,2",0.047393
scene_12092,7,"(1, 2)","2,3",0.149111
scene_12935,7,"(2, 3)","2,3",0.192005
scene_13394,7,"(2, 3)","1,2",0.318133
scene_13150,8,"(2, 3)","1,2",0.300119
scene_12986,8,"(0, 1)","2,3",0.081426
scene_12141,6,"(0, 1)","4,5",0.228944
scene_10821,5,"(3, 4)","1,2",0.098623
scene_11193,8,"(5, 6)","2,3",0.089416
scene_12528,7,"(3, 4)","1,2",0.148468
scene_12761,6,"(1, 2)","2,5",0.048828
scene_14411,6,"(1, 2)","2,3",0.056861
scene_12998,8,"(3, 4)","3,4",0.153497
scene_12316,8,"(4, 5)","2,3",0.202343
scene_14341,8,"(5, 6)","3,6",0.204048
scene_10867,7,"(1, 2)","1,2",0.073657
scene_11465,8,"(4, 5)","2,3",0.160910
scene_12926,8,"(4, 5)","1,2",0.068360
scene_14747,7,"(5, 6)","3,4",0.153708
scene_12917,8,"(6, 7)","1,2",0.069954
scene_10496,7,"(2, 3)","1,2",0.187838
scene_12584,8,"(0, 1)","2,3",0.082257
scene_12063,8,"(3, 4)","3,4",0.092680
scene_13504,8,"(6, 7)","1,2",0.070238
scene_12892,8,"(5, 6)","2,3",0.068597
scene_11379,7,"(0, 1)","1,2",0.034041
scene_12540,7,"(3, 4)","2,3",0.151705
scene_14889,7,"(0, 1)","2,3",0.037871
scene_14857,7,"(3, 4)","2,3",0.162662
scene_13471,8,"(0, 1)","1,2",0.121693
scene_12831,7,"(2, 3)","2,3",0.162719
scene_14316,7,"(4, 5)","1,2",0.246111
scene_13478,7,"(3, 4)","1,6",0.128242
scene_13221,8,"(4, 5)","1,2",0.145341
scene_11958,8,"(3, 4)","1,2",0.230889
scene_12736,6,"(3, 4)","2,6",0.161858
scene_12414,8,"(2, 3)","2,3",0.275195
scene_10430,8,"(0, 1)","2,6",0.119668
scene_13419,8,"(3, 4)","2,3",0.207155
scene_14714,8,"(0, 1)","2,3",0.110849
scene_14335,8,"(2, 3)","1,2",0.115079
scene_10055,8,"(1, 2)","1,2",0.072800
scene_13634,8,"(6, 7)","2,3",0.109022
scene_12096,8,"(4, 5)","2,3",0.255839
scene_13492,7,"(3, 4)","2,3",0.081791
scene_13894,7,"(5, 6)","1,5",0.095642
scene_14550,7,"(2, 3)","3,4",0.194769
scene_11213,8,"(0, 1)","2,3",0.135686
scene_10410,7,"(3, 4)","3,4",0.126009
scene_13149,6,"(0, 1)","2,3",0.018951
scene_12299,8,"(1, 2)","3,4",0.079718
scene_13311,8,"(3, 4)","1,4",0.193577
scene_14179,7,"(4, 5)","1,2",0.229039
scene_14364,7,"(3, 4)","1,2",0.172626
scene_12334,7,"(4, 5)","3,4",0.080402
scene_12845,8,"(0, 1)","3,4",0.073481
scene_10575,8,"(3, 4)","2,3",0.301163
scene_13012,7,"(2, 3)","1,2",0.132137
scene_10668,7,"(5, 6)","2,3",0.040476
scene_14778,8,"(2, 3)","2,8",0.242168
scene_11602,7,"(1, 2)","2,3",0.128328
scene_11180,7,"(2, 3)","2,3",0.201327
scene_11006,8,"(6, 7)","3,4",0.061527
scene_11297,8,"(1, 2)","2,3",0.138335
scene_14326,7,"(0, 1)","2,3",0.035015
scene_12416,7,"(4, 5)","1,4",0.050550
scene_13993,7,"(5, 6)","2,3",0.072319
scene_14941,8,"(0, 1)","3,4",0.068587
scene_12984,7,"(4, 5)","2,3",0.120619
scene_14569,8,"(4, 5)","1,2",0.297341
scene_10644,7,"(1, 2)","2,6",0.058077
scene_10982,7,"(2, 3)","2,3",0.143214
scene_14096,7,"(2, 3)","3,4",0.193706
scene_12864,8,"(5, 6)","3,4",0.192786
scene_14536,8,"(6, 7)","2,3",0.141548
scene_14487,8,"(5, 6)","2,3",0.122351
scene_14880,8,"(6, 7)","2,3",0.088542
scene_13243,8,"(1, 2)","2,3",0.183857
scene_12898,8,"(1, 2)","2,3",0.154579
scene_14109,8,"(0, 1)","1,2",0.093866
scene_11334,7,"(1, 2)","3,4",0.215819
scene_13460,7,"(2, 3)","2,3",0.140537
scene_11687,8,"(1, 2)","1,2",0.137891
scene_11671,8,"(1, 2)","1,4",0.146165
scene_12697,7,"(4, 5)","3,4",0.232254
scene_10686,8,"(1, 2)","1,2",0.061398
scene_10902,7,"(5, 6)","2,3",0.058666
scene_13008,8,"(0, 1)","2,3",0.158089
scene_13424,7,"(1, 2)","2,3",0.123902
scene_11647,8,"(6, 7)","1,2",0.137273
scene_13039,7,"(5, 6)","3,4",0.225033
scene_12991,8,"(3, 4)","2,3",0.129931
scene_11724,7,"(3, 4)","2,3",0.184086
scene_10681,7,"(4, 5)","2,3",0.084732
scene_10811,7,"(4, 5)","3,4",0.143295
scene_12607,8,"(3, 4)","1,2",0.246741
scene_14567,7,"(5, 6)","2,3",0.153854
scene_14079,7,"(4, 5)","1,4",0.221466
scene_13422,7,"(5, 6)","2,6",0.170833
scene_12906,8,"(5, 6)","2,3",0.094470
scene_14391,7,"(4, 5)","1,2",0.183642
scene_12090,8,"(2, 3)","2,3",0.279057
scene_12151,7,"(5, 6)","2,3",0.038698
scene_11217,8,"(2, 3)","2,3",0.262584
scene_12724,8,"(1, 2)","2,3",0.231192
scene_14458,8,"(3, 4)","2,3",0.202429
scene_11477,8,"(0, 1)","1,2",0.145595
scene_10506,7,"(3, 4)","2,3",0.125077
scene_12353,8,"(3, 4)","1,2",0.148688
scene_13724,8,"(5, 6)","2,3",0.162167
scene_14306,7,"(2, 3)","1,2",0.159548
scene_10157,7,"(2, 3)","1,2",0.137911
scene_11603,7,"(4, 5)","2,3",0.282755
scene_14372,6,"(0, 1)","2,3",0.047975
scene_12388,8,"(2, 3)","2,3",0.115886
scene_10863,8,"(4, 5)","2,3",0.044226
scene_12576,8,"(0, 1)","3,4",0.065229
scene_10891,8,"(2, 3)","2,3",0.144500
scene_14631,7,"(3, 4)","1,2",0.121657
scene_12131,8,"(3, 4)","2,3",0.103041
scene_12563,6,"(0, 1)","1,2",0.118030
scene_12392,8,"(0, 1)","1,2",0.101514
scene_14997,7,"(2, 3)","1,2",0.205175
scene_14640,7,"(2, 3)","2,3",0.160106
scene_10551,8,"(0, 1)","1,2",0.199378
scene_10284,8,"(5, 6)","2,3",0.246578
scene_14901,7,"(0, 1)","1,2",0.016592
scene_10780,8,"(4, 5)","3,4",0.133588
scene_11404,8,"(4, 5)","2,3",0.083951
scene_13228,7,"(4, 5)","2,3",0.286348
scene_11068,7,"(3, 4)","2,3",0.162915
scene_12982,7,"(3, 4)","2,3",0.072417
scene_14890,7,"(4, 5)","2,3",0.183496
scene_12004,8,"(4, 5)","2,3",0.134120
scene_11854,8,"(6, 7)","1,2",0.069722
scene_14044,7,"(5, 6)","2,3",0.071754
scene_12081,8,"(0, 1)","3,4",0.085491
scene_13293,8,"(3, 4)","2,3",0.158438
scene_12938,7,"(4, 5)","1,6",0.099481
scene_12295,7,"(5, 6)","2,3",0.065876
scene_13155,8,"(1, 2)","1,2",0.228032
scene_10848,8,"(2, 3)","1,2",0.135587
scene_14681,8,"(4, 5)","2,3",0.125766
scene_13510,8,"(3, 4)","2,3",0.173382
scene_10789,7,"(4, 5)","2,3",0.212225
scene_12076,7,"(1, 2)","1,6",0.103950
scene_13180,7,"(0, 1)","2,3",0.019427
scene_11607,4,"(1, 2)","2,3",0.038751
scene_11225,7,"(0, 1)","1,2",0.137721
scene_12328,8,"(6, 7)","2,3",0.132600
scene_12635,8,"(6, 7)","2,3",0.062510
scene_13888,8,"(2, 3)","3,4",0.205729
scene_10725,7,"(5, 6)","2,3",0.253703
scene_10183,8,"(0, 1)","1,2",0.121481
scene_14972,7,"(4, 5)","1,2",0.176998
scene_12242,8,"(5, 6)","2,3",0.135582
scene_14905,8,"(1, 2)","1,2",0.073756
scene_13161,8,"(0, 1)","1,8",0.088594
scene_13614,4,"(0, 1)","2,3",0.046055
scene_13047,8,"(5, 6)","2,3",0.186863
scene_10357,7,"(3, 4)","2,3",0.111106
scene_14912,7,"(3, 4)","2,3",0.117759
scene_10419,7,"(4, 5)","1,2",0.170452
scene_11105,8,"(4, 5)","2,3",0.123516
scene_11475,7,"(4, 5)","4,5",0.128650
scene_13754,7,"(1, 2)","4,5",0.072298
scene_13670,7,"(2, 3)","1,2",0.148887
scene_12579,8,"(2, 3)","2,3",0.158929
scene_10375,7,"(2, 3)","1,2",0.119085
scene_13938,8,"(3, 4)","1,6",0.099377
scene_13771,7,"(3, 4)","1,2",0.111310
scene_14034,8,"(6, 7)","2,3",0.091202
scene_11596,8,"(2, 3)","1,2",0.131588
scene_13280,7,"(5, 6)","1,2",0.032243
scene_12074,7,"(4, 5)","2,3",0.076604
scene_13261,8,"(0, 1)","2,3",0.082384
scene_11098,8,"(6, 7)","1,2",0.161882
scene_14371,8,"(5, 6)","1,2",0.222528
scene_13613,8,"(5, 6)","2,3",0.075992
scene_12557,8,"(2, 3)","2,3",0.156247
scene_12197,4,"(0, 1)","2,3",0.001080
scene_10351,8,"(2, 3)","1,2",0.107449
scene_14036,7,"(0, 1)","1,5",0.036971
scene_10761,7,"(4, 5)","2,3",0.145449
scene_13581,8,"(5, 6)","2,3",0.157403
scene_11538,8,"(3, 4)","3,4",0.133920
scene_11458,7,"(2, 3)","2,3",0.131572
scene_14566,6,"(2, 3)","2,3",0.164996
scene_12218,8,"(5, 6)","2,3",0.159425
scene_13396,7,"(5, 6)","2,3",0.085557
scene_12977,6,"(4, 5)","1,2",0.078410
scene_10121,8,"(6, 7)","2,3",0.192596
scene_11337,8,"(1, 2)","2,3",0.105501
scene_12224,7,"(2, 3)","2,3",0.213417
scene_11396,6,"(0, 1)","1,2",0.051441
scene_10311,7,"(4, 5)","2,3",0.181370
scene_10951,8,"(5, 6)","2,3",0.129686
scene_11791,8,"(1, 2)","2,3",0.149287
scene_10401,8,"(2, 3)","2,3",0.088766
scene_10219,8,"(2, 3)","1,2",0.120683
scene_11417,8,"(5, 6)","1,4",0.163953
scene_14193,8,"(5, 6)","3,4",0.073561
scene_10321,8,"(5, 6)","2,3",0.122039
scene_12622,7,"(3, 4)","1,2",0.093508
scene_11573,7,"(1, 2)","2,3",0.175254
scene_11359,7,"(4, 5)","2,3",0.188799
scene_11594,7,"(5, 6)","1,2",0.125428
scene_10985,8,"(0, 1)","1,2",0.195785
scene_12462,7,"(2, 3)","2,3",0.073136
scene_13138,7,"(4, 5)","1,2",0.075952
scene_10315,7,"(3, 4)","1,2",0.170673
scene_14629,7,"(5, 6)","2,3",0.038352
scene_12651,8,"(6, 7)","1,2",0.213073
scene_13716,7,"(2, 3)","1,6",0.106352
scene_13453,8,"(6, 7)","5,6",0.126913
scene_11289,6,"(1, 2)","2,3",0.067024
scene_12273,7,"(5, 6)","2,3",0.143110
scene_13759,7,"(5, 6)","1,2",0.166931
scene_14769,8,"(6, 7)","2,3",0.208345
scene_13863,8,"(5, 6)","1,2",0.216734
scene_10190,5,"(0, 1)","2,3",0.048908
scene_12524,8,"(5, 6)","2,3",0.075253
scene_11948,7,"(5, 6)","2,3",0.232116
scene_13442,7,"(3, 4)","1,2",0.212231
scene_10942,7,"(4, 5)","2,3",0.058266
scene_10174,8,"(2, 3)","2,3",0.170152
scene_14742,8,"(0, 1)","2,3",0.155006
scene_12615,8,"(2, 3)","1,2",0.122366
scene_14015,8,"(2, 3)","1,5",0.163031
scene_14855,8,"(1, 2)","2,3",0.069974
scene_12962,8,"(1, 2)","1,2",0.167259
scene_14409,8,"(2, 3)","1,2",0.086765
scene_13965,8,"(6, 7)","2,3",0.127236
scene_13998,8,"(3, 4)","3,4",0.199944
scene_14800,8,"(1, 2)","2,3",0.139897
scene_14128,8,"(1, 2)","2,3",0.228271
scene_12323,8,"(1, 2)","1,2",0.118640
scene_12421,7,"(1, 2)","3,4",0.173609
scene_14871,8,"(0, 1)","2,3",0.118392
scene_12493,7,"(2, 3)","2,3",0.330572
scene_13640,8,"(6, 7)","1,2",0.079765
scene_12268,7,"(0, 1)","2,3",0.059942
scene_10926,7,"(4, 5)","2,3",0.120880
scene_14156,8,"(6, 7)","2,3",0.082455
scene_11881,7,"(4, 5)","2,3",0.303029
scene_14471,8,"(6, 7)","1,2",0.176951
scene_14660,5,"(0, 1)","1,2",0.000852
scene_13163,8,"(5, 6)","3,4",0.124097
scene_11626,8,"(2, 3)","1,2",0.166186
scene_11095,8,"(6, 7)","2,3",0.112247
scene_12562,7,"(4, 5)","2,3",0.052989
scene_11034,8,"(1, 2)","2,3",0.217474
scene_13201,8,"(4, 5)","2,3",0.213103
scene_12263,8,"(3, 4)","1,2",0.159070
scene_10610,8,"(1, 2)","2,3",0.102956
scene_10395,8,"(1, 2)","2,3",0.323742
scene_10439,8,"(1, 2)","1,8",0.104514
scene_10735,8,"(6, 7)","2,3",0.133431
scene_12959,8,"(5, 6)","2,3",0.127082
scene_14074,7,"(4, 5)","2,3",0.137199
scene_10070,6,"(1, 2)","1,5",0.067985
scene_11175,7,"(5, 6)","2,3",0.225186
scene_13321,7,"(3, 4)","1,2",0.086456
scene_12617,8,"(0, 1)","2,3",0.223458
scene_14447,8,"(3, 4)","2,3",0.231748
scene_11685,8,"(2, 3)","2,3",0.194063
scene_12440,8,"(5, 6)","2,3",0.083920
scene_12312,8,"(5, 6)","2,3",0.198052
scene_14029,7,"(1, 2)","2,3",0.201682
scene_13939,8,"(3, 4)","2,3",0.076625
scene_10247,7,"(4, 5)","2,3",0.065564
scene_12655,7,"(2, 3)","2,3",0.165736
scene_11868,7,"(5, 6)","2,3",0.053307
scene_12072,7,"(3, 4)","1,2",0.163353
scene_14775,8,"(1, 2)","1,4",0.249360
scene_13621,8,"(4, 5)","2,3",0.129541
scene_14543,7,"(1, 2)","1,2",0.065189
scene_10278,6,"(2, 3)","2,3",0.160645
scene_14573,7,"(3, 4)","2,3",0.229203
scene_12506,7,"(1, 2)","2,3",0.128951
scene_11690,7,"(2, 3)","2,3",0.239841
scene_14865,8,"(5, 6)","2,3",0.177445
scene_10198,8,"(4, 5)","1,2",0.170731
scene_10304,8,"(3, 4)","1,2",0.121850
scene_10138,7,"(3, 4)","2,3",0.163171
scene_13272,8,"(6, 7)","3,4",0.146232
scene_10240,8,"(2, 3)","3,4",0.289989
scene_14290,8,"(6, 7)","2,3",0.149199
scene_12001,7,"(3, 4)","2,3",0.168173
scene_12545,7,"(4, 5)","1,2",0.094202
scene_10694,7,"(4, 5)","1,2",0.193617
scene_14492,8,"(3, 4)","1,2",0.109313
scene_10690,8,"(1, 2)","1,6",0.209881
scene_11888,8,"(6, 7)","2,3",0.125005
scene_12010,7,"(1, 2)","2,3",0.142479
scene_14683,8,"(6, 7)","1,2",0.132742
scene_11055,7,"(4, 5)","2,3",0.175239
scene_13959,8,"(1, 2)","2,3",0.222234
scene_12046,8,"(6, 7)","1,2",0.171287
scene_11007,7,"(2, 3)","1,2",0.166337
scene_14011,8,"(0, 1)","3,4",0.100671
scene_13425,6,"(3, 4)","2,3",0.156741
scene_11352,8,"(6, 7)","1,2",0.109089
scene_10804,8,"(2, 3)","2,3",0.272776
scene_10625,8,"(4, 5)","2,3",0.143311
scene_13930,7,"(0, 1)","2,3",0.002884
scene_13403,8,"(5, 6)","2,3",0.149737
scene_12439,6,"(4, 5)","1,2",0.033561
scene_13191,8,"(6, 7)","2,3",0.199539
scene_10598,7,"(0, 1)","1,2",0.085157
scene_13803,8,"(2, 3)","2,3",0.138282
scene_10187,8,"(0, 1)","1,2",0.106934
scene_11696,7,"(1, 2)","2,3",0.097821
scene_11282,8,"(2, 3)","1,2",0.206198
scene_11519,7,"(3, 4)","1,2",0.055047
scene_13952,7,"(4, 5)","1,2",0.075127
scene_11312,8,"(1, 2)","1,2",0.132816
scene_14878,6,"(3, 4)","2,3",0.034934
scene_14013,8,"(0, 1)","2,3",0.115481
scene_12823,8,"(1, 2)","1,2",0.239208
scene_14774,8,"(6, 7)","1,2",0.060813
scene_12101,7,"(3, 4)","2,3",0.312459
scene_11474,7,"(2, 3)","2,3",0.222494
scene_12429,8,"(0, 1)","2,3",0.082985
scene_12705,7,"(3, 4)","2,3",0.273376
scene_11472,8,"(0, 1)","2,3",0.150778
scene_14969,8,"(3, 4)","1,4",0.175164
scene_11910,6,"(4, 5)","1,2",0.214430
scene_14788,7,"(2, 3)","1,2",0.151636
scene_11160,7,"(1, 2)","1,2",0.087722
scene_14172,8,"(3, 4)","2,3",0.082822
scene_12518,8,"(0, 1)","2,3",0.142792
scene_14377,8,"(2, 3)","1,2",0.136127
scene_14362,8,"(1, 2)","1,2",0.122899
scene_13893,8,"(0, 1)","2,3",0.062184
scene_13650,8,"(2, 3)","1,2",0.082808
scene_14072,8,"(0, 1)","1,2",0.140122
scene_13901,8,"(6, 7)","2,3",0.177484
scene_10868,6,"(2, 3)","1,2",0.146234
scene_14169,7,"(1, 2)","1,2",0.077366
scene_11242,8,"(1, 2)","1,2",0.155620
scene_11364,7,"(0, 1)","2,3",0.056179
scene_10856,8,"(2, 3)","2,3",0.058357
scene_11964,8,"(6, 7)","1,8",0.160830
scene_14579,6,"(3, 4)","1,2",0.168338
scene_10771,7,"(5, 6)","1,6",0.139866
scene_12750,7,"(1, 2)","2,3",0.144324
scene_13885,6,"(3, 4)","1,2",0.127645
scene_11545,7,"(3, 4)","2,3",0.102655
scene_11100,7,"(4, 5)","2,3",0.129453
scene_14574,8,"(0, 1)","1,2",0.148337
scene_10781,7,"(0, 1)","2,3",0.000693
scene_14913,7,"(0, 1)","1,2",0.000965
scene_14517,6,"(2, 3)","2,3",0.108093
scene_14784,8,"(1, 2)","2,3",0.122636
scene_13229,7,"(1, 2)","2,3",0.112762
scene_13838,7,"(4, 5)","1,2",0.118015
scene_14310,8,"(5, 6)","1,2",0.127806
scene_10833,7,"(4, 5)","2,3",0.273945
scene_14821,7,"(4, 5)","2,3",0.207714
scene_14659,8,"(3, 4)","2,3",0.138969
scene_14287,8,"(0, 1)","1,2",0.056285
scene_13142,7,"(2, 3)","2,3",0.192572
scene_12171,7,"(1, 2)","1,2",0.099987
scene_12857,8,"(2, 3)","1,8",0.143833
scene_11691,8,"(0, 1)","1,2",0.079005
scene_12605,8,"(0, 1)","2,3",0.115477
scene_12478,7,"(1, 2)","2,3",0.057929
scene_10592,7,"(3, 4)","1,2",0.234363
scene_11232,6,"(4, 5)","2,3",0.100179
scene_12803,7,"(3, 4)","1,6",0.135825
scene_14387,7,"(0, 1)","1,2",0.014557
scene_12987,8,"(0, 1)","3,4",0.184060
scene_12204,7,"(3, 4)","2,3",0.176239
scene_10754,7,"(4, 5)","2,3",0.190710
scene_11542,6,"(4, 5)","1,2",0.174481
scene_12859,8,"(0, 1)","2,3",0.164772
scene_10612,7,"(5, 6)","2,3",0.264091
scene_13793,7,"(4, 5)","1,2",0.186436
scene_11706,8,"(4, 5)","2,3",0.146302
scene_13105,8,"(1, 2)","1,2",0.219230
scene_12149,7,"(5, 6)","1,2",0.207111
scene_14087,7,"(1, 2)","2,3",0.069805
scene_11411,8,"(2, 3)","2,3",0.125099
scene_10192,7,"(3, 4)","1,5",0.228825
scene_14817,7,"(0, 1)","1,2",0.047650
scene_14968,8,"(4, 5)","2,3",0.189411
scene_11750,8,"(2, 3)","2,3",0.236411
scene_12921,8,"(1, 2)","1,2",0.136837
scene_13525,8,"(4, 5)","3,4",0.177992
scene_13651,8,"(3, 4)","1,2",0.204204
scene_11128,7,"(1, 2)","1,2",0.078077
scene_11231,8,"(5, 6)","1,2",0.069240
scene_11694,8,"(5, 6)","3,4",0.241695
scene_10906,8,"(0, 1)","1,2",0.147510
scene_13656,8,"(4, 5)","1,2",0.199579
scene_13508,8,"(2, 3)","2,3",0.107695
scene_12433,8,"(0, 1)","2,3",0.090591
scene_14251,7,"(4, 5)","2,3",0.133051
scene_11314,7,"(4, 5)","1,2",0.093667
scene_11307,7,"(4, 5)","1,6",0.113513
scene_13807,8,"(6, 7)","2,3",0.101067
scene_14726,8,"(4, 5)","2,3",0.106333
scene_13664,7,"(4, 5)","2,5",0.157188
scene_14561,7,"(0, 1)","1,2",0.035972
scene_10231,7,"(3, 4)","2,3",0.162984
scene_13756,8,"(6, 7)","1,2",0.130788
scene_14451,7,"(3, 4)","2,3",0.192095
scene_10960,8,"(0, 1)","1,2",0.078508
scene_14439,8,"(5, 6)","2,3",0.155219
scene_14825,7,"(3, 4)","2,3",0.133088
scene_13014,7,"(2, 3)","2,3",0.193898
scene_11003,7,"(2, 3)","2,3",0.177140
scene_13752,7,"(5, 6)","2,3",0.202408
scene_14995,7,"(0, 1)","2,5",0.015662
scene_10137,8,"(2, 3)","2,3",0.140726
scene_10414,7,"(0, 1)","1,2",0.019339
scene_12916,8,"(2, 3)","2,3",0.091307
scene_10845,7,"(1, 2)","1,2",0.092800
scene_13050,7,"(5, 6)","2,3",0.204205
scene_13683,8,"(5, 6)","1,8",0.172971
scene_11718,7,"(5, 6)","2,3",0.036519
scene_10131,8,"(0, 1)","2,3",0.109874
scene_10463,8,"(6, 7)","2,3",0.066664
scene_14787,8,"(4, 5)","2,3",0.237624
scene_11130,7,"(5, 6)","2,3",0.121141
scene_10636,7,"(2, 3)","2,3",0.204764
scene_12802,8,"(1, 2)","3,4",0.081870
scene_11887,7,"(0, 1)","2,3",0.039256
scene_13572,7,"(2, 3)","2,3",0.109339
scene_14216,8,"(4, 5)","2,3",0.124756
scene_11554,7,"(2, 3)","2,3",0.177242
scene_12179,7,"(5, 6)","2,3",0.263125
scene_13948,8,"(1, 2)","2,3",0.131381
scene_13747,8,"(6, 7)","1,2",0.173553
scene_14526,8,"(6, 7)","3,4",0.143763
scene_13898,8,"(5, 6)","2,3",0.152961
scene_10093,8,"(3, 4)","2,3",0.205084
scene_10014,8,"(5, 6)","1,4",0.080600
scene_14999,8,"(3, 4)","2,3",0.185785
scene_10522,7,"(5, 6)","4,5",0.103125
scene_14670,8,"(1, 2)","2,3",0.291206
scene_13917,7,"(1, 2)","1,2",0.114156
scene_12201,8,"(0, 1)","1,5",0.176524
scene_10732,8,"(5, 6)","1,2",0.057812
scene_10486,8,"(6, 7)","2,3",0.074154
scene_11425,7,"(3, 4)","1,2",0.146219
scene_10545,7,"(0, 1)","2,3",0.148486
scene_12209,8,"(2, 3)","2,3",0.132904
scene_14043,8,"(1, 2)","3,4",0.086749
scene_11539,8,"(0, 1)","1,2",0.078703
scene_11547,8,"(6, 7)","2,3",0.085439
scene_13843,8,"(1, 2)","2,3",0.141816
scene_13980,7,"(0, 1)","1,2",0.021632
scene_13590,6,"(2, 3)","1,2",0.102835
scene_14538,5,"(2, 3)","2,3",0.119880
scene_10555,6,"(4, 5)","2,3",0.066852
scene_13986,8,"(3, 4)","2,3",0.214287
scene_13322,8,"(6, 7)","1,2",0.063651
scene_13097,8,"(4, 5)","1,2",0.215293
scene_14707,8,"(3, 4)","2,3",0.134241
scene_11934,7,"(2, 3)","2,3",0.119264
scene_10282,8,"(0, 1)","3,4",0.220632
scene_10246,7,"(5, 6)","2,3",0.093469
scene_14027,7,"(1, 2)","1,2",0.099581
scene_10261,8,"(2, 3)","2,3",0.178594
scene_12820,8,"(2, 3)","1,2",0.177477
scene_14827,8,"(6, 7)","2,3",0.126236
scene_13362,7,"(0, 1)","1,2",0.006921
scene_10299,8,"(6, 7)","2,3",0.111761
scene_10893,8,"(5, 6)","1,2",0.084312
scene_10012,7,"(2, 3)","2,3",0.120321
scene_14549,8,"(2, 3)","2,3",0.198550
scene_13382,7,"(0, 1)","2,3",0.028104
scene_13929,8,"(6, 7)","2,3",0.169970
scene_11263,8,"(2, 3)","2,3",0.244815
scene_11894,8,"(3, 4)","1,8",0.098215
scene_13423,7,"(3, 4)","2,3",0.140567
scene_14983,8,"(5, 6)","2,3",0.150233
scene_13361,7,"(3, 4)","1,2",0.125457
scene_12638,8,"(3, 4)","2,3",0.164770
scene_14125,8,"(2, 3)","1,2",0.156542
scene_14423,8,"(1, 2)","2,3",0.276071
scene_10541,7,"(3, 4)","1,2",0.097974
scene_12930,7,"(5, 6)","2,3",0.059323
scene_10227,8,"(3, 4)","2,3",0.151479
scene_11825,7,"(2, 3)","2,3",0.129656
scene_13373,8,"(6, 7)","2,3",0.058122
scene_14278,8,"(4, 5)","2,3",0.178638
scene_14383,8,"(2, 3)","3,4",0.161276
scene_10842,7,"(0, 1)","2,3",0.041779
scene_10477,8,"(5, 6)","4,5",0.165793
scene_14126,8,"(3, 4)","2,3",0.250129
scene_14899,7,"(0, 1)","4,5",0.001942
scene_13260,8,"(3, 4)","1,2",0.139503
scene_14605,8,"(4, 5)","2,3",0.150906
scene_10614,8,"(6, 7)","1,2",0.198797
scene_14230,6,"(1, 2)","2,3",0.112562
scene_14697,8,"(4, 5)","3,4",0.126332
scene_10829,8,"(2, 3)","1,2",0.056020
scene_13153,7,"(2, 3)","1,2",0.123483
scene_12244,7,"(0, 1)","1,5",0.035745
scene_10252,8,"(0, 1)","2,3",0.090564
scene_10460,6,"(2, 3)","2,3",0.045159
scene_12311,7,"(5, 6)","2,3",0.179728
scene_10319,7,"(2, 3)","2,3",0.117889
scene_11482,8,"(2, 3)","2,3",0.125022
scene_12164,8,"(3, 4)","1,2",0.208716
scene_14245,8,"(4, 5)","2,3",0.185626
scene_13331,7,"(5, 6)","2,3",0.080436
scene_10335,8,"(3, 4)","1,2",0.147420
scene_11014,8,"(1, 2)","2,3",0.117229
scene_10895,7,"(5, 6)","1,2",0.221095
scene_13782,7,"(3, 4)","2,3",0.145925
scene_11929,8,"(2, 3)","1,2",0.213359
scene_14477,7,"(3, 4)","2,3",0.180842
scene_13612,8,"(0, 1)","2,3",0.242017
scene_11531,8,"(5, 6)","1,2",0.211331
scene_14708,8,"(6, 7)","2,3",0.130280
scene_10628,8,"(2, 3)","3,4",0.170958
scene_11959,8,"(4, 5)","3,4",0.075334
scene_10548,8,"(3, 4)","3,4",0.130436
scene_14319,8,"(2, 3)","2,3",0.170343
scene_10905,8,"(5, 6)","2,3",0.073837
scene_13541,6,"(0, 1)","2,3",0.122686
scene_12456,6,"(0, 1)","3,4",0.034719
scene_14748,8,"(5, 6)","1,6",0.193827
scene_14666,6,"(3, 4)","2,3",0.115665
scene_12822,7,"(2, 3)","2,3",0.090661
scene_12452,8,"(4, 5)","1,2",0.249263
scene_12715,7,"(5, 6)","1,2",0.155950
scene_11257,8,"(5, 6)","3,4",0.263364
scene_11907,7,"(1, 2)","2,3",0.056450
scene_10485,8,"(0, 1)","3,4",0.113381
scene_14399,8,"(1, 2)","2,3",0.134538
scene_13359,8,"(6, 7)","3,4",0.144147
scene_11473,7,"(4, 5)","2,3",0.123639
scene_14910,8,"(5, 6)","0,1",0.079182
scene_10046,7,"(3, 4)","2,3",0.082626
scene_12347,8,"(0, 1)","2,3",0.085115
scene_14227,8,"(1, 2)","3,4",0.196097
scene_11237,8,"(0, 1)","3,4",0.120512
scene_13253,7,"(1, 2)","2,3",0.061247
scene_11094,7,"(5, 6)","2,3",0.160039
scene_11830,7,"(2, 3)","3,4",0.141700
scene_10965,8,"(2, 3)","1,2",0.194616
scene_14548,8,"(3, 4)","2,3",0.111797
scene_11069,8,"(4, 5)","2,3",0.114750
scene_10027,8,"(0, 1)","2,3",0.080476
scene_13734,8,"(4, 5)","2,3",0.215844
scene_11326,7,"(1, 2)","1,2",0.085884
scene_12500,6,"(3, 4)","1,2",0.070663
scene_10576,7,"(2, 3)","1,2",0.328697
scene_14655,8,"(2, 3)","3,4",0.216334
scene_10391,8,"(3, 4)","2,3",0.085361
scene_13505,7,"(0, 1)","1,6",0.027121
scene_14956,8,"(4, 5)","1,2",0.254338
scene_13010,8,"(1, 2)","1,2",0.111813
scene_14017,8,"(4, 5)","2,3",0.149043
scene_14750,7,"(2, 3)","2,3",0.197101
scene_11661,7,"(3, 4)","2,3",0.069645
scene_10719,8,"(2, 3)","1,2",0.193993
scene_10792,8,"(5, 6)","2,3",0.065120
scene_12326,7,"(2, 3)","1,2",0.149359
scene_14228,8,"(1, 2)","2,3",0.114374
scene_11381,8,"(0, 1)","2,3",0.116778
scene_13829,7,"(0, 1)","1,2",0.042629
scene_12889,8,"(5, 6)","2,3",0.127929
scene_11054,8,"(1, 2)","3,4",0.161354
scene_11880,7,"(3, 4)","2,3",0.081922
scene_13823,8,"(4, 5)","3,4",0.072524
scene_11355,8,"(3, 4)","1,8",0.234611
scene_10462,8,"(4, 5)","1,2",0.110843
scene_10790,8,"(0, 1)","2,3",0.163357
scene_13126,7,"(2, 3)","1,2",0.056553
scene_11918,8,"(6, 7)","2,3",0.046986
scene_12665,8,"(2, 3)","5,6",0.118013
scene_10550,7,"(5, 6)","2,3",0.261716
scene_12848,7,"(3, 4)","1,2",0.243727
scene_12598,7,"(1, 2)","2,3",0.202432
scene_14638,8,"(4, 5)","2,3",0.236231
scene_11862,7,"(2, 3)","2,3",0.089632
scene_14212,7,"(5, 6)","2,3",0.139014
scene_11373,8,"(3, 4)","2,3",0.152969
scene_14257,6,"(1, 2)","2,3",0.047618
scene_12946,6,"(0, 1)","3,4",0.019676
scene_12327,8,"(1, 2)","1,2",0.195256
scene_14824,8,"(6, 7)","2,3",0.088618
scene_10037,8,"(0, 1)","2,3",0.097859
scene_10153,7,"(3, 4)","1,2",0.131680
scene_13928,8,"(1, 2)","2,3",0.145118
scene_14136,8,"(5, 6)","1,2",0.237174
scene_12030,8,"(3, 4)","2,3",0.128786
scene_13764,7,"(0, 1)","2,3",0.030103
scene_10148,7,"(5, 6)","2,3",0.062322
scene_10721,7,"(2, 3)","2,3",0.191812
scene_11712,8,"(5, 6)","1,2",0.049286
scene_13009,8,"(2, 3)","2,3",0.289681
scene_14924,8,"(5, 6)","2,3",0.107904
scene_12192,7,"(0, 1)","2,3",0.045857
scene_14050,7,"(4, 5)","1,2",0.162800
scene_13537,7,"(4, 5)","1,2",0.228583
scene_10366,8,"(2, 3)","2,3",0.226095
scene_10242,7,"(2, 3)","2,3",0.112364
scene_14590,8,"(6, 7)","2,3",0.093965
scene_13609,8,"(1, 2)","3,4",0.140744
scene_11177,8,"(5, 6)","2,3",0.202729
scene_10817,6,"(1, 2)","3,4",0.042915
scene_14703,8,"(6, 7)","2,3",0.086631
scene_14914,8,"(2, 3)","2,3",0.189083
scene_11667,7,"(4, 5)","2,3",0.201056
scene_10647,7,"(1, 2)","2,3",0.039011
scene_12255,8,"(0, 1)","2,3",0.095291
scene_13089,8,"(1, 2)","2,3",0.073983
scene_14623,7,"(1, 2)","2,3",0.128671
scene_14008,8,"(1, 2)","2,3",0.283729
scene_11935,7,"(3, 4)","2,3",0.182512
scene_14758,5,"(0, 1)","2,3",0.031839
scene_11693,8,"(2, 3)","2,3",0.220679
scene_14728,6,"(4, 5)","1,2",0.063509
scene_13482,8,"(4, 5)","2,3",0.182966
scene_10954,8,"(2, 3)","2,3",0.224555
scene_14204,8,"(3, 4)","1,2",0.079577
scene_13991,8,"(6, 7)","2,3",0.154306
scene_13021,8,"(4, 5)","2,3",0.168832
scene_10994,7,"(1, 2)","2,3",0.191810
scene_10981,8,"(4, 5)","3,4",0.153277
scene_12404,7,"(0, 1)","2,3",0.001227
scene_10448,7,"(0, 1)","2,6",0.112980
scene_13440,6,"(2, 3)","2,3",0.056302
scene_11113,7,"(3, 4)","1,2",0.240973
scene_12303,8,"(5, 6)","2,3",0.094825
scene_11111,7,"(5, 6)","1,2",0.119063
scene_12207,4,"(1, 2)","2,3",0.036781
scene_14939,7,"(4, 5)","2,3",0.089288
scene_14668,8,"(3, 4)","1,2",0.137190
scene_11963,8,"(6, 7)","2,3",0.089486
scene_11051,7,"(3, 4)","1,2",0.177574
scene_13325,8,"(6, 7)","2,3",0.046862
scene_11419,7,"(4, 5)","5,6",0.242403
scene_12799,8,"(0, 1)","3,4",0.082691
scene_14645,8,"(1, 2)","1,2",0.168313
scene_14813,8,"(2, 3)","2,3",0.196889
scene_12860,7,"(5, 6)","2,3",0.055162
scene_13363,8,"(0, 1)","2,3",0.100991
scene_14883,8,"(3, 4)","1,2",0.134341
scene_13830,7,"(3, 4)","2,3",0.090268
scene_14736,6,"(4, 5)","4,5",0.063125
scene_12988,8,"(2, 3)","2,3",0.111671
scene_13407,8,"(1, 2)","2,3",0.122116
scene_13074,7,"(4, 5)","2,3",0.230674
scene_13561,8,"(5, 6)","2,3",0.188872
scene_11121,7,"(4, 5)","2,3",0.287752
scene_12296,7,"(1, 2)","1,2",0.116630
scene_11429,7,"(1, 2)","1,2",0.055726
scene_11966,7,"(3, 4)","2,3",0.148800
scene_14960,8,"(4, 5)","1,2",0.159953
scene_12003,8,"(6, 7)","2,3",0.091374
scene_13020,8,"(0, 1)","1,5",0.073518
scene_11184,8,"(6, 7)","2,3",0.054785
scene_11220,8,"(0, 1)","2,3",0.095227
scene_10922,5,"(1, 2)","1,2",0.089506
scene_14255,8,"(2, 3)","2,3",0.125510
scene_13618,8,"(1, 2)","1,2",0.081962
scene_11143,8,"(1, 2)","2,3",0.127007
scene_11010,8,"(2, 3)","3,4",0.079022
scene_10788,8,"(5, 6)","2,3",0.101522
scene_12745,7,"(1, 2)","2,3",0.093193
scene_13804,8,"(2, 3)","1,6",0.143193
scene_11083,7,"(4, 5)","2,3",0.155298
scene_11452,8,"(2, 3)","1,2",0.324124
scene_12238,7,"(0, 1)","2,3",0.037836
scene_11403,7,"(2, 3)","2,3",0.077460
scene_12184,7,"(1, 2)","2,3",0.085905
scene_13968,8,"(5, 6)","2,3",0.131148
scene_14345,8,"(4, 5)","2,3",0.197043
scene_11286,8,"(2, 3)","2,3",0.296303
scene_13182,7,"(1, 2)","1,2",0.078055
scene_14898,7,"(5, 6)","1,2",0.175387
scene_14478,8,"(2, 3)","3,4",0.106912
scene_14490,8,"(4, 5)","2,3",0.073238
scene_13532,7,"(4, 5)","2,3",0.155488
scene_10850,8,"(0, 1)","2,3",0.086188
scene_12125,8,"(4, 5)","2,3",0.105889
scene_10566,7,"(5, 6)","1,2",0.201245
scene_10255,7,"(1, 2)","2,3",0.053623
scene_14350,7,"(4, 5)","2,3",0.065575
scene_12505,7,"(4, 5)","2,3",0.243263
scene_13862,7,"(1, 2)","2,3",0.061215
scene_11681,7,"(1, 2)","1,2",0.336621
scene_12743,7,"(5, 6)","1,2",0.168078
scene_11692,7,"(4, 5)","1,2",0.199814
scene_10621,7,"(5, 6)","1,2",0.133756
scene_11716,8,"(4, 5)","1,2",0.089655
scene_11285,7,"(2, 3)","3,4",0.125755
scene_14441,8,"(6, 7)","1,2",0.148180
scene_13087,7,"(4, 5)","2,3",0.105745
scene_10782,8,"(0, 1)","2,3",0.119472
scene_14343,8,"(6, 7)","2,3",0.147061
scene_12346,7,"(0, 1)","2,3",0.015034
scene_10129,8,"(0, 1)","2,3",0.094955
scene_10993,7,"(0, 1)","2,3",0.026605
scene_10606,7,"(5, 6)","1,2",0.197017
scene_13428,8,"(6, 7)","1,2",0.127278
scene_14798,7,"(4, 5)","2,3",0.167849
scene_14722,8,"(2, 3)","2,3",0.196334
scene_12148,8,"(5, 6)","5,6",0.097082
scene_10699,7,"(1, 2)","2,3",0.157823
scene_11968,8,"(6, 7)","1,2",0.050319
scene_13103,6,"(4, 5)","1,2",0.042586
scene_13559,8,"(3, 4)","1,2",0.241341
scene_10933,8,"(4, 5)","2,3",0.296081
scene_12366,5,"(0, 1)","3,4",0.028986
scene_12370,8,"(3, 4)","2,3",0.148650
scene_11088,8,"(5, 6)","1,2",0.130535
scene_11944,8,"(4, 5)","1,2",0.271428
scene_13064,8,"(2, 3)","2,3",0.135977
scene_13117,7,"(5, 6)","2,3",0.054475
scene_14909,7,"(2, 3)","1,2",0.204043
scene_11261,8,"(3, 4)","2,3",0.207052
scene_14129,8,"(1, 2)","2,3",0.118181
scene_12765,7,"(5, 6)","2,3",0.215471
scene_10449,7,"(3, 4)","1,2",0.177790
scene_11357,8,"(2, 3)","2,3",0.105482
scene_11509,7,"(3, 4)","2,3",0.242837
scene_10068,8,"(0, 1)","3,4",0.076512
scene_11946,8,"(5, 6)","2,3",0.269763
scene_11228,8,"(0, 1)","3,4",0.115272
scene_12306,6,"(1, 2)","3,4",0.056028
scene_14996,7,"(3, 4)","2,3",0.160857
scene_12181,6,"(3, 4)","2,3",0.072541
scene_12088,8,"(3, 4)","3,4",0.080592
scene_12078,7,"(3, 4)","1,6",0.165011
scene_11378,8,"(1, 2)","3,4",0.229340
scene_13667,8,"(2, 3)","1,2",0.122458
scene_13951,7,"(4, 5)","1,2",0.101342
scene_14630,7,"(1, 2)","2,3",0.202408
scene_11610,6,"(2, 3)","2,3",0.143807
scene_14237,8,"(6, 7)","2,3",0.093354
scene_14609,8,"(5, 6)","1,2",0.075385
scene_14301,8,"(2, 3)","2,3",0.163097
scene_12951,8,"(5, 6)","2,3",0.164400
scene_13791,8,"(6, 7)","2,3",0.107653
scene_13597,7,"(2, 3)","1,5",0.159801
scene_14263,8,"(3, 4)","2,3",0.069989
scene_10611,8,"(1, 2)","2,3",0.328667
scene_13945,7,"(2, 3)","1,6",0.061993
scene_12128,7,"(4, 5)","2,3",0.074002
scene_11941,8,"(4, 5)","1,2",0.129857
scene_13799,7,"(0, 1)","2,3",0.018888
scene_14719,6,"(2, 3)","2,3",0.138508
scene_14848,8,"(1, 2)","2,3",0.092600
scene_12676,7,"(3, 4)","1,2",0.086577
scene_10164,8,"(0, 1)","2,3",0.118819
scene_12049,7,"(2, 3)","3,4",0.157065
scene_11645,7,"(3, 4)","1,2",0.304924
scene_12086,8,"(1, 2)","4,5",0.119728
scene_14284,8,"(1, 2)","2,3",0.107006
scene_13942,7,"(0, 1)","1,2",0.061184
scene_14059,7,"(0, 1)","2,3",0.048216
scene_11498,7,"(2, 3)","1,2",0.090590
scene_14344,8,"(3, 4)","2,3",0.322767
scene_12970,8,"(6, 7)","2,3",0.121011
scene_11529,7,"(4, 5)","1,2",0.154585
scene_11614,7,"(3, 4)","2,3",0.103816
scene_12722,8,"(1, 2)","1,2",0.241126
scene_10528,7,"(1, 2)","2,3",0.082204
scene_10487,6,"(2, 3)","2,3",0.160803
scene_12503,8,"(4, 5)","2,3",0.230910
scene_14047,8,"(5, 6)","2,3",0.085884
scene_13760,8,"(2, 3)","2,3",0.209293
scene_13234,8,"(1, 2)","3,4",0.160171
scene_11845,7,"(1, 2)","2,3",0.149830
scene_12066,8,"(3, 4)","1,2",0.152663
scene_14596,5,"(3, 4)","2,3",0.048379
scene_13641,8,"(3, 4)","3,4",0.110599
scene_11183,8,"(2, 3)","2,3",0.150095
scene_14653,8,"(3, 4)","4,5",0.143079
scene_11485,7,"(0, 1)","2,3",0.000779
scene_10798,8,"(0, 1)","2,3",0.093593
scene_12302,7,"(3, 4)","1,2",0.090390
scene_12336,7,"(4, 5)","1,2",0.133739
scene_10209,7,"(3, 4)","2,3",0.115050
scene_13385,7,"(1, 2)","2,3",0.196769
scene_13790,7,"(1, 2)","1,5",0.063774
scene_12679,8,"(4, 5)","1,2",0.137964
scene_11652,7,"(2, 3)","2,3",0.094385
scene_13833,6,"(0, 1)","2,3",0.046767
scene_14781,8,"(0, 1)","1,6",0.075915
scene_10549,8,"(2, 3)","2,3",0.200115
scene_11766,7,"(3, 4)","2,3",0.170849
scene_10441,7,"(4, 5)","1,2",0.108634
scene_14269,7,"(5, 6)","3,4",0.065372
scene_14348,8,"(5, 6)","2,3",0.158501
scene_14904,7,"(3, 4)","1,5",0.088962
scene_11928,8,"(2, 3)","2,3",0.098824
scene_12680,7,"(4, 5)","3,4",0.112193
scene_12448,7,"(0, 1)","1,2",0.169125
scene_12028,8,"(6, 7)","2,3",0.111596
scene_11153,8,"(0, 1)","3,4",0.061474
scene_12721,8,"(3, 4)","1,2",0.107564
scene_10199,5,"(1, 2)","2,3",0.040984
scene_13579,8,"(2, 3)","2,3",0.089172
scene_12390,8,"(5, 6)","2,3",0.088450
scene_13615,7,"(2, 3)","1,2",0.107052
scene_13977,8,"(6, 7)","1,6",0.121338
scene_13162,6,"(3, 4)","1,2",0.051675
scene_14534,8,"(2, 3)","2,3",0.132804
scene_11611,8,"(0, 1)","1,2",0.141709
scene_10368,8,"(3, 4)","1,2",0.118978
scene_14875,8,"(0, 1)","1,2",0.080892
scene_13835,8,"(4, 5)","2,3",0.131326
scene_13451,7,"(4, 5)","3,4",0.110616
scene_12043,8,"(1, 2)","2,3",0.171195
scene_14220,8,"(2, 3)","1,2",0.097798
scene_12109,7,"(4, 5)","1,2",0.094516
scene_12041,7,"(2, 3)","2,3",0.145273
scene_10653,6,"(0, 1)","1,2",0.015053
scene_13740,7,"(3, 4)","2,3",0.088316
scene_13776,8,"(4, 5)","3,4",0.271021
scene_12367,6,"(3, 4)","1,2",0.060168
scene_14384,8,"(6, 7)","2,3",0.171367
scene_10655,8,"(4, 5)","2,3",0.183325
scene_11017,8,"(2, 3)","2,3",0.128775
scene_11713,7,"(4, 5)","1,2",0.243964
scene_13090,8,"(5, 6)","3,4",0.041740
scene_11574,8,"(4, 5)","2,3",0.292113
scene_11189,7,"(0, 1)","1,2",0.001246
scene_14792,7,"(1, 2)","2,3",0.168705
scene_10397,8,"(0, 1)","3,4",0.116857
scene_10578,7,"(3, 4)","2,3",0.123659
scene_11016,7,"(2, 3)","1,2",0.092737
scene_14215,8,"(6, 7)","2,3",0.046861
scene_13702,8,"(2, 3)","2,3",0.185076
scene_10502,8,"(4, 5)","3,4",0.331735
scene_11911,7,"(2, 3)","1,2",0.099064
scene_13940,7,"(1, 2)","2,3",0.157089
scene_13421,6,"(1, 2)","2,3",0.013460
scene_10435,7,"(4, 5)","2,3",0.127929
scene_14110,7,"(4, 5)","1,2",0.238072
scene_12110,8,"(3, 4)","3,4",0.137985
scene_14694,7,"(4, 5)","2,3",0.238455
scene_14261,7,"(0, 1)","2,3",0.056474
scene_13599,8,"(0, 1)","2,3",0.079670
scene_11415,8,"(0, 1)","3,4",0.116240
scene_14971,7,"(1, 2)","1,2",0.139130
scene_13593,7,"(5, 6)","1,2",0.188206
scene_14406,8,"(2, 3)","2,3",0.057963
scene_12485,8,"(6, 7)","2,3",0.163125
scene_11394,8,"(3, 4)","1,2",0.152607
scene_10836,8,"(4, 5)","1,2",0.078625
scene_11903,8,"(3, 4)","2,3",0.131525
scene_11984,7,"(1, 2)","1,2",0.133634
scene_14240,8,"(4, 5)","1,2",0.178620
scene_11801,8,"(4, 5)","2,3",0.103780
scene_14073,7,"(1, 2)","1,2",0.116786
scene_14181,7,"(2, 3)","2,3",0.153106
scene_10298,7,"(4, 5)","2,3",0.215115
scene_14206,8,"(2, 3)","2,3",0.280990
scene_11219,8,"(1, 2)","1,5",0.252847
scene_12928,8,"(3, 4)","1,2",0.166034
scene_11004,8,"(4, 5)","2,3",0.168279
scene_11979,8,"(5, 6)","4,5",0.140460
scene_13795,8,"(6, 7)","2,3",0.094882
scene_12630,8,"(2, 3)","2,3",0.108466
scene_11187,8,"(4, 5)","1,8",0.074496
scene_12956,7,"(2, 3)","2,3",0.135870
scene_12569,8,"(4, 5)","2,3",0.150527
scene_12040,8,"(6, 7)","1,2",0.143651
scene_10124,8,"(4, 5)","2,5",0.124654
scene_13070,8,"(4, 5)","1,2",0.192668
scene_13185,7,"(3, 4)","2,3",0.202910
scene_13048,7,"(5, 6)","2,3",0.145363
scene_12344,8,"(4, 5)","2,3",0.053260
scene_10864,8,"(2, 3)","2,3",0.224949
scene_12668,8,"(3, 4)","2,3",0.051325
scene_11085,8,"(6, 7)","2,3",0.092622
scene_12363,8,"(0, 1)","2,3",0.109075
scene_12628,7,"(2, 3)","2,3",0.204225
scene_13450,7,"(2, 3)","3,4",0.210362
scene_10332,8,"(5, 6)","2,3",0.115854
scene_10116,8,"(0, 1)","2,3",0.094667
scene_13296,8,"(3, 4)","1,2",0.160124
scene_14664,7,"(4, 5)","2,3",0.201382
scene_11383,7,"(2, 3)","1,2",0.189233
scene_13405,7,"(5, 6)","3,4",0.037105
scene_14762,8,"(6, 7)","1,6",0.198001
scene_13657,8,"(5, 6)","2,5",0.089359
scene_14324,8,"(5, 6)","1,2",0.052144
scene_13367,7,"(0, 1)","2,3",0.002924
scene_12379,8,"(4, 5)","2,3",0.253610
scene_12425,8,"(3, 4)","2,3",0.126478
scene_10691,8,"(2, 3)","2,3",0.261679
scene_12626,7,"(5, 6)","1,2",0.040400
scene_12059,8,"(6, 7)","2,3",0.141849
scene_13216,7,"(4, 5)","2,3",0.053164
scene_14037,8,"(4, 5)","3,4",0.092055
scene_12517,8,"(1, 2)","2,3",0.311791
scene_13323,8,"(5, 6)","3,4",0.082853
scene_12561,7,"(0, 1)","2,3",0.050120
scene_10513,7,"(4, 5)","1,2",0.265150
scene_13000,7,"(3, 4)","1,2",0.263002
scene_12257,8,"(1, 2)","2,3",0.117848
scene_12602,8,"(4, 5)","1,2",0.213226
scene_10805,8,"(5, 6)","1,2",0.191983
scene_13698,8,"(5, 6)","3,4",0.131413
scene_12960,8,"(4, 5)","2,3",0.143751
scene_14083,8,"(6, 7)","3,4",0.050918
scene_12126,8,"(6, 7)","1,2",0.125959
scene_11418,8,"(3, 4)","2,3",0.140577
scene_10924,8,"(1, 2)","2,3",0.084651
scene_11322,8,"(6, 7)","1,2",0.051145
scene_14121,7,"(5, 6)","3,4",0.121339
scene_10675,8,"(1, 2)","3,4",0.137883
scene_11246,8,"(0, 1)","2,3",0.063184
scene_13352,8,"(4, 5)","2,3",0.108144
scene_12123,6,"(0, 1)","1,2",0.001857
scene_10509,8,"(1, 2)","2,3",0.174888
scene_14585,7,"(0, 1)","2,3",0.000909
scene_14510,8,"(3, 4)","1,2",0.129979
scene_14292,8,"(2, 3)","1,2",0.156301
scene_13231,7,"(3, 4)","1,2",0.131608
scene_10746,8,"(1, 2)","2,3",0.145375
scene_12408,7,"(3, 4)","2,3",0.188579
scene_12621,7,"(5, 6)","2,3",0.108097
scene_13610,8,"(1, 2)","1,5",0.105275
scene_10526,8,"(3, 4)","2,3",0.182237
scene_11412,8,"(4, 5)","1,2",0.051677
scene_12120,7,"(4, 5)","3,4",0.143204
scene_12787,8,"(3, 4)","1,2",0.133886
scene_11909,7,"(5, 6)","0,1",0.155248
scene_11844,7,"(5, 6)","2,3",0.102545
scene_12872,7,"(0, 1)","2,3",0.000865
scene_12632,8,"(5, 6)","2,3",0.118838
scene_11299,7,"(1, 2)","2,3",0.135796
scene_10514,7,"(4, 5)","3,4",0.082519
scene_13956,8,"(1, 2)","2,3",0.087236
scene_13933,8,"(4, 5)","1,2",0.216711
scene_11678,7,"(2, 3)","2,3",0.088300
scene_13171,7,"(5, 6)","2,3",0.187891
scene_12154,6,"(3, 4)","2,3",0.079204
scene_13005,8,"(4, 5)","2,3",0.103175
scene_12896,7,"(3, 4)","1,4",0.122324
scene_14620,7,"(2, 3)","2,3",0.141995
scene_13254,8,"(1, 2)","2,3",0.112144
scene_10353,8,"(3, 4)","4,5",0.186843
scene_12879,7,"(4, 5)","2,3",0.077462
scene_10532,7,"(2, 3)","2,3",0.100294
scene_12260,8,"(4, 5)","1,2",0.246399
scene_11915,7,"(2, 3)","2,3",0.067884
scene_11512,7,"(5, 6)","2,3",0.073866
scene_12345,8,"(6, 7)","2,3",0.181021
scene_13036,8,"(6, 7)","1,6",0.093211
scene_11479,7,"(5, 6)","2,3",0.122577
scene_14537,7,"(5, 6)","1,2",0.059228
scene_13344,7,"(5, 6)","1,2",0.090286
scene_10970,7,"(5, 6)","3,4",0.064419
scene_13533,7,"(2, 3)","1,6",0.122346
scene_14288,8,"(4, 5)","1,2",0.158735
scene_10498,8,"(3, 4)","2,3",0.201942
scene_13547,8,"(1, 2)","1,2",0.244144
scene_12084,8,"(1, 2)","2,3",0.122218
scene_11481,8,"(2, 3)","2,3",0.213576
scene_14975,7,"(4, 5)","2,3",0.100933
scene_14107,8,"(2, 3)","2,3",0.084744
scene_14990,7,"(1, 2)","2,3",0.072385
scene_11229,7,"(2, 3)","2,3",0.080106
scene_11190,8,"(6, 7)","2,3",0.050415
scene_12221,7,"(2, 3)","1,6",0.183735
scene_12253,8,"(5, 6)","3,4",0.143231
scene_10265,7,"(1, 2)","2,3",0.169007
scene_14234,8,"(5, 6)","2,3",0.165602
scene_12737,7,"(5, 6)","1,2",0.037581
scene_11310,6,"(3, 4)","1,2",0.073070
scene_12795,7,"(2, 3)","1,2",0.111862
scene_10359,8,"(3, 4)","2,3",0.214509
scene_11824,7,"(2, 3)","1,2",0.076811
scene_10708,8,"(4, 5)","2,3",0.160049
scene_13313,7,"(5, 6)","1,2",0.226070
scene_13316,8,"(2, 3)","2,3",0.132795
scene_13781,8,"(2, 3)","2,3",0.197367
scene_10503,7,"(0, 1)","1,2",0.036618
scene_14692,7,"(4, 5)","2,3",0.118502
scene_14346,7,"(5, 6)","1,5",0.112917
scene_14321,7,"(4, 5)","2,3",0.047339
scene_11170,7,"(3, 4)","2,3",0.124959
scene_12507,8,"(3, 4)","2,3",0.121742
scene_10879,7,"(2, 3)","1,2",0.134496
scene_11828,7,"(1, 2)","2,3",0.116056
scene_11067,8,"(2, 3)","3,4",0.114835
scene_14700,7,"(0, 1)","2,3",0.338273
scene_14807,8,"(2, 3)","2,3",0.210182
scene_14057,6,"(0, 1)","4,5",0.035680
scene_11586,8,"(2, 3)","2,3",0.186836
scene_12121,8,"(3, 4)","1,2",0.175125
scene_14625,8,"(5, 6)","2,3",0.069175
scene_14315,7,"(2, 3)","2,3",0.219226
scene_10106,7,"(5, 6)","2,3",0.153451
scene_10465,7,"(3, 4)","2,3",0.099110
scene_14953,8,"(1, 2)","2,3",0.124856
scene_13538,7,"(1, 2)","2,3",0.114577
scene_12661,8,"(6, 7)","1,2",0.054295
scene_11288,7,"(4, 5)","2,3",0.081425
scene_14495,8,"(2, 3)","2,3",0.261620
scene_14767,8,"(4, 5)","2,3",0.082812
scene_12169,7,"(5, 6)","1,2",0.131181
scene_13099,7,"(2, 3)","2,3",0.245158
scene_14539,8,"(1, 2)","1,2",0.094041
scene_13308,8,"(0, 1)","1,5",0.100399
scene_13057,8,"(4, 5)","1,2",0.151600
scene_11524,8,"(5, 6)","1,2",0.235831
scene_13778,8,"(4, 5)","2,3",0.129449
scene_13295,8,"(1, 2)","1,2",0.136859
scene_12783,8,"(1, 2)","1,2",0.081641
scene_10629,7,"(0, 1)","1,2",0.024752
scene_13290,7,"(5, 6)","1,6",0.042769
scene_10132,7,"(4, 5)","1,4",0.188732
scene_12324,8,"(1, 2)","2,3",0.290182
scene_11569,8,"(5, 6)","1,2",0.177404
scene_11484,6,"(1, 2)","2,5",0.033738
scene_11501,8,"(0, 1)","1,2",0.052572
scene_12643,7,"(0, 1)","1,2",0.001062
scene_10967,7,"(3, 4)","2,3",0.088351
scene_10275,7,"(2, 3)","1,2",0.181597
scene_14075,7,"(5, 6)","1,5",0.043232
scene_10142,8,"(3, 4)","2,6",0.209204
scene_11795,8,"(0, 1)","3,4",0.066594
scene_13457,7,"(5, 6)","2,3",0.243498
scene_12489,8,"(6, 7)","1,2",0.107764
scene_14211,8,"(1, 2)","1,2",0.280997
scene_13652,7,"(0, 1)","2,3",0.063730
scene_10656,8,"(4, 5)","2,3",0.104521
scene_12784,7,"(1, 2)","1,2",0.150413
scene_12102,8,"(3, 4)","2,3",0.151831
scene_14796,7,"(5, 6)","2,3",0.112176
scene_11664,8,"(3, 4)","1,2",0.178612
scene_12612,7,"(3, 4)","3,4",0.178831
scene_12751,8,"(5, 6)","2,3",0.119305
scene_10307,7,"(1, 2)","2,3",0.086065
scene_10234,7,"(2, 3)","1,2",0.199248
scene_13731,8,"(2, 3)","2,3",0.145234
scene_13925,8,"(2, 3)","2,3",0.108336
scene_11782,6,"(0, 1)","3,4",0.042186
scene_13919,8,"(6, 7)","2,3",0.077390
scene_11445,8,"(0, 1)","2,3",0.092417
scene_13415,8,"(5, 6)","1,2",0.046607
scene_11832,7,"(4, 5)","2,3",0.125685
scene_11440,6,"(1, 2)","2,3",0.046576
scene_11819,8,"(4, 5)","2,3",0.245394
scene_12827,8,"(5, 6)","1,7",0.150453
scene_10683,7,"(5, 6)","2,3",0.104435
scene_11746,7,"(0, 1)","1,2",0.032980
scene_12941,8,"(1, 2)","1,4",0.055824
scene_14906,8,"(3, 4)","1,2",0.174804
scene_14598,8,"(6, 7)","2,3",0.185436
scene_11256,7,"(1, 2)","2,3",0.165055
scene_11211,8,"(0, 1)","2,3",0.179819
scene_13961,8,"(6, 7)","2,3",0.041242
scene_13892,7,"(3, 4)","1,2",0.193090
scene_10327,8,"(6, 7)","1,4",0.104803
scene_13134,8,"(3, 4)","3,4",0.064884
scene_11316,7,"(1, 2)","2,3",0.064263
scene_11204,8,"(5, 6)","1,2",0.068248
scene_12235,8,"(6, 7)","2,3",0.166991
scene_10740,8,"(2, 3)","3,4",0.171631
scene_13353,8,"(0, 1)","2,3",0.082470
scene_13431,8,"(0, 1)","2,3",0.076889
scene_13983,7,"(2, 3)","2,3",0.107876
scene_11739,8,"(4, 5)","2,3",0.085836
scene_10338,8,"(4, 5)","3,4",0.113379
scene_14494,7,"(0, 1)","2,3",0.014853
scene_12127,7,"(2, 3)","1,2",0.299945
scene_14698,8,"(2, 3)","2,3",0.067533
scene_13433,8,"(3, 4)","1,2",0.068980
scene_12836,7,"(5, 6)","2,3",0.161221
scene_14611,7,"(4, 5)","2,3",0.104259
scene_14524,6,"(4, 5)","1,2",0.067940
scene_13602,6,"(3, 4)","2,3",0.076773
scene_13987,8,"(1, 2)","1,2",0.122586
scene_14028,8,"(6, 7)","2,3",0.103703
scene_11639,8,"(4, 5)","3,4",0.155197
scene_11790,8,"(3, 4)","2,3",0.191067
scene_11508,7,"(2, 3)","4,5",0.104570
scene_10510,8,"(1, 2)","2,3",0.153342
scene_13516,8,"(6, 7)","5,6",0.237612
scene_14071,7,"(0, 1)","1,2",0.031312
scene_12686,8,"(2, 3)","1,2",0.131440
scene_13073,7,"(1, 2)","2,3",0.210843
scene_14636,8,"(5, 6)","1,2",0.083540
scene_11172,8,"(3, 4)","1,2",0.144736
scene_10783,8,"(5, 6)","3,4",0.134889
scene_12650,8,"(2, 3)","3,4",0.206407
scene_10149,8,"(5, 6)","2,3",0.093389
scene_11038,6,"(1, 2)","2,3",0.040905
scene_14619,7,"(0, 1)","2,3",0.048155
scene_12225,7,"(5, 6)","3,4",0.194657
scene_14520,8,"(2, 3)","2,3",0.211050
scene_12112,8,"(6, 7)","2,3",0.038183
scene_13236,8,"(2, 3)","2,3",0.207359
scene_14794,7,"(4, 5)","2,3",0.070749
scene_10171,8,"(5, 6)","3,4",0.192456
scene_13143,7,"(1, 2)","3,4",0.066322
scene_10179,8,"(1, 2)","1,6",0.086991
scene_10826,8,"(4, 5)","2,3",0.121989
scene_14334,6,"(3, 4)","3,4",0.097161
scene_14076,7,"(3, 4)","2,3",0.228645
scene_11875,8,"(4, 5)","2,3",0.132458
scene_12934,7,"(2, 3)","1,2",0.090835
scene_13801,6,"(0, 1)","1,2",0.033089
scene_14805,8,"(3, 4)","1,2",0.132773
scene_10747,8,"(5, 6)","2,3",0.191511
scene_12588,7,"(0, 1)","2,3",0.034864
scene_14141,7,"(1, 2)","3,4",0.138523
scene_12850,7,"(1, 2)","1,2",0.103402
scene_11904,8,"(3, 4)","2,3",0.118432
scene_12806,8,"(2, 3)","2,3",0.190069
scene_14838,8,"(1, 2)","1,2",0.089227
scene_13841,8,"(0, 1)","2,3",0.171068
scene_14199,6,"(2, 3)","1,2",0.121445
scene_12237,8,"(3, 4)","2,3",0.181145
scene_13904,8,"(1, 2)","1,2",0.137359
scene_10181,7,"(3, 4)","2,3",0.069292
scene_10547,8,"(6, 7)","2,3",0.183845
scene_11362,7,"(2, 3)","1,2",0.331564
scene_13013,7,"(2, 3)","2,3",0.171957
scene_12384,8,"(2, 3)","1,2",0.254373
scene_13658,8,"(4, 5)","1,2",0.171967
scene_13890,8,"(5, 6)","1,2",0.101469
scene_12692,7,"(4, 5)","2,3",0.073398
scene_13004,7,"(0, 1)","2,3",0.066581
scene_10988,8,"(2, 3)","1,2",0.134352
scene_11413,8,"(5, 6)","1,2",0.104694
scene_10276,8,"(2, 3)","2,3",0.283311
scene_14582,8,"(5, 6)","1,2",0.101920
scene_10066,7,"(1, 2)","2,3",0.103012
scene_11039,8,"(0, 1)","3,4",0.153828
scene_11530,8,"(5, 6)","2,3",0.243799
scene_11585,8,"(0, 1)","1,8",0.180165
scene_12604,8,"(3, 4)","2,3",0.046785
scene_13172,8,"(2, 3)","1,5",0.103083
scene_11926,7,"(1, 2)","2,3",0.054200
scene_11600,7,"(3, 4)","1,2",0.094967
scene_14327,7,"(5, 6)","1,2",0.159023
scene_12270,7,"(4, 5)","1,2",0.076878
scene_13194,7,"(5, 6)","1,2",0.124515
scene_13317,8,"(6, 7)","2,3",0.052916
scene_12229,7,"(2, 3)","3,4",0.141300
scene_13676,8,"(5, 6)","1,2",0.095543
scene_10277,6,"(0, 1)","1,2",0.236897
scene_11478,8,"(5, 6)","1,2",0.148275
scene_12145,8,"(2, 3)","2,3",0.130920
scene_10350,7,"(2, 3)","1,4",0.170169
scene_12739,8,"(4, 5)","1,8",0.104207
scene_14613,7,"(1, 2)","2,3",0.081741
scene_14986,7,"(1, 2)","1,2",0.209479
scene_11707,7,"(1, 2)","2,3",0.154716
scene_12338,7,"(3, 4)","1,2",0.147354
scene_10986,8,"(1, 2)","2,3",0.113013
scene_11446,8,"(3, 4)","1,2",0.109277
scene_12519,8,"(5, 6)","2,3",0.079704
scene_10006,6,"(4, 5)","2,3",0.208278
scene_13408,8,"(2, 3)","1,2",0.243541
scene_11194,7,"(3, 4)","2,3",0.213720
scene_10589,8,"(5, 6)","1,2",0.131409
scene_14032,7,"(4, 5)","1,2",0.113041
scene_10991,7,"(3, 4)","2,3",0.212100
scene_12356,8,"(6, 7)","2,3",0.093518
scene_12111,8,"(4, 5)","1,2",0.182252
scene_12589,7,"(5, 6)","3,4",0.184725
scene_10067,6,"(1, 2)","2,3",0.055211
scene_12196,8,"(6, 7)","2,3",0.134725
scene_14859,8,"(1, 2)","2,3",0.120462
scene_12048,8,"(5, 6)","3,4",0.062864
scene_14768,4,"(2, 3)","2,3",0.032631
scene_14804,6,"(0, 1)","1,2",0.039839
scene_11873,7,"(4, 5)","2,3",0.227276
scene_12552,8,"(3, 4)","1,4",0.148521
scene_13950,7,"(4, 5)","2,3",0.161659
scene_14040,8,"(5, 6)","2,3",0.177121
scene_10977,8,"(2, 3)","2,3",0.135596
scene_10195,8,"(0, 1)","2,3",0.105701
scene_14731,7,"(4, 5)","2,3",0.297677
scene_11234,5,"(0, 1)","1,2",0.019053
scene_10974,7,"(0, 1)","1,2",0.013546
scene_11181,7,"(4, 5)","1,2",0.129140
scene_10456,8,"(4, 5)","2,3",0.167537
scene_14415,8,"(1, 2)","1,5",0.062734
scene_12162,7,"(4, 5)","1,2",0.070993
scene_12494,8,"(4, 5)","2,3",0.147265
scene_13660,8,"(1, 2)","3,4",0.103177
scene_14279,7,"(1, 2)","1,2",0.085447
scene_10613,8,"(2, 3)","2,3",0.128395
scene_10884,7,"(4, 5)","2,3",0.061583
scene_13356,7,"(3, 4)","2,3",0.182559
scene_10077,8,"(0, 1)","2,3",0.091968
scene_10324,8,"(5, 6)","2,3",0.097581
scene_14113,8,"(1, 2)","1,2",0.144091
scene_12521,7,"(5, 6)","2,3",0.142315
scene_11838,8,"(4, 5)","1,2",0.233772
scene_13156,7,"(3, 4)","2,3",0.190230
scene_12891,8,"(0, 1)","1,6",0.194400
scene_14592,8,"(4, 5)","2,3",0.171834
scene_12853,8,"(3, 4)","1,5",0.145500
scene_11936,7,"(0, 1)","2,3",0.041749
scene_13535,6,"(3, 4)","1,2",0.168882
scene_10156,8,"(1, 2)","2,3",0.208397
scene_13199,8,"(4, 5)","2,3",0.118247
scene_10599,7,"(3, 4)","1,2",0.194272
scene_11374,8,"(3, 4)","3,4",0.147216
scene_14676,8,"(4, 5)","1,2",0.160273
scene_12929,7,"(0, 1)","3,4",0.024044
scene_13765,7,"(4, 5)","2,3",0.181912
scene_11306,7,"(3, 4)","2,3",0.141777
scene_14281,8,"(5, 6)","3,4",0.116786
scene_10920,7,"(2, 3)","1,2",0.085986
scene_13995,8,"(5, 6)","5,6",0.123559
scene_13475,7,"(0, 1)","1,2",0.150268
scene_14152,7,"(3, 4)","2,3",0.161127
scene_10966,7,"(2, 3)","1,2",0.112895
scene_11532,8,"(6, 7)","2,3",0.172150
scene_12057,8,"(0, 1)","2,3",0.078489
scene_11624,8,"(5, 6)","2,3",0.236190
scene_10218,8,"(1, 2)","2,3",0.163030
scene_13767,7,"(4, 5)","2,3",0.138782
scene_10109,7,"(0, 1)","2,3",0.009871
scene_13366,8,"(0, 1)","1,2",0.086795
scene_11848,7,"(3, 4)","2,3",0.089739
scene_10910,7,"(2, 3)","3,4",0.108987
scene_13499,8,"(5, 6)","2,3",0.105493
scene_14985,8,"(0, 1)","1,6",0.169842
scene_10604,4,"(2, 3)","2,3",0.093494
scene_13668,7,"(0, 1)","2,3",0.001039
scene_14135,8,"(0, 1)","1,2",0.110849
scene_11118,7,"(3, 4)","2,3",0.224040
scene_14721,6,"(0, 1)","1,2",0.039733
scene_13127,7,"(2, 3)","1,2",0.162531
scene_10343,7,"(3, 4)","3,4",0.175477
scene_13164,7,"(1, 2)","1,2",0.136312
scene_14454,6,"(1, 2)","2,3",0.047385
scene_12114,8,"(6, 7)","2,3",0.058126
scene_12915,6,"(3, 4)","2,3",0.056871
scene_14265,8,"(2, 3)","2,3",0.243815
scene_14481,7,"(3, 4)","3,4",0.117008
scene_11521,8,"(3, 4)","1,2",0.194000
scene_14320,8,"(6, 7)","2,3",0.096240
scene_12627,8,"(3, 4)","1,2",0.157776
scene_10213,8,"(3, 4)","3,4",0.243351
scene_14751,7,"(0, 1)","2,3",0.016248
scene_14837,8,"(5, 6)","1,2",0.087846
scene_14282,7,"(5, 6)","2,3",0.085886
scene_10818,8,"(6, 7)","3,4",0.148408
scene_10664,8,"(4, 5)","3,4",0.127200
scene_11715,8,"(1, 2)","1,8",0.331202
scene_12161,7,"(5, 6)","2,3",0.171976
scene_14300,7,"(2, 3)","3,4",0.159132
scene_11565,7,"(0, 1)","1,6",0.170530
scene_11155,6,"(1, 2)","2,3",0.264929
scene_14159,7,"(4, 5)","2,3",0.098740
scene_14810,7,"(3, 4)","2,3",0.118663
scene_14741,8,"(4, 5)","1,2",0.103500
scene_13250,6,"(1, 2)","1,2",0.066604
scene_11507,8,"(5, 6)","2,3",0.117300
scene_13368,8,"(1, 2)","2,3",0.083386
scene_11922,7,"(0, 1)","1,2",0.046210
scene_11268,8,"(6, 7)","2,3",0.064911
scene_14295,7,"(0, 1)","1,2",0.034017
scene_14148,8,"(2, 3)","2,3",0.176241
scene_10959,7,"(3, 4)","2,3",0.239724
scene_13338,8,"(5, 6)","2,3",0.057566
scene_13068,8,"(5, 6)","3,4",0.153108
scene_13083,8,"(4, 5)","2,3",0.085905
scene_11168,6,"(3, 4)","2,3",0.047213
scene_14980,8,"(4, 5)","3,4",0.066220
scene_11820,8,"(3, 4)","3,4",0.167531
scene_10973,8,"(6, 7)","4,5",0.121218
scene_12949,8,"(1, 2)","2,3",0.196253
scene_13840,8,"(1, 2)","2,3",0.149815
scene_11493,7,"(3, 4)","2,3",0.183268
scene_13566,8,"(2, 3)","1,2",0.175252
scene_14094,8,"(1, 2)","2,3",0.065903
scene_14502,8,"(2, 3)","2,3",0.075456
scene_13560,7,"(1, 2)","2,3",0.058838
scene_10679,8,"(5, 6)","3,4",0.083684
scene_13713,7,"(0, 1)","2,3",0.001908
scene_13160,7,"(0, 1)","2,3",0.025977
scene_14046,8,"(6, 7)","2,3",0.142979
scene_10741,8,"(5, 6)","1,2",0.090887
scene_10665,8,"(3, 4)","2,3",0.190876
scene_10632,7,"(4, 5)","1,2",0.172434
scene_11544,8,"(6, 7)","1,2",0.062735
scene_13626,8,"(0, 1)","2,3",0.121054
scene_10537,6,"(1, 2)","1,2",0.077154
scene_13395,7,"(1, 2)","2,3",0.185786
scene_14130,8,"(0, 1)","2,3",0.088632
scene_11380,7,"(0, 1)","1,2",0.032886
scene_14654,7,"(4, 5)","1,6",0.120634
scene_13312,7,"(0, 1)","2,6",0.040202
scene_13217,7,"(3, 4)","1,2",0.204101
scene_13027,7,"(4, 5)","2,3",0.105260
scene_12211,7,"(5, 6)","3,4",0.099597
scene_13159,8,"(5, 6)","2,3",0.081429
scene_12080,8,"(6, 7)","2,3",0.041954
scene_14759,8,"(0, 1)","2,3",0.177165
scene_13932,8,"(1, 2)","2,3",0.097906
scene_10316,7,"(5, 6)","2,3",0.057242
scene_14475,7,"(0, 1)","1,2",0.031099
scene_14684,7,"(3, 4)","1,2",0.154256
scene_10928,8,"(3, 4)","2,3",0.101874
scene_10787,8,"(1, 2)","3,4",0.131980
scene_11992,7,"(4, 5)","3,4",0.168352
scene_13140,7,"(1, 2)","2,3",0.102373
scene_11400,8,"(6, 7)","2,3",0.108440
scene_10878,7,"(0, 1)","3,4",0.031299
scene_13517,8,"(1, 2)","3,4",0.268681
scene_13513,7,"(4, 5)","3,4",0.145450
scene_13805,7,"(2, 3)","1,2",0.170129
scene_10074,8,"(1, 2)","2,3",0.149218
scene_13601,8,"(6, 7)","2,3",0.058704
scene_12083,7,"(5, 6)","1,2",0.064238
scene_11735,8,"(4, 5)","2,3",0.173714
scene_13777,8,"(2, 3)","2,3",0.104784
scene_13279,8,"(4, 5)","1,2",0.054185
scene_10383,8,"(4, 5)","2,3",0.081002
scene_12157,7,"(5, 6)","2,3",0.039632
scene_12809,7,"(2, 3)","2,3",0.164455
scene_14270,8,"(1, 2)","2,3",0.083268
scene_14244,8,"(2, 3)","2,3",0.299012
scene_13850,8,"(1, 2)","2,3",0.093751
scene_10524,8,"(5, 6)","2,3",0.111498
scene_13710,8,"(4, 5)","2,3",0.258998
scene_13653,8,"(1, 2)","1,5",0.183986
scene_11543,8,"(3, 4)","2,3",0.111823
scene_12290,6,"(2, 3)","2,3",0.150512
scene_14737,8,"(2, 3)","3,4",0.204495
scene_13483,8,"(0, 1)","2,3",0.087281
scene_12905,7,"(4, 5)","2,3",0.148242
scene_12438,8,"(4, 5)","2,3",0.258065
scene_10529,8,"(5, 6)","2,3",0.299436
scene_11606,8,"(1, 2)","2,3",0.123598
scene_14586,7,"(5, 6)","1,2",0.037734
scene_12862,8,"(5, 6)","3,4",0.095268
scene_12688,8,"(3, 4)","2,3",0.086303
scene_13381,7,"(4, 5)","2,3",0.123113
scene_11433,7,"(3, 4)","3,4",0.242102
scene_10580,7,"(0, 1)","1,2",0.043639
scene_14084,8,"(2, 3)","3,4",0.182057
scene_12387,8,"(5, 6)","1,5",0.201059
scene_10333,7,"(5, 6)","2,3",0.188723
scene_11366,7,"(3, 4)","2,3",0.087737
scene_10616,7,"(4, 5)","2,3",0.278351
scene_12469,6,"(2, 3)","1,2",0.086395
scene_13549,8,"(5, 6)","2,3",0.082994
scene_12966,7,"(3, 4)","2,3",0.225042
scene_11033,5,"(3, 4)","2,3",0.065571
scene_11164,7,"(1, 2)","2,3",0.075792
scene_11584,7,"(2, 3)","2,3",0.274975
scene_12780,7,"(3, 4)","2,3",0.146423
scene_12286,6,"(1, 2)","2,3",0.127460
scene_10388,8,"(6, 7)","1,2",0.174245
scene_14436,7,"(4, 5)","1,2",0.121966
scene_13636,8,"(3, 4)","1,2",0.247422
scene_11371,8,"(1, 2)","2,3",0.145937
scene_12652,8,"(6, 7)","2,3",0.259197
scene_14296,7,"(1, 2)","2,3",0.071942
scene_13235,8,"(2, 3)","2,3",0.179481
scene_13680,7,"(5, 6)","1,2",0.047188
scene_12449,7,"(1, 2)","2,3",0.108900
scene_12782,8,"(6, 7)","1,2",0.067872
scene_11386,8,"(3, 4)","2,3",0.185834
scene_13174,8,"(0, 1)","2,3",0.115666
scene_11675,7,"(4, 5)","1,2",0.168359
scene_11587,8,"(3, 4)","2,3",0.113411
scene_11159,8,"(3, 4)","2,3",0.225300
scene_11528,7,"(4, 5)","3,4",0.051390
scene_11491,7,"(4, 5)","4,5",0.073149
scene_10651,8,"(1, 2)","2,3",0.172898
scene_12498,7,"(3, 4)","2,3",0.149375
scene_12142,8,"(1, 2)","2,3",0.112043
scene_13384,8,"(2, 3)","3,4",0.209105
scene_14920,8,"(1, 2)","1,2",0.111895
scene_11794,8,"(2, 3)","2,3",0.100482
scene_12900,8,"(5, 6)","2,3",0.129167
scene_11015,7,"(0, 1)","2,3",0.074394
scene_14450,7,"(3, 4)","2,3",0.120110
scene_10707,8,"(6, 7)","3,4",0.132336
scene_12647,8,"(2, 3)","1,2",0.206477
scene_14408,8,"(0, 1)","3,4",0.112681
scene_10345,8,"(4, 5)","2,3",0.114838
scene_12927,6,"(1, 2)","1,2",0.118630
scene_11407,7,"(0, 1)","2,3",0.068144
scene_10424,7,"(2, 3)","2,3",0.119274
scene_11846,8,"(3, 4)","1,8",0.166940
scene_10253,8,"(5, 6)","3,4",0.069110
scene_14763,6,"(4, 5)","2,3",0.047618
scene_12054,7,"(4, 5)","2,3",0.084493
scene_11949,8,"(0, 1)","1,2",0.300347
scene_14677,7,"(0, 1)","2,3",0.000832
scene_11317,8,"(1, 2)","3,4",0.085910
scene_10772,7,"(4, 5)","2,3",0.086166
scene_12670,8,"(5, 6)","3,4",0.151739
scene_12342,8,"(5, 6)","2,3",0.091284
scene_11843,7,"(4, 5)","2,3",0.056793
scene_10168,7,"(1, 2)","2,3",0.084395
scene_13578,7,"(3, 4)","2,3",0.133309
scene_13246,8,"(1, 2)","1,2",0.208707
scene_14936,8,"(6, 7)","2,3",0.061017
scene_12378,8,"(2, 3)","4,5",0.161372
scene_11896,8,"(2, 3)","2,3",0.057855
scene_11575,8,"(0, 1)","2,3",0.081667
scene_12077,8,"(1, 2)","1,2",0.067139
scene_12434,8,"(1, 2)","1,2",0.097075
scene_13662,7,"(5, 6)","2,3",0.190367
scene_13832,6,"(0, 1)","2,3",0.021215
scene_14194,7,"(5, 6)","2,3",0.143419
scene_10314,8,"(6, 7)","3,4",0.117563
scene_11176,7,"(3, 4)","2,6",0.100162
scene_14266,7,"(1, 2)","1,2",0.111756
scene_10233,8,"(5, 6)","2,3",0.171015
scene_10154,8,"(4, 5)","2,3",0.301265
scene_13665,8,"(5, 6)","2,3",0.076256
scene_11892,8,"(1, 2)","1,2",0.124410
scene_11272,7,"(3, 4)","1,2",0.171309
scene_10303,8,"(1, 2)","3,4",0.111216
scene_13552,7,"(4, 5)","2,3",0.072704
scene_11442,8,"(2, 3)","2,3",0.152557
scene_10230,7,"(2, 3)","1,2",0.115081
scene_14551,8,"(3, 4)","3,4",0.154349
scene_11126,7,"(3, 4)","1,2",0.205756
scene_13999,8,"(4, 5)","1,2",0.098781
scene_11241,7,"(5, 6)","2,3",0.089096
scene_12587,7,"(2, 3)","1,2",0.077882
scene_11812,8,"(2, 3)","2,3",0.171090
scene_14473,7,"(2, 3)","1,2",0.184888
scene_10279,7,"(2, 3)","1,2",0.135857
scene_11802,8,"(4, 5)","3,4",0.110514
scene_10619,8,"(3, 4)","2,3",0.126127
scene_11295,7,"(3, 4)","2,3",0.119143
scene_14576,8,"(0, 1)","2,3",0.073844
scene_14647,8,"(6, 7)","2,3",0.125319
scene_12559,7,"(5, 6)","2,3",0.196482
scene_13800,8,"(3, 4)","1,2",0.142508
scene_12634,7,"(2, 3)","2,3",0.151200
scene_14222,8,"(1, 2)","1,2",0.111017
scene_12791,7,"(2, 3)","2,3",0.126758
scene_11839,8,"(2, 3)","2,3",0.209928
scene_13880,7,"(3, 4)","2,3",0.182712
scene_14962,8,"(0, 1)","2,3",0.107384
scene_12310,7,"(4, 5)","1,2",0.167795
scene_13479,7,"(1, 2)","2,3",0.129046
scene_11901,7,"(5, 6)","1,2",0.211303
scene_12024,6,"(1, 2)","2,3",0.128697
scene_12573,8,"(0, 1)","2,6",0.107542
scene_13167,8,"(2, 3)","3,4",0.165084
scene_10726,8,"(4, 5)","2,3",0.163198
scene_13845,7,"(4, 5)","2,3",0.159601
scene_12685,7,"(4, 5)","2,3",0.037779
scene_13111,7,"(5, 6)","1,2",0.062861
scene_14938,8,"(3, 4)","6,7",0.251706
scene_10627,8,"(2, 3)","2,3",0.195494
scene_12468,7,"(1, 2)","1,2",0.069411
scene_10711,7,"(1, 2)","1,2",0.215906
scene_10809,7,"(2, 3)","1,2",0.144222
scene_11049,8,"(1, 2)","2,3",0.160214
scene_10600,7,"(3, 4)","2,3",0.129398
scene_10422,7,"(4, 5)","1,2",0.175578
scene_13753,8,"(6, 7)","1,2",0.153929
scene_13708,8,"(1, 2)","1,2",0.143132
scene_13341,7,"(3, 4)","2,5",0.114742
scene_12644,8,"(4, 5)","1,2",0.134029
scene_13357,8,"(5, 6)","1,2",0.172066
scene_12981,8,"(5, 6)","2,3",0.155265
scene_11439,8,"(2, 3)","2,3",0.251916
scene_11432,7,"(2, 3)","3,4",0.219912
scene_13181,7,"(3, 4)","2,3",0.290466
scene_14786,7,"(5, 6)","1,2",0.174071
scene_12089,6,"(3, 4)","1,2",0.198182
scene_14184,7,"(3, 4)","2,3",0.172591
scene_10468,5,"(1, 2)","3,4",0.052696
scene_13501,8,"(5, 6)","1,2",0.069281
scene_12091,7,"(2, 3)","2,3",0.321048
scene_10312,8,"(1, 2)","1,2",0.202261
scene_10689,7,"(1, 2)","1,2",0.139879
scene_13193,7,"(5, 6)","2,3",0.138748
scene_11365,7,"(4, 5)","1,2",0.138042
scene_13663,7,"(3, 4)","2,3",0.101951
scene_14635,8,"(1, 2)","2,6",0.130273
scene_14317,7,"(4, 5)","1,2",0.317688
scene_11271,8,"(5, 6)","1,2",0.204102
scene_13926,8,"(0, 1)","2,3",0.100789
scene_10322,8,"(4, 5)","2,3",0.054965
scene_12147,8,"(0, 1)","3,4",0.130371
scene_11641,8,"(6, 7)","1,2",0.067708
scene_12413,7,"(0, 1)","1,2",0.015568
scene_11785,8,"(6, 7)","1,2",0.050255
scene_10997,7,"(5, 6)","1,2",0.106010
scene_10434,8,"(0, 1)","2,3",0.078541
scene_11789,4,"(0, 1)","1,2",0.035020
scene_10360,8,"(3, 4)","2,3",0.107537
scene_13669,7,"(1, 2)","1,2",0.150199
scene_12826,7,"(5, 6)","1,2",0.037117
scene_11885,7,"(1, 2)","1,5",0.044814
scene_12532,8,"(0, 1)","3,4",0.050380
scene_14260,8,"(5, 6)","1,2",0.230815
scene_10704,7,"(1, 2)","1,2",0.131886
scene_11331,7,"(0, 1)","2,3",0.169521
scene_10085,8,"(1, 2)","2,3",0.193095
scene_11660,8,"(4, 5)","2,3",0.243040
scene_13847,7,"(3, 4)","1,2",0.141421
scene_14710,8,"(2, 3)","1,2",0.084477
scene_11711,8,"(0, 1)","1,2",0.063521
scene_12623,8,"(4, 5)","2,3",0.194418
scene_14332,7,"(5, 6)","2,3",0.072810
scene_11657,7,"(5, 6)","2,3",0.065797
scene_12349,7,"(4, 5)","1,2",0.177683
scene_11759,7,"(3, 4)","1,2",0.152106
scene_12359,8,"(5, 6)","1,2",0.101281
scene_14232,8,"(3, 4)","2,3",0.111936
scene_10318,8,"(0, 1)","3,4",0.102071
scene_11884,8,"(0, 1)","1,8",0.063433
scene_14695,7,"(4, 5)","2,3",0.051617
scene_11787,8,"(4, 5)","2,3",0.072189
scene_10173,8,"(3, 4)","2,3",0.108414
scene_13041,8,"(0, 1)","2,3",0.066991
scene_11627,7,"(0, 1)","2,3",0.118310
scene_14637,7,"(4, 5)","2,3",0.059489
scene_14617,7,"(5, 6)","1,2",0.088502
scene_13305,7,"(2, 3)","2,3",0.209369
scene_12738,7,"(4, 5)","2,3",0.072717
scene_13416,8,"(2, 3)","3,4",0.070359
scene_12289,7,"(0, 1)","1,2",0.048415
scene_12050,8,"(4, 5)","2,3",0.072114
scene_13907,7,"(5, 6)","1,2",0.192494
scene_14304,8,"(5, 6)","2,3",0.202626
scene_12182,8,"(3, 4)","2,3",0.102283
scene_14571,8,"(6, 7)","2,3",0.124142
scene_10530,7,"(1, 2)","2,3",0.124854
scene_13870,8,"(0, 1)","2,3",0.139257
scene_14966,7,"(0, 1)","2,3",0.025252
scene_14822,4,"(2, 3)","2,3",0.049084
scene_12038,7,"(1, 2)","2,3",0.061677
scene_13445,8,"(1, 2)","2,3",0.085109
scene_10492,8,"(1, 2)","2,3",0.084090
scene_13806,8,"(4, 5)","2,3",0.217772
scene_11186,7,"(4, 5)","2,3",0.138795
scene_11047,7,"(2, 3)","2,3",0.134524
scene_13132,8,"(6, 7)","3,4",0.101149
scene_14873,8,"(2, 3)","2,3",0.186372
scene_13531,8,"(2, 3)","3,4",0.089162
scene_10866,8,"(6, 7)","2,3",0.100382
scene_11235,8,"(3, 4)","2,3",0.111309
scene_14964,8,"(0, 1)","1,2",0.157433
scene_10031,7,"(2, 3)","2,3",0.111370
scene_10224,7,"(3, 4)","2,3",0.145683
scene_12455,8,"(3, 4)","2,3",0.228996
scene_11619,8,"(4, 5)","4,5",0.122786
scene_10904,8,"(1, 2)","1,2",0.095631
scene_10186,7,"(5, 6)","1,2",0.092622
scene_11264,8,"(1, 2)","2,3",0.243231
scene_14841,8,"(2, 3)","1,2",0.068879
scene_12159,7,"(5, 6)","1,2",0.109492
scene_14311,8,"(6, 7)","2,3",0.137644
scene_12430,7,"(0, 1)","2,3",0.088908
scene_14776,6,"(0, 1)","1,2",0.033210
scene_12779,8,"(0, 1)","3,4",0.110228
scene_11161,7,"(3, 4)","1,5",0.237029
scene_10455,8,"(3, 4)","1,2",0.112063
scene_11761,7,"(3, 4)","2,3",0.161809
scene_11414,8,"(4, 5)","1,2",0.142038
scene_10467,6,"(3, 4)","1,2",0.104643
scene_12099,7,"(0, 1)","1,2",0.000985
scene_13094,8,"(5, 6)","2,3",0.063056
scene_10883,7,"(0, 1)","2,3",0.039017
scene_14119,7,"(5, 6)","2,3",0.077507
scene_11697,7,"(1, 2)","1,2",0.130563
scene_11811,6,"(0, 1)","2,3",0.041805
scene_13906,8,"(3, 4)","2,3",0.079595
scene_14375,8,"(6, 7)","2,3",0.090695
scene_11737,7,"(3, 4)","2,3",0.084464
scene_12713,6,"(2, 3)","2,3",0.088551
scene_11815,8,"(4, 5)","2,3",0.261254
scene_11115,7,"(0, 1)","1,2",0.042215
scene_10334,8,"(4, 5)","1,2",0.169764
scene_12762,8,"(0, 1)","1,2",0.108056
scene_14693,7,"(1, 2)","1,2",0.213092
scene_12531,8,"(1, 2)","3,4",0.245780
scene_14104,6,"(4, 5)","1,2",0.166994
scene_14042,8,"(3, 4)","1,2",0.103989
scene_10638,8,"(2, 3)","5,6",0.149873
scene_10215,8,"(0, 1)","1,2",0.070284
scene_10347,8,"(0, 1)","2,3",0.300562
scene_12443,8,"(5, 6)","1,5",0.172397
scene_14527,7,"(2, 3)","2,3",0.157949
scene_13183,8,"(4, 5)","3,4",0.216932
scene_14000,8,"(4, 5)","2,3",0.059043
scene_12957,7,"(5, 6)","2,3",0.077517
scene_11277,7,"(0, 1)","1,6",0.067018
scene_11516,8,"(1, 2)","3,4",0.075474
scene_10645,6,"(2, 3)","2,3",0.135308
scene_11397,7,"(0, 1)","2,3",0.016346
scene_13623,8,"(1, 2)","1,2",0.101785
scene_11720,7,"(4, 5)","1,6",0.321864
scene_11541,7,"(1, 2)","2,3",0.206161
scene_10882,6,"(3, 4)","2,3",0.051325
scene_14687,6,"(0, 1)","2,3",0.001071
scene_13058,8,"(2, 3)","2,3",0.125632
scene_13735,8,"(1, 2)","2,3",0.134384
scene_10125,8,"(4, 5)","3,4",0.170166
scene_13632,8,"(1, 2)","2,3",0.175145
scene_14369,8,"(4, 5)","1,2",0.166840
scene_14808,8,"(6, 7)","1,8",0.145308
scene_10285,7,"(3, 4)","1,2",0.221624
scene_11642,8,"(5, 6)","1,2",0.104804
scene_12693,8,"(4, 5)","2,3",0.175557
scene_12320,8,"(2, 3)","2,3",0.111096
scene_14144,8,"(3, 4)","2,3",0.125025
scene_10744,8,"(6, 7)","2,3",0.045032
scene_10025,8,"(5, 6)","2,3",0.102536
scene_11438,7,"(1, 2)","2,3",0.306183
scene_11392,7,"(5, 6)","2,3",0.131485
scene_13884,8,"(5, 6)","2,3",0.112481
scene_13124,8,"(0, 1)","1,2",0.077285
scene_12880,8,"(4, 5)","2,3",0.176705
scene_11120,8,"(5, 6)","2,3",0.177342
scene_10739,7,"(2, 3)","2,3",0.159563
scene_14440,8,"(0, 1)","2,3",0.080635
scene_11096,8,"(0, 1)","1,2",0.147398
scene_12842,7,"(3, 4)","2,3",0.236944
scene_13400,5,"(1, 2)","1,2",0.044342
scene_12695,8,"(6, 7)","2,3",0.196108
scene_12495,7,"(0, 1)","1,2",0.000767
scene_10107,8,"(2, 3)","2,3",0.085592
scene_12281,8,"(4, 5)","2,3",0.085765
scene_12633,8,"(6, 7)","2,3",0.078102
scene_13813,7,"(4, 5)","2,3",0.170902
scene_12514,8,"(4, 5)","1,2",0.150477
scene_12547,8,"(3, 4)","2,3",0.149048
scene_13355,8,"(6, 7)","2,3",0.162013
scene_14515,8,"(2, 3)","3,4",0.277884
scene_12298,8,"(0, 1)","1,8",0.083073
scene_14067,8,"(5, 6)","1,2",0.196644
scene_11758,7,"(2, 3)","1,2",0.251741
scene_13309,8,"(6, 7)","2,3",0.127388
scene_10927,8,"(3, 4)","1,2",0.152117
scene_12352,7,"(3, 4)","1,2",0.212123
scene_11142,8,"(1, 2)","2,3",0.120789
scene_13125,6,"(2, 3)","2,3",0.167531
scene_10471,7,"(4, 5)","3,4",0.115713
scene_11506,7,"(3, 4)","2,3",0.088726
scene_13574,8,"(3, 4)","2,6",0.099244
scene_13944,5,"(1, 2)","2,3",0.068752
scene_11435,8,"(5, 6)","1,2",0.096381
scene_13814,8,"(4, 5)","2,3",0.160480
scene_13649,7,"(5, 6)","1,2",0.062785
scene_10919,6,"(3, 4)","3,4",0.064533
scene_11976,8,"(0, 1)","2,3",0.191796
scene_14594,7,"(4, 5)","2,3",0.258076
scene_10634,7,"(2, 3)","1,5",0.110450
scene_14860,6,"(1, 2)","2,3",0.059993
scene_12079,8,"(5, 6)","1,2",0.086786
scene_12368,8,"(0, 1)","2,3",0.115036
scene_10425,6,"(0, 1)","3,4",0.009147
scene_14501,8,"(2, 3)","1,2",0.214690
scene_11280,8,"(1, 2)","1,2",0.133191
scene_12460,8,"(3, 4)","2,3",0.138830
scene_13960,6,"(1, 2)","2,3",0.064939
scene_14381,8,"(5, 6)","5,6",0.096668
scene_12955,8,"(3, 4)","1,2",0.142275
scene_13558,8,"(2, 3)","1,2",0.163225
scene_11733,7,"(2, 3)","2,3",0.072169
scene_13075,7,"(0, 1)","2,3",0.034288
scene_12727,7,"(0, 1)","1,2",0.045904
scene_11449,7,"(0, 1)","1,2",0.052630
scene_14095,8,"(2, 3)","1,2",0.165251
scene_13739,8,"(3, 4)","2,3",0.128039
scene_12746,7,"(2, 3)","2,3",0.088001
scene_11351,8,"(6, 7)","2,3",0.072628
scene_14349,8,"(2, 3)","2,3",0.213173
scene_12301,7,"(0, 1)","2,3",0.023772
scene_12403,8,"(1, 2)","1,2",0.089101
scene_10245,7,"(0, 1)","2,3",0.033690
scene_14183,8,"(1, 2)","2,3",0.059152
scene_13700,8,"(3, 4)","2,3",0.143015
scene_13328,7,"(3, 4)","1,2",0.150787
scene_11527,7,"(4, 5)","2,3",0.115593
scene_13028,8,"(4, 5)","2,3",0.145943
scene_13051,7,"(4, 5)","2,3",0.168279
scene_10396,7,"(3, 4)","4,5",0.101908
scene_11769,8,"(0, 1)","1,3",0.079580
scene_10382,7,"(0, 1)","1,2",0.032091
scene_10349,7,"(0, 1)","2,3",0.033922
scene_14455,8,"(2, 3)","1,2",0.055600
scene_10374,8,"(4, 5)","1,2",0.147811
scene_10274,8,"(0, 1)","2,3",0.075546
scene_11943,8,"(4, 5)","2,3",0.181002
scene_12815,8,"(4, 5)","2,3",0.205775
scene_10626,7,"(2, 3)","2,3",0.167200
scene_11534,8,"(6, 7)","1,2",0.111183
scene_14632,7,"(3, 4)","2,3",0.158047
scene_12726,8,"(0, 1)","3,4",0.177764
scene_13595,7,"(2, 3)","2,3",0.164763
scene_11749,7,"(3, 4)","2,3",0.316044
scene_11281,7,"(3, 4)","1,2",0.215070
scene_10390,8,"(6, 7)","2,3",0.104212
scene_14935,8,"(0, 1)","3,4",0.055126
scene_11704,8,"(5, 6)","1,2",0.196149
scene_14397,8,"(4, 5)","2,3",0.202524
scene_11858,8,"(1, 2)","1,2",0.100414
scene_13392,6,"(4, 5)","1,2",0.051558
scene_11389,7,"(4, 5)","2,3",0.168600
scene_14678,8,"(1, 2)","2,3",0.162803
scene_10936,8,"(5, 6)","1,2",0.142372
scene_11850,8,"(3, 4)","2,3",0.261497
scene_11762,8,"(1, 2)","2,3",0.154193
scene_10881,7,"(1, 2)","2,3",0.075177
scene_13548,8,"(2, 3)","2,3",0.318651
scene_14833,7,"(2, 3)","1,2",0.069386
scene_12259,8,"(2, 3)","2,3",0.103844
scene_13151,8,"(3, 4)","1,2",0.165669
scene_13598,7,"(1, 2)","1,2",0.173416
scene_12667,8,"(0, 1)","2,3",0.086141
scene_14056,7,"(1, 2)","2,3",0.112247
scene_13496,7,"(3, 4)","2,3",0.085745
scene_14729,8,"(2, 3)","2,3",0.179267
scene_12876,8,"(3, 4)","3,4",0.051310
scene_13251,5,"(2, 3)","1,2",0.134701
scene_13750,8,"(3, 4)","2,3",0.056554
scene_11763,8,"(6, 7)","2,3",0.132461
scene_12480,8,"(0, 1)","1,2",0.070771
scene_12071,7,"(2, 3)","2,3",0.067727
scene_13779,8,"(2, 3)","1,2",0.082036
scene_14519,8,"(1, 2)","2,3",0.090037
scene_12174,7,"(5, 6)","2,3",0.157836
scene_14445,8,"(5, 6)","1,2",0.142911
scene_13818,8,"(3, 4)","2,3",0.064960
scene_14618,8,"(4, 5)","1,2",0.101113
scene_12918,7,"(4, 5)","2,3",0.163794
scene_12247,7,"(1, 2)","2,3",0.089323
scene_12398,7,"(3, 4)","2,6",0.099660
scene_12594,8,"(0, 1)","1,2",0.100540
scene_12558,8,"(1, 2)","2,3",0.157333
scene_11127,8,"(2, 3)","2,3",0.131186
scene_10517,8,"(0, 1)","2,3",0.060951
scene_10269,7,"(3, 4)","3,4",0.187592
scene_10608,7,"(2, 3)","1,2",0.160930
scene_14203,7,"(4, 5)","2,3",0.254045
scene_11320,8,"(3, 4)","1,2",0.120851
scene_10330,7,"(2, 3)","2,3",0.170982
scene_10301,7,"(3, 4)","1,2",0.127696
scene_13755,7,"(2, 3)","1,2",0.089327
scene_12919,8,"(3, 4)","1,2",0.119128
scene_12009,8,"(6, 7)","3,4",0.174478
scene_10443,8,"(6, 7)","2,3",0.045013
scene_12812,8,"(6, 7)","3,4",0.112098
scene_14689,7,"(5, 6)","2,3",0.094903
scene_11646,8,"(4, 5)","1,2",0.112960
scene_13473,7,"(1, 2)","2,3",0.161903
scene_14844,8,"(2, 3)","2,3",0.121574
scene_10249,7,"(2, 3)","2,3",0.124243
scene_10127,8,"(4, 5)","2,3",0.195430
scene_12636,7,"(5, 6)","2,3",0.231579
scene_14917,7,"(1, 2)","6,7",0.172473
scene_14466,8,"(3, 4)","2,3",0.137034
scene_12136,8,"(2, 3)","2,3",0.122650
scene_12700,8,"(1, 2)","3,4",0.171926
scene_14359,7,"(3, 4)","2,3",0.237180
scene_13211,7,"(2, 3)","1,2",0.159250
scene_12980,8,"(2, 3)","2,3",0.099025
scene_10177,7,"(5, 6)","3,4",0.207936
scene_14208,8,"(5, 6)","1,2",0.160888
scene_10908,8,"(5, 6)","2,3",0.076976
scene_12064,8,"(3, 4)","3,4",0.192403
scene_11852,7,"(4, 5)","2,3",0.167088
scene_14725,8,"(6, 7)","1,2",0.165320
scene_12432,7,"(1, 2)","2,3",0.153170
scene_12103,8,"(2, 3)","1,2",0.140505
scene_11483,8,"(3, 4)","3,4",0.152680
scene_13188,8,"(2, 3)","5,6",0.078466
scene_14402,7,"(3, 4)","2,3",0.081873
scene_11951,7,"(2, 3)","1,2",0.208566
scene_14988,8,"(0, 1)","1,7",0.081513
scene_13056,7,"(4, 5)","1,2",0.170634
scene_14793,7,"(1, 2)","2,3",0.144564
scene_14064,8,"(4, 5)","1,2",0.123591
scene_11725,8,"(4, 5)","2,3",0.240564
scene_13040,8,"(1, 2)","2,3",0.131372
scene_10520,7,"(5, 6)","2,3",0.084366
scene_10214,7,"(4, 5)","1,2",0.095609
scene_11087,8,"(0, 1)","2,3",0.147362
scene_10714,8,"(5, 6)","2,3",0.085660
scene_14675,7,"(3, 4)","2,3",0.144099
scene_11327,7,"(5, 6)","1,2",0.213701
scene_12412,8,"(1, 2)","1,2",0.173186
scene_10975,8,"(3, 4)","2,3",0.131997
scene_13232,8,"(6, 7)","2,3",0.087430
scene_13238,8,"(2, 3)","1,2",0.146076
scene_11468,8,"(6, 7)","1,2",0.210654
scene_10060,8,"(5, 6)","2,3",0.092467
scene_10540,8,"(0, 1)","3,4",0.114022
scene_10105,8,"(6, 7)","2,3",0.089382
scene_13551,8,"(6, 7)","2,3",0.095814
scene_12709,8,"(6, 7)","2,3",0.051046
scene_10451,4,"(1, 2)","1,2",0.051831
scene_10715,8,"(5, 6)","2,3",0.111061
scene_13273,8,"(3, 4)","3,4",0.144075
scene_13899,6,"(1, 2)","2,3",0.057568
scene_13774,7,"(5, 6)","1,2",0.125466
scene_10533,6,"(2, 3)","1,2",0.037788
scene_10593,7,"(1, 2)","2,3",0.163219
scene_13519,7,"(2, 3)","2,3",0.210497
scene_11136,6,"(1, 2)","1,2",0.076824
scene_10011,7,"(5, 6)","1,2",0.098430
scene_12442,8,"(3, 4)","2,3",0.118005
scene_13691,7,"(3, 4)","2,3",0.118513
scene_13883,8,"(0, 1)","1,2",0.150876
scene_10605,6,"(3, 4)","2,3",0.099005
scene_13173,7,"(4, 5)","2,3",0.082729
scene_14041,8,"(3, 4)","3,4",0.152131
scene_10955,8,"(4, 5)","2,3",0.068706
scene_14070,8,"(3, 4)","3,4",0.264395
scene_13333,8,"(4, 5)","2,3",0.229654
scene_10885,8,"(4, 5)","2,3",0.123709
scene_14949,8,"(6, 7)","2,3",0.135147
scene_14672,8,"(5, 6)","2,3",0.121341
scene_12271,7,"(3, 4)","2,3",0.080204
scene_13136,8,"(4, 5)","2,3",0.332666
scene_14460,7,"(0, 1)","1,2",0.048938
scene_10281,8,"(6, 7)","4,5",0.206452
scene_14480,6,"(2, 3)","1,2",0.114645
scene_12313,5,"(0, 1)","2,3",0.001152
scene_13226,8,"(0, 1)","4,5",0.056506
scene_10516,7,"(1, 2)","1,2",0.110170
scene_10998,8,"(5, 6)","2,3",0.053005
scene_11367,8,"(5, 6)","2,3",0.205789
scene_13225,8,"(2, 3)","2,3",0.111883
scene_10207,7,"(1, 2)","2,3",0.093253
scene_10087,6,"(4, 5)","2,3",0.020178
scene_14111,8,"(0, 1)","2,3",0.131175
scene_14992,7,"(4, 5)","2,3",0.093819
scene_12629,8,"(5, 6)","1,2",0.105026
scene_10869,8,"(5, 6)","2,3",0.135221
scene_12716,7,"(5, 6)","1,2",0.062611
scene_14944,8,"(3, 4)","1,6",0.147872
scene_13825,7,"(2, 3)","1,2",0.247725
scene_13378,8,"(6, 7)","2,3",0.039215
scene_13476,7,"(3, 4)","3,4",0.114985
scene_10501,7,"(0, 1)","2,3",0.037741
scene_10778,8,"(0, 1)","2,3",0.090347
scene_11131,7,"(0, 1)","3,4",0.010300
scene_11631,8,"(2, 3)","2,3",0.139152
scene_10248,8,"(1, 2)","2,3",0.076431
scene_14283,8,"(4, 5)","2,3",0.207978
scene_12642,8,"(5, 6)","1,2",0.099267
scene_13696,7,"(4, 5)","2,3",0.107412
scene_14201,7,"(4, 5)","2,3",0.161655
scene_11505,7,"(4, 5)","2,3",0.254506
scene_14662,7,"(5, 6)","1,2",0.070625
scene_10407,7,"(4, 5)","2,3",0.176745
scene_11486,5,"(1, 2)","2,3",0.047896
scene_14644,8,"(3, 4)","2,3",0.108290
scene_10968,8,"(2, 3)","2,3",0.115309
scene_11822,8,"(3, 4)","1,8",0.132860
scene_11817,8,"(3, 4)","1,4",0.168940
scene_10890,7,"(5, 6)","3,4",0.063062
scene_11518,8,"(4, 5)","1,2",0.061965
scene_13947,8,"(5, 6)","1,2",0.103110
scene_10134,8,"(4, 5)","2,3",0.158239
scene_11146,7,"(1, 2)","1,2",0.214952
scene_11672,7,"(2, 3)","2,3",0.092242
scene_12522,8,"(0, 1)","2,3",0.152203
scene_12005,8,"(3, 4)","5,6",0.062516
scene_13417,8,"(0, 1)","1,2",0.162747
scene_10406,8,"(2, 3)","1,2",0.095322
scene_12683,8,"(3, 4)","3,4",0.121215
scene_11700,8,"(0, 1)","1,2",0.166182
scene_14500,8,"(0, 1)","1,5",0.058888
scene_14054,7,"(5, 6)","1,2",0.072529
scene_12978,8,"(1, 2)","2,3",0.172418
scene_13042,7,"(2, 3)","2,3",0.270722
scene_12406,7,"(2, 3)","1,2",0.125359
scene_14931,7,"(2, 3)","3,4",0.154814
scene_14352,8,"(3, 4)","1,2",0.154702
scene_12854,7,"(1, 2)","2,3",0.106215
scene_13045,8,"(4, 5)","2,3",0.118024
scene_12748,8,"(3, 4)","1,2",0.079196
scene_11520,8,"(2, 3)","1,2",0.219815
scene_11859,7,"(3, 4)","1,2",0.115362
scene_11592,8,"(0, 1)","1,2",0.094226
scene_10556,8,"(3, 4)","1,2",0.174997
scene_12202,8,"(5, 6)","2,3",0.225224
scene_14180,7,"(5, 6)","2,3",0.150275
scene_14318,8,"(3, 4)","2,3",0.082037
scene_10399,8,"(2, 3)","1,2",0.146589
scene_10476,8,"(0, 1)","2,3",0.116256
scene_12018,7,"(2, 3)","2,3",0.171791
scene_11247,6,"(0, 1)","1,2",0.031576
scene_10152,7,"(5, 6)","1,2",0.090723
scene_10185,8,"(0, 1)","2,3",0.071525
scene_10573,7,"(0, 1)","1,2",0.082168
scene_10478,7,"(2, 3)","2,3",0.117031
scene_11673,8,"(5, 6)","2,3",0.146600
scene_12660,8,"(0, 1)","2,3",0.123719
scene_13949,8,"(5, 6)","2,3",0.100257
scene_12873,8,"(6, 7)","2,3",0.128750
scene_14414,8,"(1, 2)","1,2",0.146524
scene_11902,7,"(5, 6)","2,3",0.052674
scene_13377,7,"(1, 2)","2,3",0.089417
scene_12603,6,"(4, 5)","1,2",0.126039
scene_10258,6,"(1, 2)","1,2",0.121462
scene_12653,7,"(4, 5)","2,3",0.260808
scene_10907,7,"(1, 2)","2,3",0.261744
scene_12499,8,"(2, 3)","2,3",0.247684
scene_13751,7,"(4, 5)","1,2",0.069574
scene_11344,8,"(3, 4)","3,4",0.163575
scene_12300,7,"(3, 4)","2,3",0.084470
scene_14151,8,"(1, 2)","2,3",0.141474
scene_12538,7,"(3, 4)","2,3",0.080224
scene_10102,8,"(5, 6)","1,2",0.088913
scene_11932,8,"(1, 2)","1,2",0.116677
scene_10958,8,"(1, 2)","2,3",0.149765
scene_14442,8,"(5, 6)","5,6",0.215943
scene_14780,7,"(5, 6)","2,3",0.144872
scene_11522,8,"(3, 4)","3,4",0.180129
scene_12616,8,"(3, 4)","2,3",0.170631
scene_13371,8,"(0, 1)","2,3",0.098380
scene_11561,8,"(5, 6)","2,3",0.114848
scene_12395,8,"(4, 5)","2,3",0.150325
scene_14365,8,"(1, 2)","1,2",0.198962
scene_14433,7,"(3, 4)","1,2",0.176516
scene_13069,7,"(4, 5)","1,2",0.154458
scene_14339,8,"(3, 4)","2,3",0.101630
scene_11510,8,"(3, 4)","2,3",0.239458
scene_11863,7,"(0, 1)","2,3",0.002212
scene_10507,8,"(5, 6)","2,3",0.168087
scene_12198,8,"(1, 2)","1,2",0.075109
scene_14795,8,"(1, 2)","1,2",0.178266
scene_10057,7,"(2, 3)","2,3",0.134740
scene_11617,7,"(5, 6)","2,3",0.189258
scene_13241,8,"(6, 7)","2,3",0.139651
scene_13876,6,"(0, 1)","1,2",0.000933
scene_13864,8,"(4, 5)","1,2",0.071569
scene_14593,8,"(0, 1)","2,3",0.063925
scene_14351,8,"(6, 7)","2,3",0.055640
scene_13467,7,"(4, 5)","3,4",0.319896
scene_11628,8,"(1, 2)","2,3",0.242740
scene_14039,7,"(2, 3)","2,3",0.178482
scene_12968,6,"(2, 3)","1,2",0.097051
scene_12772,8,"(1, 2)","2,3",0.157485
scene_13526,8,"(3, 4)","1,5",0.109485
scene_10925,8,"(0, 1)","2,3",0.075452
scene_13091,8,"(2, 3)","1,8",0.272808
scene_10577,7,"(5, 6)","3,4",0.124472
scene_10308,8,"(6, 7)","1,2",0.069331
scene_11919,7,"(3, 4)","1,2",0.120276
scene_10472,8,"(4, 5)","1,2",0.106408
scene_13297,8,"(5, 6)","2,3",0.144313
scene_11388,8,"(2, 3)","1,2",0.198284
scene_13568,8,"(4, 5)","3,4",0.138422
scene_13059,8,"(3, 4)","2,3",0.214315
scene_14077,7,"(4, 5)","1,5",0.225356
scene_13306,7,"(3, 4)","2,3",0.247823
scene_14842,7,"(4, 5)","1,2",0.067449
scene_14616,6,"(0, 1)","1,2",0.036890
scene_13746,7,"(2, 3)","3,4",0.092720
scene_11053,7,"(2, 3)","1,2",0.049995
scene_10674,7,"(3, 4)","1,6",0.269530
scene_13404,7,"(4, 5)","2,3",0.089255
scene_11117,8,"(1, 2)","2,3",0.156611
scene_14089,7,"(5, 6)","1,2",0.254659
scene_12056,8,"(5, 6)","2,3",0.261398
scene_14581,7,"(2, 3)","1,2",0.083606
scene_11499,8,"(4, 5)","1,2",0.110691
scene_14145,8,"(4, 5)","2,3",0.216345
scene_12210,8,"(0, 1)","2,3",0.087147
scene_13224,7,"(5, 6)","2,3",0.135504
scene_10542,8,"(1, 2)","3,4",0.137115
scene_10823,8,"(2, 3)","1,4",0.157041
scene_10720,8,"(0, 1)","2,3",0.117653
scene_11702,6,"(1, 2)","2,3",0.122238
scene_13063,8,"(2, 3)","2,3",0.101306
scene_14925,8,"(0, 1)","2,3",0.113603
scene_14832,7,"(1, 2)","1,2",0.094702
scene_14165,7,"(2, 3)","1,2",0.142912
scene_10369,8,"(5, 6)","2,3",0.136509
scene_10539,6,"(1, 2)","2,3",0.108006
scene_13001,7,"(4, 5)","2,3",0.293407
scene_11495,8,"(3, 4)","2,3",0.123002
scene_12374,7,"(3, 4)","1,2",0.212861
scene_10136,7,"(4, 5)","2,3",0.184212
scene_14976,7,"(1, 2)","2,3",0.227072
scene_13233,7,"(4, 5)","1,2",0.234588
scene_11266,7,"(3, 4)","1,4",0.166672
scene_10161,8,"(3, 4)","2,3",0.155869
scene_12648,7,"(1, 2)","2,3",0.058250
scene_12571,8,"(3, 4)","3,4",0.202041
scene_14003,6,"(4, 5)","2,3",0.231101
scene_10398,7,"(5, 6)","2,3",0.115550
scene_14704,8,"(5, 6)","1,2",0.127911
scene_10561,8,"(1, 2)","2,3",0.276168
scene_13436,8,"(4, 5)","2,3",0.145867
scene_14330,8,"(1, 2)","2,3",0.066196
scene_12702,8,"(3, 4)","3,4",0.154144
scene_13145,8,"(2, 3)","2,3",0.090109
scene_12954,7,"(1, 2)","3,4",0.257470
scene_13096,8,"(1, 2)","3,4",0.125497
scene_12778,8,"(2, 3)","1,2",0.182353
scene_11027,8,"(6, 7)","2,3",0.097398
scene_12544,7,"(3, 4)","1,2",0.207810
scene_10779,8,"(4, 5)","2,3",0.120706
scene_12608,8,"(0, 1)","1,2",0.071766
scene_10898,8,"(6, 7)","1,2",0.119586
scene_11444,8,"(2, 3)","2,3",0.092852
scene_13287,8,"(0, 1)","3,8",0.196653
scene_12487,8,"(3, 4)","2,3",0.235597
scene_10943,8,"(1, 2)","2,3",0.126383
scene_13275,7,"(1, 2)","3,4",0.157999
scene_13179,7,"(3, 4)","3,4",0.148184
scene_11173,7,"(4, 5)","2,6",0.084878
scene_14819,8,"(4, 5)","2,3",0.100896
scene_13706,8,"(5, 6)","5,6",0.123624
scene_13414,8,"(3, 4)","2,3",0.092677
scene_12035,8,"(3, 4)","3,4",0.244342
scene_13054,7,"(5, 6)","1,2",0.137122
scene_12484,8,"(3, 4)","2,3",0.112796
scene_14063,8,"(3, 4)","3,4",0.110612
scene_14518,8,"(5, 6)","1,8",0.062193
scene_14907,8,"(6, 7)","1,2",0.243374
scene_13189,8,"(3, 4)","1,5",0.076846
scene_12811,8,"(3, 4)","2,3",0.304172
scene_13546,8,"(1, 2)","1,2",0.256552
scene_14738,6,"(0, 1)","1,2",0.001122
scene_10033,7,"(4, 5)","3,4",0.148519
scene_11125,7,"(0, 1)","2,3",0.019714
scene_11622,8,"(6, 7)","2,3",0.048380
scene_12698,7,"(1, 2)","2,3",0.125805
scene_14116,8,"(2, 3)","2,3",0.110789
scene_10089,8,"(0, 1)","3,4",0.063949
scene_11210,8,"(2, 3)","2,3",0.206506
scene_14900,7,"(1, 2)","1,2",0.162944
scene_11212,8,"(4, 5)","2,3",0.097177
scene_12355,7,"(2, 3)","2,3",0.185648
scene_11471,7,"(1, 2)","2,3",0.225517
scene_12343,7,"(3, 4)","2,3",0.228992
scene_11563,8,"(4, 5)","2,3",0.095118
scene_10972,7,"(5, 6)","2,3",0.039434
scene_10437,6,"(3, 4)","2,3",0.123601
scene_11980,8,"(4, 5)","2,3",0.114539
scene_14488,8,"(4, 5)","2,3",0.067876
scene_14946,8,"(0, 1)","2,3",0.072317
scene_10816,6,"(4, 5)","2,3",0.139241
scene_11238,8,"(0, 1)","1,2",0.275097
scene_14970,8,"(2, 3)","2,3",0.141795
scene_14062,6,"(4, 5)","2,3",0.040403
scene_11025,8,"(6, 7)","2,3",0.085244
scene_14106,8,"(2, 3)","2,3",0.183398
scene_14333,8,"(4, 5)","2,3",0.070119
scene_13943,8,"(6, 7)","2,3",0.121094
scene_12618,6,"(0, 1)","3,4",0.021491
scene_11226,6,"(3, 4)","2,3",0.061247
scene_12407,8,"(4, 5)","2,3",0.084773
scene_11416,8,"(1, 2)","1,2",0.148085
scene_13874,5,"(3, 4)","2,3",0.066147
scene_11810,7,"(0, 1)","1,2",0.057708
scene_10302,8,"(5, 6)","1,2",0.192868
scene_10648,6,"(1, 2)","2,3",0.041116
scene_12239,8,"(2, 3)","1,2",0.136967
scene_12777,7,"(0, 1)","2,3",0.014528
scene_11179,7,"(3, 4)","1,2",0.088008
scene_13694,7,"(2, 3)","1,6",0.088485
scene_14984,7,"(2, 3)","3,4",0.299886
scene_13298,8,"(6, 7)","3,4",0.084637
scene_13684,7,"(0, 1)","1,5",0.034743
scene_10038,8,"(3, 4)","2,3",0.211723
scene_12733,7,"(0, 1)","1,2",0.028588
scene_14429,8,"(6, 7)","2,3",0.139292
scene_11883,8,"(6, 7)","1,2",0.054002
scene_11041,8,"(1, 2)","1,6",0.070877
scene_12613,8,"(1, 2)","2,3",0.140384
scene_14299,8,"(6, 7)","1,2",0.113280
scene_10952,7,"(5, 6)","2,3",0.080917
scene_10587,8,"(4, 5)","2,3",0.121388
scene_12389,7,"(5, 6)","4,5",0.102186
scene_13741,8,"(2, 3)","1,2",0.107703
scene_12039,7,"(5, 6)","2,3",0.082285
scene_10987,8,"(4, 5)","1,8",0.136436
scene_12800,8,"(5, 6)","2,3",0.268057
scene_12539,8,"(3, 4)","4,5",0.220851
scene_11567,8,"(1, 2)","1,5",0.168177
scene_13569,7,"(4, 5)","2,3",0.230900
scene_12497,8,"(1, 2)","2,3",0.277285
scene_10323,8,"(6, 7)","2,3",0.095635
scene_10718,8,"(1, 2)","2,3",0.189706
scene_10697,8,"(6, 7)","2,3",0.066135
scene_10738,7,"(1, 2)","1,2",0.062146
scene_13249,8,"(6, 7)","2,3",0.164334
scene_12794,7,"(0, 1)","3,4",0.042116
scene_14289,7,"(4, 5)","2,3",0.252773
scene_11688,8,"(2, 3)","4,5",0.154166
scene_14702,8,"(4, 5)","2,3",0.150249
scene_11001,6,"(2, 3)","2,3",0.033120
scene_14514,8,"(4, 5)","3,4",0.248126
scene_11765,7,"(4, 5)","1,2",0.075566
scene_11536,7,"(1, 2)","2,3",0.148770
scene_11469,7,"(2, 3)","3,4",0.324970
scene_11202,7,"(5, 6)","1,2",0.103889
scene_10229,8,"(2, 3)","2,3",0.169096
scene_13264,8,"(2, 3)","3,4",0.260752
scene_11329,7,"(4, 5)","2,3",0.079176
scene_10188,7,"(2, 3)","2,6",0.160573
scene_10118,8,"(6, 7)","2,3",0.058269
scene_13703,8,"(4, 5)","2,3",0.075700
scene_11227,8,"(5, 6)","2,3",0.114859
scene_12844,7,"(0, 1)","2,3",0.091012
scene_10682,8,"(1, 2)","1,2",0.187997
scene_11818,8,"(6, 7)","1,6",0.060639
scene_14069,8,"(6, 7)","2,3",0.047129
scene_14575,8,"(3, 4)","2,3",0.137426
scene_12885,8,"(0, 1)","2,3",0.053824
scene_12596,7,"(2, 3)","1,2",0.093519
scene_13116,8,"(6, 7)","2,3",0.048702
scene_10404,8,"(5, 6)","2,3",0.135247
scene_14010,5,"(1, 2)","2,3",0.061497
scene_11778,8,"(5, 6)","2,3",0.095548
scene_10370,7,"(1, 2)","1,2",0.074050
scene_13060,7,"(1, 2)","2,3",0.064229
scene_10932,7,"(1, 2)","3,4",0.067349
scene_11178,7,"(5, 6)","2,3",0.119420
scene_13775,6,"(2, 3)","1,2",0.099222
scene_12805,6,"(1, 2)","2,3",0.049958
scene_12586,8,"(6, 7)","1,2",0.052061
scene_10962,8,"(6, 7)","1,2",0.181913
scene_10280,7,"(5, 6)","1,2",0.134504
scene_12530,8,"(3, 4)","2,3",0.278872
scene_10147,7,"(3, 4)","1,2",0.091200
scene_12217,7,"(1, 2)","2,3",0.061846
scene_13576,8,"(4, 5)","1,2",0.130214
scene_14507,8,"(5, 6)","2,3",0.083743
scene_13112,8,"(2, 3)","2,3",0.136996
scene_13637,8,"(5, 6)","2,3",0.136373
scene_12945,7,"(3, 4)","2,3",0.238240
scene_12568,8,"(3, 4)","2,3",0.133520
scene_14140,8,"(3, 4)","2,3",0.119327
scene_13911,8,"(0, 1)","2,3",0.059204
scene_11557,6,"(0, 1)","2,3",0.049010
scene_14610,8,"(3, 4)","2,3",0.310126
scene_13522,7,"(4, 5)","2,3",0.090567
scene_12764,7,"(5, 6)","1,2",0.094872
scene_13494,7,"(2, 3)","2,3",0.126425
scene_11346,8,"(5, 6)","2,3",0.106267
scene_13491,8,"(2, 3)","1,2",0.300588
scene_10328,8,"(3, 4)","2,3",0.315692
scene_12662,8,"(3, 4)","1,2",0.107119
scene_14979,8,"(2, 3)","2,3",0.095963
scene_12839,8,"(4, 5)","2,3",0.182169
scene_12553,8,"(0, 1)","2,3",0.080971
scene_11387,7,"(5, 6)","5,6",0.162644
scene_14686,7,"(0, 1)","3,4",0.043885
scene_14479,7,"(5, 6)","1,2",0.193089
scene_13203,7,"(3, 4)","2,3",0.070136
scene_11924,7,"(5, 6)","2,3",0.178371
scene_10306,7,"(5, 6)","1,6",0.161385
scene_10633,6,"(2, 3)","2,3",0.050562
scene_13975,8,"(6, 7)","2,3",0.132174
scene_14416,6,"(0, 1)","2,3",0.001157
scene_14355,6,"(4, 5)","1,2",0.058558
scene_11680,7,"(3, 4)","2,3",0.155399
scene_10591,8,"(1, 2)","1,2",0.203214
scene_12961,8,"(3, 4)","2,3",0.193577
scene_10062,8,"(6, 7)","2,3",0.050704
scene_11872,8,"(1, 2)","2,3",0.058604
scene_13732,8,"(3, 4)","1,5",0.119201
scene_12155,8,"(2, 3)","2,3",0.136009
scene_10409,7,"(2, 3)","2,3",0.118872
scene_11804,8,"(6, 7)","2,3",0.054257
scene_13464,7,"(2, 3)","2,3",0.213533
scene_13583,6,"(2, 3)","1,2",0.039616
scene_14419,6,"(4, 5)","2,3",0.044645
scene_13565,7,"(4, 5)","1,2",0.068009
scene_14209,8,"(1, 2)","2,3",0.197518
scene_12418,8,"(4, 5)","2,3",0.304727
scene_13957,7,"(3, 4)","2,3",0.241999
scene_14657,8,"(6, 7)","3,4",0.080592
scene_10518,8,"(2, 3)","2,3",0.098445
scene_10151,7,"(5, 6)","1,2",0.307025
scene_13954,8,"(6, 7)","2,3",0.103111
scene_12029,8,"(0, 1)","1,2",0.071543
scene_10624,8,"(0, 1)","2,3",0.118420
scene_14020,7,"(0, 1)","2,3",0.001316
scene_12671,8,"(5, 6)","1,2",0.288960
scene_13364,8,"(6, 7)","2,3",0.227727
scene_13248,8,"(6, 7)","1,2",0.136100
scene_12720,8,"(3, 4)","2,3",0.200648
scene_14051,6,"(0, 1)","2,3",0.088222
scene_11582,8,"(0, 1)","1,2",0.088047
scene_14120,8,"(6, 7)","3,4",0.182771
scene_13326,7,"(1, 2)","2,3",0.112661
scene_14123,7,"(3, 4)","1,2",0.066274
scene_12890,7,"(3, 4)","1,2",0.152531
scene_11938,8,"(0, 1)","2,3",0.209673
scene_13052,8,"(3, 4)","1,2",0.147370
scene_14486,6,"(1, 2)","2,3",0.114908
scene_10178,7,"(5, 6)","2,3",0.154681
scene_11683,7,"(1, 2)","2,3",0.122430
scene_13178,8,"(5, 6)","2,3",0.056458
scene_13509,7,"(2, 3)","2,3",0.074358
scene_11914,8,"(1, 2)","1,2",0.111837
scene_14464,7,"(2, 3)","2,3",0.150853
scene_11957,8,"(0, 1)","2,3",0.094290
scene_11546,8,"(5, 6)","2,3",0.073550
scene_12637,8,"(2, 3)","2,3",0.141830
scene_14513,7,"(2, 3)","2,3",0.126552
scene_13092,7,"(0, 1)","1,2",0.089300
scene_12725,5,"(2, 3)","2,3",0.090314
scene_12829,8,"(5, 6)","2,3",0.170705
scene_13970,8,"(5, 6)","2,3",0.041951
scene_13661,7,"(1, 2)","2,3",0.154147
scene_11218,7,"(0, 1)","2,3",0.017992
scene_14014,7,"(3, 4)","2,3",0.115553
scene_12446,6,"(2, 3)","2,3",0.088774
scene_12318,8,"(5, 6)","2,3",0.112152
scene_14231,7,"(5, 6)","1,2",0.095646
scene_12189,7,"(1, 2)","2,3",0.079624
scene_12786,7,"(3, 4)","1,2",0.097157
scene_13402,8,"(5, 6)","2,3",0.146069
scene_14328,7,"(0, 1)","1,2",0.061585
scene_10572,7,"(5, 6)","2,3",0.151153
scene_11119,7,"(0, 1)","3,4",0.015470
scene_11562,7,"(0, 1)","3,4",0.009289
scene_13144,8,"(1, 2)","2,3",0.100858
scene_11185,7,"(3, 4)","2,3",0.121202
scene_13744,8,"(0, 1)","2,3",0.152852
scene_11997,8,"(1, 2)","2,3",0.122486
scene_13871,7,"(4, 5)","1,4",0.184433
scene_13955,8,"(1, 2)","2,3",0.119646
scene_13406,7,"(4, 5)","2,3",0.047899
scene_12240,7,"(5, 6)","2,3",0.104394
scene_12391,7,"(3, 4)","2,3",0.075429
scene_14085,8,"(0, 1)","2,3",0.078647
scene_11262,8,"(0, 1)","2,3",0.062501
scene_10963,7,"(5, 6)","1,2",0.140900
scene_13783,7,"(2, 3)","2,3",0.158738
scene_10930,6,"(0, 1)","1,2",0.025156
scene_14521,7,"(3, 4)","1,2",0.276283
scene_10764,7,"(5, 6)","3,4",0.177241
scene_13345,6,"(1, 2)","1,2",0.268637
scene_10112,8,"(3, 4)","2,3",0.103585
scene_12546,8,"(0, 1)","1,2",0.086301
scene_11298,8,"(1, 2)","2,3",0.079666
scene_11961,7,"(3, 4)","1,2",0.203909
scene_10236,7,"(0, 1)","2,3",0.056908
scene_14496,8,"(5, 6)","4,5",0.092775
scene_13973,8,"(6, 7)","2,3",0.147809
scene_14679,7,"(0, 1)","1,2",0.026301
scene_12360,8,"(0, 1)","3,4",0.128521
scene_11074,7,"(2, 3)","2,3",0.084879
scene_14930,7,"(2, 3)","2,3",0.119333
scene_14661,8,"(2, 3)","2,3",0.162545
scene_10423,8,"(1, 2)","2,3",0.058080
scene_13624,6,"(3, 4)","2,3",0.121879
scene_14086,8,"(6, 7)","1,2",0.164558
scene_12965,8,"(6, 7)","2,3",0.188414
scene_11537,8,"(6, 7)","2,3",0.129154
scene_10445,8,"(6, 7)","2,3",0.050109
scene_13388,7,"(1, 2)","3,4",0.109934
scene_13787,8,"(5, 6)","2,3",0.096835
scene_10009,8,"(5, 6)","1,2",0.122037
scene_13314,7,"(1, 2)","1,2",0.085059
scene_10950,8,"(0, 1)","3,4",0.042523
scene_12649,8,"(4, 5)","2,3",0.241419
scene_12068,8,"(4, 5)","2,3",0.197680
scene_12577,7,"(0, 1)","1,5",0.097070
scene_10722,7,"(4, 5)","1,2",0.210150
scene_13728,7,"(5, 6)","2,3",0.187668
scene_10300,7,"(1, 2)","2,3",0.158562
scene_13283,7,"(3, 4)","2,3",0.106117
scene_12362,8,"(2, 3)","1,8",0.082605
scene_14061,8,"(5, 6)","1,2",0.090385
scene_14612,8,"(1, 2)","3,4",0.116803
scene_12703,8,"(5, 6)","1,2",0.181119
scene_11318,8,"(5, 6)","2,3",0.209898
scene_10857,8,"(1, 2)","2,3",0.152571
scene_12631,8,"(3, 4)","2,3",0.202587
scene_12732,8,"(4, 5)","1,8",0.098531
scene_14554,8,"(5, 6)","2,3",0.108348
scene_12852,7,"(3, 4)","1,2",0.095898
scene_13853,7,"(1, 2)","2,3",0.171492
scene_10748,7,"(0, 1)","2,3",0.036300
scene_14259,6,"(0, 1)","2,3",0.001682
scene_14437,8,"(1, 2)","1,2",0.160803
scene_11487,7,"(0, 1)","3,4",0.045794
scene_14973,8,"(4, 5)","1,2",0.166908
scene_14533,8,"(5, 6)","2,3",0.097704
scene_13857,7,"(3, 4)","2,3",0.105218
scene_11436,7,"(2, 3)","2,3",0.250835
scene_14400,8,"(3, 4)","1,2",0.086471
scene_12208,7,"(2, 3)","2,3",0.189815
scene_10169,8,"(6, 7)","1,2",0.145313
scene_14806,7,"(1, 2)","2,3",0.203714
scene_10749,7,"(1, 2)","2,3",0.124403
scene_10211,7,"(2, 3)","1,2",0.184192
scene_12052,8,"(5, 6)","1,2",0.164994
scene_14852,8,"(0, 1)","1,2",0.106060
scene_13542,7,"(1, 2)","1,2",0.193392
scene_14628,8,"(4, 5)","1,2",0.079863
scene_10659,7,"(4, 5)","1,2",0.115700
scene_13589,7,"(4, 5)","2,3",0.246089
scene_14048,8,"(5, 6)","3,4",0.174242
scene_14102,6,"(4, 5)","1,2",0.039708
scene_12231,8,"(2, 3)","2,3",0.186951
scene_13300,7,"(5, 6)","2,3",0.197699
scene_12492,8,"(0, 1)","2,3",0.070636
scene_13842,8,"(6, 7)","1,2",0.166461
scene_11019,8,"(6, 7)","4,5",0.093595
scene_13600,7,"(5, 6)","1,2",0.188913
scene_12365,8,"(2, 3)","3,4",0.165718
scene_14845,7,"(1, 2)","2,3",0.071560
scene_11360,8,"(4, 5)","1,5",0.079242
scene_10489,7,"(4, 5)","2,3",0.078987
scene_14929,8,"(4, 5)","2,3",0.199302
scene_11166,8,"(1, 2)","3,4",0.116734
scene_12177,8,"(5, 6)","2,3",0.140832
scene_11221,7,"(3, 4)","2,3",0.154522
scene_11842,8,"(2, 3)","2,3",0.214443
scene_10941,6,"(0, 1)","1,2",0.031693
scene_14503,7,"(1, 2)","2,3",0.128875
scene_11621,8,"(3, 4)","1,2",0.235703
scene_14238,8,"(3, 4)","2,3",0.130173
scene_11913,7,"(0, 1)","2,3",0.045522
scene_10584,7,"(1, 2)","3,4",0.049800
scene_13722,8,"(3, 4)","2,3",0.088935
scene_12317,7,"(5, 6)","1,2",0.216793
scene_12361,8,"(4, 5)","1,2",0.117056
scene_11897,7,"(0, 1)","2,3",0.024166
scene_10267,8,"(4, 5)","1,2",0.065174
scene_12386,8,"(0, 1)","1,2",0.109067
scene_13852,8,"(2, 3)","2,3",0.122566
scene_14247,8,"(2, 3)","1,6",0.139028
scene_13349,7,"(1, 2)","3,4",0.155125
scene_10021,8,"(3, 4)","2,3",0.086525
scene_11283,8,"(6, 7)","2,3",0.078482
scene_10615,8,"(6, 7)","2,3",0.178138
scene_11424,8,"(4, 5)","2,3",0.197192
scene_11965,8,"(3, 4)","1,2",0.119017
scene_11287,7,"(2, 3)","2,3",0.150873
scene_10666,7,"(4, 5)","2,3",0.068936
scene_12168,8,"(5, 6)","3,4",0.278243
scene_14911,7,"(1, 2)","2,3",0.189529
scene_11703,8,"(6, 7)","4,5",0.063183
scene_10813,7,"(3, 4)","2,3",0.162827
scene_10494,8,"(6, 7)","2,3",0.058876
scene_12502,8,"(0, 1)","1,2",0.089373
scene_13515,8,"(0, 1)","1,5",0.055671
scene_12436,8,"(4, 5)","1,2",0.175624
scene_13629,6,"(0, 1)","2,3",0.033908
scene_13693,7,"(0, 1)","1,2",0.075266
scene_14449,8,"(2, 3)","2,3",0.255805
scene_11849,8,"(1, 2)","2,3",0.118881
scene_13412,7,"(0, 1)","1,5",0.033524
scene_10971,7,"(0, 1)","1,2",0.014802
scene_12034,6,"(3, 4)","4,5",0.066270
scene_10698,7,"(4, 5)","2,3",0.162164
scene_14812,7,"(2, 3)","2,3",0.169882
scene_11223,7,"(5, 6)","2,3",0.160234
scene_11243,7,"(5, 6)","2,3",0.109773
scene_10440,8,"(4, 5)","1,8",0.149829
scene_10607,7,"(3, 4)","2,3",0.135472
scene_14031,8,"(3, 4)","1,2",0.144736
scene_13285,8,"(5, 6)","1,2",0.114156
scene_10536,8,"(3, 4)","2,3",0.120622
scene_10935,8,"(0, 1)","2,3",0.148209
scene_13916,8,"(5, 6)","1,2",0.083131
scene_12069,8,"(4, 5)","2,3",0.068430
scene_10421,8,"(4, 5)","2,3",0.199774
scene_11511,8,"(4, 5)","2,3",0.066441
scene_12793,7,"(1, 2)","2,3",0.140654
scene_13611,7,"(2, 3)","2,3",0.136886
scene_13924,8,"(0, 1)","2,3",0.100392
scene_13848,7,"(2, 3)","2,3",0.131878
scene_12330,8,"(0, 1)","1,2",0.119112
scene_10100,8,"(4, 5)","2,3",0.122421
scene_10841,8,"(1, 2)","2,3",0.082314
scene_14024,7,"(1, 2)","2,3",0.124473
scene_14393,8,"(4, 5)","2,3",0.157934
scene_12394,7,"(2, 3)","1,2",0.097315
scene_10447,8,"(3, 4)","2,3",0.176388
scene_10372,7,"(4, 5)","2,3",0.116545
scene_12248,8,"(5, 6)","3,4",0.092883
scene_11037,8,"(6, 7)","4,5",0.181022
scene_10115,8,"(6, 7)","2,3",0.118419
scene_12477,8,"(5, 6)","2,3",0.129384
scene_14614,7,"(5, 6)","2,3",0.156733
scene_12958,7,"(5, 6)","2,3",0.149053
scene_11864,7,"(0, 1)","2,3",0.032215
scene_12427,7,"(2, 3)","2,3",0.194138
scene_11591,7,"(5, 6)","1,2",0.197421
scene_10824,7,"(3, 4)","2,3",0.097345
scene_12319,6,"(1, 2)","3,4",0.014691
scene_12266,8,"(0, 1)","2,3",0.066041
scene_13969,8,"(1, 2)","2,3",0.137626
scene_11773,7,"(0, 1)","1,2",0.001091
scene_14773,8,"(3, 4)","2,3",0.106227
scene_11517,7,"(0, 1)","1,2",0.025292
scene_10980,7,"(3, 4)","1,2",0.115812
scene_14915,7,"(4, 5)","1,2",0.048955
scene_11578,8,"(4, 5)","2,3",0.234274
scene_10989,8,"(0, 1)","2,3",0.123046
scene_11889,7,"(2, 3)","2,3",0.076740
scene_14877,8,"(5, 6)","1,2",0.100630
scene_12512,7,"(5, 6)","2,3",0.105387
scene_12220,8,"(5, 6)","2,3",0.061977
scene_13720,8,"(5, 6)","1,4",0.249456
scene_12884,6,"(1, 2)","1,2",0.038696
scene_12711,7,"(0, 1)","3,4",0.041500
scene_13488,7,"(0, 1)","1,2",0.065819
scene_12818,7,"(5, 6)","2,3",0.103997
scene_14530,8,"(1, 2)","2,3",0.213086
scene_13025,8,"(5, 6)","1,2",0.101592
scene_12509,8,"(0, 1)","2,3",0.148157
scene_11994,6,"(1, 2)","1,2",0.042852
scene_14432,8,"(3, 4)","3,4",0.130366
scene_11816,7,"(2, 3)","2,3",0.132726
scene_12411,8,"(4, 5)","2,3",0.080047
scene_10763,8,"(4, 5)","2,3",0.190097
scene_10141,8,"(6, 7)","2,3",0.235640
scene_13674,7,"(5, 6)","1,2",0.090299
scene_14023,8,"(2, 3)","1,2",0.100262
scene_13903,8,"(1, 2)","1,2",0.248566
scene_11969,7,"(2, 3)","2,3",0.072436
scene_14658,8,"(1, 2)","1,2",0.180021
scene_14621,6,"(2, 3)","2,3",0.103773
scene_11978,8,"(5, 6)","2,3",0.146859
scene_14839,8,"(0, 1)","3,4",0.158254
scene_11566,8,"(6, 7)","1,2",0.152928
scene_14235,7,"(0, 1)","1,2",0.035165
scene_10083,8,"(2, 3)","2,3",0.150866
scene_12264,7,"(3, 4)","1,6",0.072684
scene_12291,8,"(2, 3)","2,3",0.095436
scene_12790,6,"(4, 5)","3,4",0.068635
scene_12117,7,"(0, 1)","2,3",0.030140
scene_12908,6,"(2, 3)","3,4",0.066861
scene_11738,8,"(5, 6)","1,2",0.087088
scene_13997,8,"(4, 5)","2,3",0.079699
scene_11490,7,"(5, 6)","2,3",0.183614
scene_12663,8,"(0, 1)","2,3",0.110883
scene_14509,8,"(3, 4)","2,3",0.130786
scene_10235,8,"(3, 4)","1,8",0.185919
scene_12757,7,"(4, 5)","2,3",0.168990
scene_14746,7,"(2, 3)","2,3",0.154207
scene_14493,8,"(0, 1)","2,3",0.143046
scene_11998,7,"(3, 4)","2,3",0.125727
scene_13695,8,"(6, 7)","2,3",0.085450
scene_12285,7,"(4, 5)","2,3",0.040947
scene_10710,7,"(1, 2)","2,3",0.188638
scene_12012,6,"(2, 3)","1,2",0.240085
scene_12641,8,"(1, 2)","2,3",0.108281
scene_12199,8,"(2, 3)","3,6",0.116599
scene_13571,7,"(0, 1)","1,2",0.116837
scene_13811,8,"(4, 5)","2,3",0.207813
scene_13963,7,"(5, 6)","1,2",0.105160
scene_12213,8,"(5, 6)","1,2",0.044038
scene_14277,7,"(0, 1)","2,3",0.117045
scene_11443,7,"(1, 2)","1,2",0.050763
scene_13570,8,"(5, 6)","1,2",0.108913
scene_11254,7,"(4, 5)","3,4",0.123608
scene_13769,8,"(0, 1)","1,2",0.083733
scene_12969,7,"(0, 1)","3,4",0.043713
scene_13554,7,"(0, 1)","2,3",0.000894
scene_10865,7,"(1, 2)","1,2",0.110982
scene_14018,8,"(0, 1)","2,3",0.088234
scene_14452,8,"(3, 4)","1,2",0.151448
scene_10103,7,"(2, 3)","2,3",0.306940
scene_12797,8,"(3, 4)","1,2",0.083970
scene_14688,8,"(1, 2)","1,2",0.140140
scene_10565,7,"(1, 2)","4,5",0.082636
scene_13037,8,"(6, 7)","2,3",0.046351
scene_14896,8,"(0, 1)","1,2",0.135607
scene_14367,8,"(4, 5)","2,3",0.142579
scene_12846,6,"(3, 4)","1,2",0.090343
scene_10336,7,"(1, 2)","2,3",0.130084
scene_14818,8,"(2, 3)","2,3",0.149624
scene_12471,8,"(1, 2)","2,3",0.053989
scene_10835,7,"(3, 4)","2,3",0.097309
scene_11990,8,"(5, 6)","1,2",0.086026
scene_10623,8,"(2, 3)","4,5",0.095725
scene_11625,7,"(2, 3)","2,3",0.220809
scene_13252,5,"(0, 1)","2,3",0.044126
scene_13076,7,"(4, 5)","2,3",0.105681
scene_12556,8,"(2, 3)","1,2",0.108519
scene_10210,7,"(0, 1)","1,2",0.033487
scene_14608,8,"(4, 5)","3,4",0.215465
scene_12549,8,"(5, 6)","1,2",0.102792
scene_11342,8,"(0, 1)","3,4",0.135929
scene_14874,7,"(1, 2)","1,2",0.136700
scene_11375,8,"(1, 2)","2,3",0.209182
scene_13023,8,"(6, 7)","7,8",0.123127
scene_12100,8,"(4, 5)","2,3",0.219446
scene_14667,6,"(0, 1)","1,2",0.001108
scene_11786,7,"(3, 4)","2,3",0.125628
scene_10938,7,"(0, 1)","1,2",0.054299
scene_13882,8,"(3, 4)","2,6",0.144096
scene_11035,8,"(6, 7)","6,7",0.205140
scene_11955,8,"(2, 3)","1,4",0.090953
scene_11249,8,"(6, 7)","3,4",0.110600
scene_10166,8,"(6, 7)","2,3",0.115802
scene_11634,7,"(2, 3)","2,3",0.205901
scene_14482,6,"(2, 3)","1,2",0.087968
scene_10254,8,"(0, 1)","3,4",0.130344
scene_10329,8,"(4, 5)","2,3",0.061511
scene_10563,7,"(3, 4)","3,4",0.134829
scene_11837,7,"(0, 1)","2,3",0.023993
scene_12868,8,"(2, 3)","2,3",0.084860
scene_10427,7,"(1, 2)","2,3",0.127825
scene_10158,8,"(2, 3)","1,6",0.112714
scene_13855,8,"(4, 5)","4,5",0.115683
scene_10671,8,"(6, 7)","2,3",0.077427
scene_12067,8,"(2, 3)","2,3",0.245068
scene_13456,7,"(5, 6)","3,4",0.108967
scene_12280,7,"(4, 5)","2,3",0.080978
scene_14417,7,"(1, 2)","1,2",0.149919
scene_12766,8,"(3, 4)","2,3",0.279780
scene_12678,7,"(2, 3)","2,3",0.061463
scene_13727,8,"(4, 5)","1,8",0.103022
scene_11734,8,"(3, 4)","2,3",0.200653
scene_12682,7,"(1, 2)","3,4",0.123676
scene_14674,8,"(5, 6)","2,3",0.112690
scene_12132,6,"(4, 5)","2,3",0.074071
scene_14498,8,"(6, 7)","3,4",0.204855
scene_11489,8,"(6, 7)","3,4",0.105743
scene_13785,7,"(1, 2)","1,2",0.147489
scene_11112,8,"(1, 2)","3,4",0.236050
scene_13514,6,"(0, 1)","2,3",0.060424
scene_10688,8,"(3, 4)","2,3",0.104773
scene_10222,8,"(0, 1)","1,2",0.093535
scene_13230,6,"(1, 2)","1,2",0.143659
scene_10220,8,"(4, 5)","2,3",0.069343
scene_14927,8,"(2, 3)","3,4",0.195948
scene_11046,7,"(5, 6)","1,2",0.094302
scene_13831,8,"(6, 7)","2,3",0.162603
scene_14831,8,"(5, 6)","1,2",0.076035
scene_13315,8,"(0, 1)","2,3",0.270745
scene_12755,8,"(2, 3)","1,2",0.120894
scene_13187,8,"(0, 1)","4,5",0.143935
scene_10237,7,"(5, 6)","2,3",0.097331
scene_14752,8,"(3, 4)","2,3",0.098147
scene_13573,8,"(6, 7)","2,3",0.097163
scene_12236,7,"(5, 6)","1,2",0.259651
scene_11798,7,"(5, 6)","2,3",0.250806
scene_14002,7,"(2, 3)","2,3",0.121043
scene_11807,8,"(0, 1)","2,3",0.112841
scene_14412,8,"(1, 2)","2,3",0.146041
scene_13435,7,"(4, 5)","2,3",0.213603
scene_13196,8,"(1, 2)","1,4",0.357552
scene_12447,8,"(3, 4)","1,2",0.235422
scene_12883,8,"(3, 4)","2,3",0.115203
scene_10048,8,"(0, 1)","3,4",0.142275
scene_13910,7,"(1, 2)","2,3",0.098862
scene_13118,8,"(5, 6)","1,6",0.069212
scene_10160,7,"(2, 3)","2,3",0.149987
scene_13192,8,"(0, 1)","1,8",0.117382
scene_13444,7,"(0, 1)","1,2",0.012923
scene_11695,7,"(1, 2)","4,5",0.115147
scene_10511,8,"(6, 7)","2,3",0.078708
scene_13409,7,"(4, 5)","2,3",0.071873
scene_13819,8,"(3, 4)","1,6",0.111483
scene_14448,8,"(5, 6)","3,4",0.063306
scene_12712,7,"(2, 3)","1,2",0.141669
scene_13342,8,"(3, 4)","2,3",0.172298
scene_13401,6,"(0, 1)","2,3",0.239911
scene_10527,8,"(4, 5)","2,3",0.115514
scene_11753,8,"(0, 1)","2,3",0.135273
scene_11252,8,"(4, 5)","2,3",0.107550
scene_13139,6,"(1, 2)","1,2",0.178087
scene_11895,8,"(5, 6)","3,4",0.054111
scene_11236,8,"(6, 7)","2,3",0.061502
scene_14891,8,"(3, 4)","3,4",0.179732
scene_10661,8,"(0, 1)","3,4",0.144977
scene_14427,8,"(4, 5)","2,3",0.166671
scene_12620,8,"(4, 5)","1,2",0.098162
scene_12753,8,"(0, 1)","2,3",0.095575
scene_12226,6,"(3, 4)","1,2",0.119228
scene_11921,8,"(5, 6)","2,3",0.228707
scene_12341,7,"(1, 2)","2,3",0.074449
scene_10635,7,"(1, 2)","2,3",0.089101
scene_13606,7,"(2, 3)","1,2",0.099420
scene_12250,8,"(2, 3)","2,3",0.110013
scene_11960,8,"(6, 7)","5,6",0.155944
scene_13972,6,"(2, 3)","1,2",0.096422
scene_14273,6,"(3, 4)","2,3",0.161736
scene_12272,7,"(5, 6)","2,3",0.094244
scene_12026,8,"(6, 7)","2,5",0.134187
scene_12124,8,"(5, 6)","1,2",0.124790
scene_13689,8,"(2, 3)","1,2",0.259699
scene_13891,7,"(2, 3)","1,6",0.081962
scene_11304,8,"(3, 4)","2,3",0.092477
scene_13655,8,"(2, 3)","2,3",0.183062
scene_13498,8,"(1, 2)","2,3",0.230878
scene_14138,8,"(0, 1)","2,3",0.088443
scene_13628,8,"(1, 2)","2,3",0.264141
scene_12600,8,"(1, 2)","1,2",0.138489
scene_14354,8,"(6, 7)","2,3",0.136754
scene_13809,8,"(6, 7)","2,3",0.064474
scene_11093,7,"(4, 5)","3,4",0.098193
scene_13742,7,"(0, 1)","3,6",0.100405
scene_10995,8,"(1, 2)","1,2",0.111618
scene_12042,7,"(0, 1)","3,4",0.001925
scene_10412,7,"(1, 2)","1,2",0.057110
scene_13808,7,"(3, 4)","2,3",0.135306
scene_14246,8,"(3, 4)","1,2",0.094528
scene_11441,8,"(2, 3)","1,2",0.188065
scene_11793,7,"(3, 4)","2,3",0.074087
scene_13485,8,"(0, 1)","2,3",0.171500
scene_10874,8,"(4, 5)","1,2",0.166446
scene_10045,8,"(2, 3)","2,3",0.098313
scene_11209,8,"(6, 7)","3,4",0.101304
scene_11999,8,"(1, 2)","3,4",0.215635
scene_13276,8,"(3, 4)","3,4",0.122019
scene_14052,7,"(2, 3)","2,3",0.142742
scene_13147,8,"(3, 4)","2,3",0.144978
scene_11593,7,"(2, 3)","2,3",0.171550
scene_13398,8,"(6, 7)","1,2",0.254136
scene_13733,7,"(0, 1)","2,3",0.000724
scene_10597,8,"(0, 1)","2,3",0.073500
scene_13895,8,"(1, 2)","1,2",0.071529
scene_14926,7,"(5, 6)","2,3",0.221829
scene_10379,8,"(2, 3)","1,2",0.250098
scene_10200,8,"(6, 7)","2,3",0.060791
scene_11208,5,"(0, 1)","1,2",0.133721
scene_11632,7,"(1, 2)","2,3",0.180068
scene_14816,7,"(2, 3)","2,3",0.114316
scene_12543,8,"(1, 2)","1,2",0.089461
scene_11925,8,"(0, 1)","1,2",0.070708
scene_10766,7,"(5, 6)","1,2",0.167225
scene_12747,8,"(1, 2)","2,3",0.120658
scene_14225,8,"(2, 3)","1,2",0.132430
scene_12325,8,"(3, 4)","1,6",0.115844
scene_10695,7,"(4, 5)","1,2",0.156652
scene_11391,7,"(0, 1)","1,2",0.004060
scene_13879,8,"(5, 6)","1,2",0.085145
scene_14190,7,"(2, 3)","3,4",0.205350
scene_11751,8,"(2, 3)","1,2",0.319835
scene_13625,6,"(1, 2)","2,3",0.071352
scene_14646,7,"(0, 1)","2,3",0.042339
scene_13812,7,"(3, 4)","1,6",0.175319
scene_12640,7,"(3, 4)","2,3",0.066668
scene_13524,8,"(4, 5)","1,2",0.168084
scene_11722,8,"(5, 6)","1,2",0.255755
scene_12351,8,"(4, 5)","2,3",0.084511
scene_12490,8,"(1, 2)","2,3",0.148606
scene_10003,7,"(0, 1)","2,3",0.001093
scene_14491,8,"(3, 4)","1,8",0.127615
scene_13329,7,"(0, 1)","2,3",0.023096
scene_12466,8,"(6, 7)","3,4",0.234691
scene_11426,7,"(1, 2)","2,3",0.112191
scene_13107,7,"(0, 1)","2,3",0.047931
scene_13447,8,"(0, 1)","1,2",0.346764
scene_11572,8,"(0, 1)","2,3",0.083298
scene_11043,8,"(6, 7)","1,2",0.185492
scene_14544,6,"(1, 2)","2,3",0.119486
scene_12423,8,"(1, 2)","2,3",0.168612
scene_13299,7,"(1, 2)","3,4",0.125113
scene_12673,8,"(6, 7)","3,4",0.095482
scene_13348,8,"(3, 4)","2,3",0.259595
scene_12534,7,"(2, 3)","3,4",0.291705
scene_14157,8,"(5, 6)","2,3",0.170322
scene_12461,8,"(5, 6)","2,3",0.066305
scene_11021,6,"(0, 1)","2,3",0.051916
scene_12572,8,"(4, 5)","2,3",0.100064
scene_12706,8,"(4, 5)","2,3",0.143748
scene_10574,7,"(2, 3)","2,3",0.163549
scene_13536,8,"(6, 7)","2,3",0.075764
scene_12985,7,"(0, 1)","1,2",0.100384
scene_11615,6,"(0, 1)","2,3",0.016451
scene_14413,7,"(0, 1)","1,2",0.045893
scene_14262,8,"(1, 2)","2,3",0.178099
scene_10013,7,"(5, 6)","1,2",0.151409
scene_13575,8,"(3, 4)","2,3",0.097449
scene_10363,8,"(6, 7)","2,3",0.060351
scene_12087,8,"(1, 2)","2,3",0.079185
scene_11558,7,"(0, 1)","2,3",0.069826
scene_13157,8,"(6, 7)","2,3",0.115839
scene_10948,7,"(2, 3)","2,3",0.251647
scene_14192,8,"(0, 1)","2,3",0.118313
scene_13577,8,"(0, 1)","2,3",0.074619
scene_14730,6,"(3, 4)","3,4",0.053741
scene_12833,8,"(0, 1)","6,7",0.093224
scene_13562,8,"(1, 2)","1,2",0.119023
scene_10889,7,"(4, 5)","2,3",0.150691
scene_10313,7,"(3, 4)","1,4",0.085047
scene_12175,7,"(5, 6)","3,4",0.233389
scene_11463,8,"(3, 4)","3,4",0.186197
scene_12140,7,"(3, 4)","2,3",0.131057
scene_10945,8,"(0, 1)","2,3",0.138242
scene_10226,8,"(3, 4)","1,2",0.197800
scene_12714,6,"(3, 4)","2,3",0.065629
scene_14954,8,"(1, 2)","2,3",0.276514
scene_13277,7,"(2, 3)","1,2",0.143968
scene_14176,7,"(1, 2)","1,2",0.082197
scene_12878,7,"(1, 2)","2,3",0.094651
scene_12287,8,"(2, 3)","1,2",0.206922
scene_10569,7,"(2, 3)","2,3",0.199056
scene_12283,7,"(3, 4)","2,3",0.106295
scene_12690,7,"(1, 2)","1,2",0.070906
scene_13267,7,"(0, 1)","2,3",0.059221
scene_11583,8,"(4, 5)","1,2",0.156225
scene_10193,6,"(4, 5)","1,2",0.073329
scene_11827,7,"(4, 5)","2,3",0.280446
scene_11865,7,"(1, 2)","1,2",0.077441
scene_12501,7,"(5, 6)","1,2",0.226249
scene_12866,8,"(2, 3)","1,2",0.102332
scene_13773,7,"(3, 4)","1,2",0.096849
scene_11635,8,"(3, 4)","3,4",0.229733
scene_11823,7,"(4, 5)","2,3",0.108567
scene_13858,8,"(3, 4)","3,4",0.117884
scene_10317,8,"(0, 1)","1,2",0.070467
scene_13135,8,"(0, 1)","3,4",0.112150
scene_10886,7,"(2, 3)","2,3",0.172104
scene_11305,8,"(3, 4)","1,8",0.192491
scene_14872,8,"(1, 2)","1,2",0.160547
scene_12033,8,"(3, 4)","2,3",0.078401
scene_13375,8,"(1, 2)","1,8",0.196947
scene_12723,7,"(5, 6)","1,2",0.114784
scene_11470,7,"(4, 5)","1,2",0.091032
scene_10203,7,"(1, 2)","2,3",0.182085
scene_13380,8,"(5, 6)","2,3",0.085508
scene_11451,7,"(4, 5)","2,3",0.078973
scene_11332,6,"(0, 1)","1,2",0.006183
scene_11940,8,"(3, 4)","1,8",0.185709
scene_11267,7,"(5, 6)","1,2",0.174547
scene_14753,7,"(2, 3)","1,2",0.146130
scene_14589,8,"(3, 4)","3,4",0.205190
scene_12899,8,"(4, 5)","1,2",0.093419
scene_10843,8,"(6, 7)","2,3",0.151088
scene_12045,8,"(3, 4)","2,3",0.143724
scene_11721,7,"(2, 3)","1,2",0.081048
scene_12933,8,"(4, 5)","3,4",0.108470
scene_10326,8,"(4, 5)","4,5",0.191628
scene_12989,8,"(2, 3)","3,8",0.190921
scene_12526,7,"(3, 4)","1,2",0.077942
scene_10342,6,"(2, 3)","2,3",0.087445
scene_11045,7,"(1, 2)","2,3",0.124803
scene_13523,8,"(0, 1)","3,4",0.064132
scene_11214,7,"(2, 3)","1,2",0.182080
scene_14529,7,"(4, 5)","2,3",0.191468
scene_13026,7,"(1, 2)","2,3",0.071404
scene_10295,8,"(0, 1)","2,3",0.070467
scene_14472,8,"(6, 7)","2,3",0.066585
scene_11222,7,"(2, 3)","1,2",0.121295
scene_10617,7,"(0, 1)","2,3",0.001021
scene_14847,7,"(3, 4)","1,2",0.287140
scene_10079,7,"(4, 5)","2,3",0.170551
scene_14597,7,"(2, 3)","6,7",0.191959
scene_13506,8,"(6, 7)","1,2",0.119296
scene_14522,7,"(4, 5)","1,2",0.218049
scene_13622,7,"(1, 2)","2,3",0.279202
scene_14854,7,"(1, 2)","2,3",0.161153
scene_12146,7,"(0, 1)","2,3",0.074056
scene_11072,7,"(1, 2)","2,3",0.148221
scene_12734,8,"(5, 6)","1,2",0.238707
scene_10029,7,"(1, 2)","2,3",0.088604
scene_10361,7,"(2, 3)","1,2",0.155488
scene_12267,8,"(4, 5)","2,3",0.228830
scene_14895,8,"(6, 7)","1,2",0.177987
scene_10757,7,"(5, 6)","2,3",0.039783
scene_10417,8,"(0, 1)","2,3",0.096750
scene_12058,8,"(6, 7)","2,3",0.188506
scene_14849,8,"(1, 2)","2,3",0.213993
scene_14143,7,"(4, 5)","2,3",0.162714
scene_12163,7,"(3, 4)","2,3",0.188749
scene_11668,8,"(2, 3)","2,3",0.193883
scene_12810,8,"(6, 7)","2,3",0.174995
scene_11726,8,"(6, 7)","2,3",0.074427
scene_12309,7,"(1, 2)","2,3",0.095691
scene_12232,7,"(1, 2)","2,3",0.082242
scene_14967,7,"(1, 2)","2,3",0.213428
scene_14876,7,"(4, 5)","1,2",0.107114
scene_10877,8,"(2, 3)","3,4",0.191922
scene_10946,7,"(5, 6)","1,2",0.049774
scene_14957,7,"(5, 6)","2,3",0.198904
scene_11101,8,"(2, 3)","2,3",0.161862
scene_10849,6,"(4, 5)","1,2",0.064570
scene_12453,7,"(0, 1)","2,3",0.030049
scene_14546,7,"(5, 6)","1,2",0.083311
scene_10064,8,"(5, 6)","1,2",0.220698
scene_14336,7,"(2, 3)","2,3",0.190261
scene_12479,8,"(4, 5)","2,3",0.115916
scene_14453,8,"(4, 5)","2,3",0.153572
scene_13592,7,"(1, 2)","1,2",0.094805
scene_11293,8,"(4, 5)","2,3",0.152132
scene_12335,7,"(1, 2)","2,3",0.254045
scene_13029,7,"(3, 4)","2,3",0.254370
scene_12002,5,"(2, 3)","2,3",0.063872
scene_10564,8,"(1, 2)","1,2",0.080415
scene_12861,8,"(3, 4)","2,3",0.205516
scene_11086,7,"(0, 1)","2,3",0.048912
scene_14743,7,"(0, 1)","1,4",0.000995
scene_14147,8,"(0, 1)","3,8",0.048795
scene_11747,7,"(1, 2)","1,2",0.052626
scene_14407,6,"(4, 5)","1,2",0.063556
scene_10601,8,"(1, 2)","1,2",0.080096
scene_10820,7,"(0, 1)","2,3",0.035165
scene_14615,8,"(4, 5)","1,2",0.133973
scene_13757,6,"(3, 4)","2,3",0.086338
scene_10076,7,"(0, 1)","3,4",0.001070
scene_10595,8,"(2, 3)","1,2",0.120283
scene_12591,8,"(4, 5)","1,2",0.243533
scene_13748,6,"(1, 2)","1,5",0.135684
scene_12458,8,"(6, 7)","1,2",0.251092
scene_11073,7,"(1, 2)","1,2",0.067781
scene_13245,8,"(2, 3)","2,3",0.174309
scene_12176,8,"(5, 6)","2,3",0.220376
scene_11956,7,"(1, 2)","2,3",0.092900
scene_12574,7,"(2, 3)","1,2",0.222873
scene_11674,8,"(0, 1)","1,5",0.047113
scene_12137,7,"(0, 1)","1,2",0.047040
scene_12592,7,"(1, 2)","2,3",0.054813
scene_14285,7,"(4, 5)","2,3",0.070784
scene_14633,8,"(5, 6)","1,2",0.081114
scene_13437,8,"(1, 2)","2,3",0.053633
scene_10672,8,"(6, 7)","2,3",0.219194
scene_10325,8,"(0, 1)","1,2",0.046066
scene_12017,8,"(6, 7)","2,3",0.112863
scene_14669,8,"(4, 5)","2,3",0.166446
scene_10983,8,"(6, 7)","2,3",0.254871
scene_13310,8,"(2, 3)","1,2",0.183216
scene_11927,7,"(0, 1)","1,2",0.035365
scene_10557,8,"(2, 3)","3,4",0.111835
scene_10562,8,"(5, 6)","2,3",0.131770
scene_11523,6,"(3, 4)","2,3",0.139915
scene_10657,7,"(4, 5)","2,3",0.147789
scene_14163,6,"(0, 1)","2,3",0.043545
scene_10466,7,"(2, 3)","1,2",0.146940
scene_11290,8,"(2, 3)","2,3",0.192042
scene_14353,7,"(2, 3)","2,3",0.148839
scene_14122,8,"(1, 2)","1,2",0.099712
scene_13908,6,"(1, 2)","2,5",0.079768
scene_10411,8,"(5, 6)","2,3",0.048203
scene_10469,8,"(3, 4)","4,5",0.157248
scene_12570,8,"(6, 7)","2,3",0.196104
scene_10500,8,"(5, 6)","2,3",0.098847
scene_14444,8,"(3, 4)","2,3",0.182191
scene_10480,8,"(5, 6)","3,4",0.174530
scene_11784,8,"(2, 3)","1,2",0.134677
scene_12431,7,"(1, 2)","2,3",0.096719
scene_11556,5,"(2, 3)","1,2",0.063867
scene_11269,7,"(1, 2)","1,2",0.091480
scene_13989,7,"(5, 6)","2,3",0.160625
scene_14555,8,"(4, 5)","2,3",0.094915
scene_13468,7,"(1, 2)","2,3",0.068661
scene_12337,8,"(3, 4)","2,3",0.183532
scene_13730,8,"(2, 3)","2,3",0.112973
scene_12173,6,"(2, 3)","2,3",0.210631
scene_13200,6,"(1, 2)","1,2",0.063464
scene_10017,7,"(1, 2)","2,3",0.137284
scene_13106,8,"(5, 6)","1,2",0.238465
scene_11349,7,"(0, 1)","2,3",0.063229
scene_10481,8,"(5, 6)","5,6",0.068423
scene_13288,7,"(4, 5)","2,3",0.077951
scene_11752,7,"(3, 4)","2,3",0.165886
scene_13946,7,"(4, 5)","1,2",0.142185
scene_13981,8,"(0, 1)","3,4",0.114567
scene_13332,6,"(1, 2)","2,3",0.064269
scene_11363,8,"(4, 5)","2,3",0.097416
scene_11937,8,"(2, 3)","1,2",0.165420
scene_10765,7,"(4, 5)","1,2",0.230297
scene_10120,8,"(1, 2)","2,3",0.047419
scene_14431,7,"(5, 6)","1,2",0.186951
scene_10415,8,"(4, 5)","1,2",0.249683
scene_10803,8,"(0, 1)","2,3",0.170838
scene_14511,8,"(3, 4)","2,3",0.054589
scene_13633,7,"(1, 2)","2,3",0.100742
scene_10618,7,"(2, 3)","2,3",0.135323
scene_12047,7,"(5, 6)","2,3",0.163467
scene_13792,8,"(0, 1)","1,2",0.105577
scene_14799,8,"(1, 2)","3,4",0.164727
scene_11504,7,"(2, 3)","3,4",0.140404
scene_14989,7,"(2, 3)","1,6",0.062396
scene_11149,7,"(1, 2)","2,3",0.145019
scene_13678,8,"(5, 6)","2,3",0.108394
scene_14396,8,"(0, 1)","3,4",0.066457
scene_11559,8,"(6, 7)","2,3",0.113293
scene_11570,7,"(5, 6)","1,5",0.140726
scene_12037,7,"(5, 6)","1,2",0.153929
scene_10896,7,"(5, 6)","2,3",0.098606
scene_12781,8,"(5, 6)","2,3",0.170655
scene_13301,6,"(2, 3)","1,2",0.131387
scene_10497,8,"(3, 4)","1,2",0.183497
scene_10807,8,"(0, 1)","1,2",0.118951
scene_10444,8,"(2, 3)","1,2",0.147517
scene_13828,7,"(1, 2)","1,6",0.086564
scene_13370,7,"(1, 2)","2,3",0.108749
scene_13472,7,"(5, 6)","1,2",0.144810
scene_12904,7,"(0, 1)","2,3",0.047062
scene_13534,8,"(2, 3)","2,3",0.105891
scene_10795,7,"(2, 3)","1,6",0.121770
scene_10773,8,"(6, 7)","2,3",0.099626
scene_11560,8,"(0, 1)","2,3",0.106898
scene_13337,8,"(5, 6)","1,2",0.121808
scene_13877,8,"(0, 1)","2,3",0.060183
scene_11991,8,"(0, 1)","3,4",0.077047
scene_13875,8,"(3, 4)","1,2",0.153204
scene_14723,8,"(3, 4)","1,2",0.225054
scene_14680,7,"(5, 6)","2,3",0.142910
scene_11084,8,"(3, 4)","2,3",0.109589
scene_14826,8,"(1, 2)","2,3",0.153605
scene_11756,7,"(3, 4)","1,2",0.121346
scene_13979,6,"(3, 4)","2,3",0.156212
scene_12282,7,"(3, 4)","2,3",0.219060
scene_11950,7,"(2, 3)","1,2",0.088432
scene_14214,8,"(4, 5)","3,4",0.058329
scene_10581,8,"(3, 4)","1,2",0.181942
scene_12708,8,"(0, 1)","1,2",0.070419
scene_10257,7,"(3, 4)","2,3",0.116108
scene_10553,7,"(4, 5)","2,3",0.140901
scene_11876,7,"(5, 6)","1,2",0.216560
scene_10483,7,"(5, 6)","1,2",0.105501
scene_10582,8,"(1, 2)","3,4",0.167909
scene_10058,8,"(1, 2)","2,3",0.098744
scene_11805,8,"(3, 4)","3,4",0.103320
scene_11886,7,"(0, 1)","1,2",0.058764
scene_14540,8,"(6, 7)","1,2",0.210360
scene_10172,8,"(6, 7)","1,2",0.124590
scene_12771,5,"(0, 1)","1,4",0.053060
scene_10525,8,"(2, 3)","2,3",0.145622
scene_11841,7,"(0, 1)","2,3",0.037180
scene_12031,8,"(2, 3)","2,3",0.124044
scene_10992,7,"(2, 3)","1,2",0.197657
scene_13701,8,"(0, 1)","1,2",0.112591
scene_14242,8,"(0, 1)","2,3",0.114560
scene_13591,7,"(2, 3)","2,3",0.119687
scene_13061,8,"(1, 2)","1,2",0.141983
scene_13271,7,"(3, 4)","2,3",0.155348
scene_12554,8,"(1, 2)","2,3",0.225792
scene_11648,8,"(5, 6)","2,3",0.072013
scene_14420,6,"(0, 1)","2,3",0.031421
scene_11736,8,"(4, 5)","2,3",0.245846
scene_13469,8,"(0, 1)","1,7",0.139899
scene_14325,8,"(2, 3)","1,2",0.091334
scene_12172,8,"(4, 5)","4,5",0.181445
scene_11353,8,"(4, 5)","2,3",0.173878
scene_14506,7,"(3, 4)","1,2",0.092606
scene_13896,7,"(5, 6)","2,3",0.059758
scene_11052,7,"(0, 1)","2,3",0.032496
scene_11031,8,"(3, 4)","3,4",0.235678
scene_14366,8,"(5, 6)","3,4",0.044884
scene_10567,7,"(1, 2)","2,3",0.179488
scene_13984,7,"(4, 5)","2,3",0.073922
scene_10702,7,"(3, 4)","2,3",0.098496
scene_14951,7,"(1, 2)","2,3",0.064971
scene_14650,8,"(0, 1)","2,3",0.083052
scene_11974,8,"(0, 1)","1,2",0.134138
scene_10475,8,"(2, 3)","1,2",0.146199
scene_11962,8,"(1, 2)","2,3",0.190543
scene_12520,7,"(1, 2)","1,2",0.122302
scene_12975,7,"(3, 4)","2,3",0.282377
scene_10917,8,"(5, 6)","2,3",0.095842
scene_10159,8,"(4, 5)","3,4",0.130411
scene_14005,7,"(5, 6)","1,2",0.141139
scene_12656,8,"(5, 6)","2,3",0.203124
scene_10004,8,"(4, 5)","2,3",0.144262
scene_14347,7,"(2, 3)","2,3",0.206611
scene_14421,8,"(5, 6)","2,3",0.265609
scene_11324,8,"(2, 3)","1,2",0.056348
scene_13065,7,"(2, 3)","2,3",0.071417
scene_14885,7,"(1, 2)","2,3",0.069303
scene_11630,8,"(0, 1)","2,3",0.192654
scene_14861,8,"(0, 1)","3,4",0.167685
scene_12445,7,"(3, 4)","2,3",0.140263
scene_10872,8,"(4, 5)","1,2",0.189017
scene_14161,8,"(4, 5)","3,4",0.074966
scene_11464,7,"(3, 4)","2,3",0.120306
scene_14103,8,"(1, 2)","4,5",0.157558
scene_12158,8,"(0, 1)","2,3",0.053484
scene_10026,8,"(2, 3)","2,3",0.085511
scene_13719,8,"(0, 1)","1,2",0.076813
scene_11296,8,"(3, 4)","1,2",0.090586
scene_13564,8,"(0, 1)","2,8",0.152152
scene_12405,7,"(2, 3)","2,3",0.198173
scene_10914,7,"(5, 6)","2,3",0.175619
scene_12788,7,"(5, 6)","1,2",0.098856
scene_12186,8,"(4, 5)","2,3",0.078702
scene_14401,7,"(3, 4)","2,3",0.136773
scene_10939,8,"(1, 2)","1,2",0.237938
scene_10094,8,"(0, 1)","2,3",0.048393
scene_14535,8,"(0, 1)","3,4",0.104201
scene_12060,7,"(1, 2)","1,2",0.129023
scene_14337,7,"(1, 2)","2,3",0.134770
scene_13837,7,"(5, 6)","2,3",0.155561
scene_13128,8,"(2, 3)","2,3",0.073407
scene_13154,8,"(0, 1)","2,3",0.094153
scene_10521,8,"(3, 4)","2,3",0.233910
scene_13461,7,"(0, 1)","2,3",0.005003
scene_11311,8,"(2, 3)","2,3",0.144901
scene_11253,7,"(3, 4)","2,3",0.087032
scene_10899,8,"(3, 4)","3,4",0.136993
scene_10386,8,"(3, 4)","3,4",0.253438
scene_10745,8,"(5, 6)","3,4",0.123400
scene_14045,7,"(2, 3)","3,4",0.121416
scene_14177,8,"(0, 1)","3,4",0.048776
scene_11134,7,"(5, 6)","2,3",0.109017
scene_11797,8,"(4, 5)","2,3",0.182004
scene_12967,8,"(3, 4)","3,4",0.278327
scene_13274,8,"(1, 2)","2,3",0.147543
scene_14783,8,"(2, 3)","2,3",0.144330
scene_13512,7,"(3, 4)","2,3",0.146437
scene_14791,8,"(2, 3)","1,2",0.159234
scene_12153,7,"(1, 2)","2,3",0.076778
scene_14418,8,"(3, 4)","5,6",0.225114
scene_14601,8,"(0, 1)","2,3",0.125559
scene_12021,7,"(2, 3)","2,3",0.154431
scene_14994,7,"(3, 4)","2,3",0.139385
scene_12170,8,"(3, 4)","1,2",0.060290
scene_11171,7,"(2, 3)","2,3",0.244854
scene_13761,8,"(1, 2)","5,6",0.186214
scene_13244,7,"(2, 3)","1,5",0.199859
scene_14092,8,"(4, 5)","2,3",0.194795
scene_11742,7,"(0, 1)","1,3",0.046025
scene_12578,7,"(1, 2)","2,3",0.097007
scene_14649,8,"(6, 7)","1,2",0.087672
scene_11729,8,"(5, 6)","2,3",0.102652
scene_10543,6,"(0, 1)","2,3",0.000702
scene_12194,8,"(0, 1)","2,3",0.104400
scene_13289,8,"(5, 6)","1,2",0.066811
scene_12585,7,"(2, 3)","2,3",0.135086
scene_10262,8,"(6, 7)","2,3",0.151782
scene_11877,8,"(4, 5)","2,3",0.151825
scene_10459,8,"(3, 4)","1,2",0.114461
scene_12657,8,"(6, 7)","3,4",0.162127
scene_11800,7,"(4, 5)","2,3",0.042366
scene_14565,8,"(1, 2)","2,3",0.119820
scene_12212,7,"(4, 5)","2,3",0.267143
scene_13110,8,"(0, 1)","2,3",0.078887
scene_13789,8,"(6, 7)","2,3",0.137927
scene_11339,7,"(3, 4)","1,2",0.189087
scene_12006,8,"(6, 7)","2,3",0.222323
scene_14378,8,"(4, 5)","1,2",0.107817
scene_11402,8,"(3, 4)","2,3",0.113259
scene_10585,8,"(4, 5)","2,3",0.144919
scene_12188,7,"(5, 6)","2,3",0.168948
scene_11717,8,"(6, 7)","1,2",0.183249
scene_12912,7,"(3, 4)","2,3",0.170549
scene_13034,8,"(4, 5)","1,2",0.196534
scene_11333,7,"(1, 2)","4,5",0.057307
scene_12990,7,"(3, 4)","2,3",0.082450
scene_13717,8,"(2, 3)","2,3",0.105135
scene_12278,7,"(0, 1)","1,5",0.044830
scene_13115,8,"(3, 4)","1,6",0.070830
scene_10828,7,"(5, 6)","1,2",0.155933
scene_11908,7,"(0, 1)","2,3",0.045777
scene_10654,8,"(4, 5)","2,3",0.098058
scene_12371,7,"(4, 5)","1,5",0.113736
scene_11867,8,"(4, 5)","2,3",0.087081
scene_10376,6,"(4, 5)","2,3",0.040421
scene_10570,7,"(5, 6)","2,3",0.227364
scene_11576,8,"(4, 5)","2,3",0.196597
scene_14732,8,"(1, 2)","2,3",0.064718
scene_12964,7,"(0, 1)","1,2",0.068899
scene_12402,8,"(6, 7)","2,3",0.107286
scene_14525,8,"(3, 4)","2,3",0.258740
scene_10646,7,"(1, 2)","2,3",0.079546
scene_13102,8,"(1, 2)","3,4",0.075885
scene_11023,6,"(1, 2)","2,3",0.090487
scene_14395,7,"(1, 2)","2,3",0.146965
scene_13766,8,"(1, 2)","2,3",0.092542
scene_10355,6,"(0, 1)","1,2",0.014505
scene_12167,7,"(3, 4)","2,3",0.151573
scene_14948,8,"(0, 1)","2,3",0.062494
scene_12819,7,"(5, 6)","1,2",0.084736
scene_12942,8,"(3, 4)","1,6",0.127332
scene_10793,7,"(1, 2)","1,2",0.074391
scene_13114,8,"(6, 7)","1,2",0.150291
scene_10760,7,"(5, 6)","2,3",0.046039
scene_10838,8,"(1, 2)","2,3",0.105416
scene_12759,8,"(6, 7)","2,3",0.110046
scene_11764,6,"(4, 5)","1,2",0.085566
scene_11274,8,"(2, 3)","3,4",0.108020
scene_12277,8,"(2, 3)","2,3",0.241240
scene_12789,8,"(5, 6)","2,3",0.091496
scene_13465,8,"(6, 7)","1,2",0.174985
scene_11308,8,"(0, 1)","1,2",0.120082
scene_10053,7,"(0, 1)","2,3",0.001160
scene_12279,7,"(3, 4)","3,4",0.163630
scene_14830,7,"(4, 5)","2,3",0.069911
scene_13682,7,"(3, 4)","1,2",0.177862
scene_11806,7,"(4, 5)","2,3",0.078172
scene_13439,8,"(2, 3)","1,8",0.125218
scene_14467,7,"(2, 3)","2,3",0.129413
scene_11629,8,"(4, 5)","2,3",0.227149
scene_14600,8,"(3, 4)","1,2",0.125103
scene_10217,8,"(6, 7)","1,2",0.121993
scene_14934,7,"(0, 1)","2,3",0.012715
scene_14142,8,"(6, 7)","2,3",0.128630
scene_11906,8,"(5, 6)","2,3",0.233353
scene_11792,8,"(4, 5)","1,8",0.145049
scene_10768,7,"(4, 5)","2,3",0.212350
scene_10244,7,"(4, 5)","1,2",0.178826
scene_10260,7,"(3, 4)","2,3",0.098021
scene_13459,8,"(0, 1)","3,4",0.168725
scene_14840,8,"(3, 4)","3,4",0.107227
scene_10713,8,"(1, 2)","1,4",0.164651
scene_14470,8,"(1, 2)","1,2",0.247025
scene_10840,8,"(4, 5)","1,2",0.111222
scene_11144,8,"(4, 5)","4,5",0.102761
scene_11829,7,"(4, 5)","2,3",0.183889
scene_12007,7,"(0, 1)","1,2",0.036324
scene_12254,8,"(0, 1)","2,3",0.086642
scene_10204,7,"(4, 5)","1,2",0.144675
scene_10913,7,"(0, 1)","3,4",0.000583
