scenario,seq_len,ground_truth,answer
scene_14124,7,5,12076707940734877333077031550193575
scene_10696,7,5,1971981413379013282511068017442787577
scene_14922,8,3,12028082476583208755872208831616693
scene_14012,8,6,1202301285717423034547405429515350340
scene_14779,7,0,114782110583031205047811160579456
scene_13854,8,0,110132561111000011102333120110003
scene_14696,7,5,1000119769841388002140410559972216
scene_11199,8,3,122714340186919879463638815325800
scene_10716,6,1,10002933679215862540177698272722929
scene_12474,7,2,119325354899542926000065149141371
scene_11448,8,3,100032261359344130639118218494756
scene_13886,8,1,120179316169844125323929474250797750
scene_14268,7,2,12021563907744322696625665465472109
scene_10493,7,4,1123742071348567874356224713293646
scene_13918,6,0,110110111010110111101100010111011001
scene_10362,8,5,141141517181920263235941193435253
scene_12332,8,1,110210101443626021801231147003606230
scene_11032,6,2,112811961022369859075278849446034
scene_12897,8,2,02001000125310004741000125061859000809
scene_12742,7,1,1123456789101112131415161718192022
scene_13909,6,5,310717047112389234712389132302615
scene_11971,7,4,110110101011000011010011001011011010
scene_11590,8,3,1201004210122312018010100001201901473
scene_12129,8,6,1202201101610923111211151401031071122
scene_10165,8,0,12023261122323123123120231234112212
scene_12672,8,6,120214132871283917642036176374968864
scene_14293,8,3,100021554462804527073456725226505
scene_11020,7,1,310317682319104412464217567240646610
scene_13493,8,6,120264683446259247146593323423433197
scene_13462,8,2,120214734017621309273492947894608220
scene_12228,8,3,1219973699314210695911295035218302613
scene_10964,7,5,1201717529052040318621333789688746
scene_11140,7,4,12021744733026120912314987008234210
scene_14516,7,1,1595200076831107366351010749072105148
scene_12025,7,6,1306959839169241377593284869669631612
scene_14735,8,2,11012041000001004101109200140200302010102
scene_10015,8,6,12021513380256163670531429846561284
scene_11410,7,5,100022003000303031210001000110101002
scene_14626,8,4,12011201120112011201120112011201
scene_13868,8,4,120225393133773905011150616271332
scene_13307,8,7,01393719275490796411544801418845989
scene_11525,7,4,1711231403203745150001412345123120
scene_13673,7,4,1202110000000411044000000044010100000
scene_14389,7,6,12023035561905151835106331506783102
scene_12832,7,6,620097292034497059313519463449023546
scene_10770,8,2,11011231314111411541224121421127122
scene_12886,7,4,1194139314787409463663092659606657890
scene_10596,8,0,198039107742143483831414295045539856
scene_14118,8,3,1202124712384523603411258070251438
scene_13834,7,4,110212312020201010120212345462310123
scene_14713,7,0,1101101101001001000110100111110101111
scene_14373,8,1,11887165110705423411943118004927
scene_12294,8,7,1101101100011101001100110011011100100
scene_10831,7,4,12022069177827171842042148573196846
scene_12560,8,5,120167142734598774335355837722414457
scene_10594,8,1,120210456577375578694270420972231
scene_10701,7,0,110112345678910111213141516171819202
scene_14856,7,4,11875772202245834548572659491922079
scene_14556,7,4,120215013544921148483335772474924499
scene_12373,8,1,120213753396182349016043605108967
scene_14305,8,1,120210910536357100089493500057131235
scene_10155,8,5,1202321004915156650022358732757119
scene_14004,8,7,11234567891245356790123034576791012340
scene_10018,8,7,11011010101111010101010110101010111
scene_14886,8,3,120216618600132970541547966703103507186128
scene_12582,8,6,1123107130124201237112221941489521309
scene_12994,7,3,11992906327890235839143337669909
scene_13671,5,0,11011011010111010001011101111110101000
scene_11122,7,5,110112341142123412341231112341142
scene_14068,7,1,14101127132528921322115532311424313521
scene_13770,8,7,1000110313107000110004014004020080100
scene_12870,8,2,200012000090591139648732177596467
scene_14943,7,1,120214876626357132535173364193844
scene_14868,8,1,11913034342198748560839921197121210930
scene_14200,8,1,120264486812428214621412052154731546
scene_14133,7,1,1000100011010101000100010110001000111
scene_13915,7,3,733110173774121964001187898768948675
scene_14388,7,3,11021112211431210132112231111011023101
scene_13881,8,7,112345677890122345678901234567890123
scene_11689,8,7,100021705915784387121322364412345678945
scene_13872,8,4,11011011110101110101011111101101011
scene_14560,8,0,314878541478485213124220182847862
scene_11597,8,2,110110100111010100111001100101001011
scene_13643,7,6,3111102231294171231103317349467416
scene_11135,6,4,52562197503388343965744933333333206
scene_11891,8,6,1101123308829622092479722108735121201
scene_13015,7,4,12021221006162162592139294117833112944
scene_14580,7,5,12122647826856540050687421580933820
scene_11251,8,4,1101121020341130120230120032020120611
scene_11492,8,3,2115902402975710030213417981748246424
scene_14918,8,2,1202999410060359517149141257911546364
scene_10724,8,5,42553292714849141433984434329022975
scene_10238,8,0,110110111010110110111010000001011011
scene_14358,8,1,1102024614313017531809973125446082
scene_13330,8,4,120210657855559501194110248143626900
scene_12701,8,4,1202147452045433405536202348203824239
scene_13902,7,6,120210031011915314401200321103101410
scene_12339,8,4,121111276777312626338828820538027
scene_11553,8,4,1123456721101232347898765425364859102
scene_10296,8,4,110112311451445141012002111014517125
scene_10544,7,5,120215844511288100271163404523296320
scene_12943,8,0,11029930999083930090584842078108003195
scene_13555,8,0,10007700701047776935796821331410314
scene_14782,8,2,12021928302932250500356602500840311
scene_11835,7,4,120118470784045419843021999441903346
scene_12333,8,0,110123115152131311271900132130121011310
scene_12625,8,2,1000671485472795489840136951135479
scene_13647,8,5,1202107923700311499463283568253606715
scene_10251,7,1,1128480781502600171548243765118680
scene_14652,8,5,1202000510060009199600080070008100
scene_11662,8,5,1101101111111111010011001100100001101
scene_13286,8,6,21349072153656808798362885873192000
scene_11066,6,1,10004130159031346599206862109036417
scene_14552,7,6,100011011110111000110110110101010100
scene_10758,7,3,12021753793176310127514084836611347
scene_13966,5,2,11961123603007626867001627198078243
scene_12106,8,2,12851076656343121723445394717930109386
scene_11912,8,0,11013021234654679187256230559231178723
scene_11866,8,3,1101101011010100000010101101101010101
scene_14091,7,2,1321194320121002212125204021071023
scene_11679,6,0,10031794374678927734555393372189458
scene_13645,8,6,177886547119731013146582748547772676
scene_14641,8,1,12021002133150800123111028331221014
scene_13642,6,5,2000300035411229324214109357063209
scene_14928,8,5,123543345651123456732346745674567
scene_13988,6,0,1202307702151134516427456475031100803
scene_13584,8,4,110110120013203300011100211837308107
scene_12646,7,4,12013142250211105233110152217610510
scene_10673,6,5,12015117082933058221271996910136767
scene_11677,7,3,120152604626623847975218792746756444
scene_10794,6,3,112350673172125621198318897234522580
scene_10590,8,0,100012025882530122384503072402929
scene_11002,8,0,11011011111111111111111111111111
scene_10640,7,3,1000595539565692004850544231442294556
scene_14797,7,5,31231274654567901232342387901243
scene_12019,7,4,11272919495817665021341860310711070548
scene_14016,7,3,10002000777710745660191735371038076
scene_10957,7,4,12012000411049162772774035194653458
scene_14182,8,6,34567898754637342825619894279345678
scene_14170,7,3,112120112312134421431123211223314112314
scene_13204,8,4,1202302742197892245774149719359522
scene_10961,6,4,11011011111101011100110110001001100100
scene_14081,8,7,100013014152132153316513458564206
scene_10588,8,5,12021894330423225346276307120349183637
scene_11650,7,6,120260946406621331443012701917465946
scene_11856,8,0,12011201220132014201520162017201
scene_10832,8,7,21668031742103363017204874120122407019
scene_11967,7,3,12211033711078208786749805511206
scene_11476,8,7,120210210310710440811110621305411970312311
scene_14734,8,2,12022433112983257757842613057082490299
scene_13927,8,2,100011071001111111000110000001100011
scene_10839,8,3,12022569761800163647853243952790130856
scene_14884,7,1,1202144530721577687970210588228056
scene_11931,7,5,112827227531285647289706613597121929
scene_13839,7,3,120210120366712061750631102506251190189
scene_14879,7,6,1000219910009008300007000800040000500
scene_12785,8,7,110110100001110100100011001100110101
scene_14864,7,2,110110404111101010000010110101110111000
scene_11106,8,1,42021814681403309849098399616301448
scene_14207,7,1,1202101651323422430453454676789992
scene_10394,7,3,110110111011000011000111000010010110
scene_11012,8,7,1003406790210501647112847918722001570
scene_10810,8,3,120280847859965753198915636175178212
scene_12023,8,6,110110100101011101111011001110100101
scene_12513,8,6,02023234132634423642112341231212312412
scene_11138,8,5,110232003140211109191103201120310110
scene_13137,8,3,10004032456666644760422907127618949
scene_14021,8,4,20002220467112806667271444768970959
scene_11972,7,0,4780327403803280202540914299352378520
scene_12817,7,5,11011220220122001111011202211110110100
scene_10180,8,6,1202244466142179320339297903476335488
scene_12508,7,0,112360734580632033846326793915604180
scene_11026,7,2,30003360461011011084131142652336917939
scene_10854,8,5,11273014736029993123176855639931613
scene_10202,8,4,11012021111072010743107104103109401213302
scene_13177,8,4,11011011111100010001111001001001011
scene_11224,8,7,1202157081196200631523975278423544867
scene_11609,7,2,1000210056310818929202055919801500019
scene_10256,7,6,31228044841302917862080440625590036
scene_13390,8,2,1202307690423044614178693431494474915
scene_12396,6,3,11236435277468372561383639107659705
scene_11162,8,5,12021274728112314822636486348479008614
scene_10693,7,2,112311101010111111101111111101111
scene_14823,8,6,1201817694619675437577147728562951333
scene_12376,7,4,41005115423050423019091078806364
scene_11103,7,0,1128198212811281812812929122125612818
scene_12677,8,0,11021574205486715989510226019527299
scene_14213,7,4,1101102231020110211121031031012010220212
scene_11040,8,0,110110111101010100110010101011110110
scene_10163,8,7,411545705969863853659292805543019894
scene_14405,7,2,133531206808211833281411328116913
scene_14595,8,2,100039398450861842699770146348859618
scene_11996,8,4,1202307380934538581817849417202277
scene_10000,8,7,12744100354700240257819827145618955
scene_14469,8,3,12012101101111001101111100111011011
scene_11291,7,3,140310111143536400600712119865335700
scene_13985,8,0,012217543153219384171234599571465011
scene_14117,7,3,10002000100020001000200010002000
scene_11284,7,6,1202994211643691533521008672707869309
scene_10875,8,4,21584574877373540426581029105936278
scene_10559,8,1,1107241311134646210841696164342383
scene_12707,7,4,31626022321403562303627826865886682
scene_10294,8,7,110010001010110010111101010000001000
scene_12516,8,0,1101202100120900810310610911091031070311
scene_11174,7,1,3456789012349012348659012854679873
scene_13936,7,5,86509279958820400774687896400787682125
scene_12729,8,7,212214144444311020342125348173225138
scene_12340,7,5,11011010111011101010111010100011010
scene_10022,5,2,120212204303337657225335471630544120
scene_13931,8,4,112310310936354121511285958234143003935
scene_10146,8,3,12022022711275311023753146210569817
scene_12947,7,0,1123146933207742608874132833052387
scene_11018,8,3,119621893344895324980805431064816132
scene_10117,7,5,1101101101100111011001101111010100110
scene_13443,7,0,12021408904317055876116725800215698325
scene_12767,7,2,11022130713243702230552105102230445
scene_14591,6,1,1202140120834259811107462034693369
scene_14149,8,2,0289779312674132435097434919995100567
scene_14249,6,0,320224068334181121961052865918254405724
scene_13962,7,5,12021028235021393088854277340221047
scene_10717,8,7,1000367390733277555924647272520186664
scene_14558,8,7,1000210800390566985107901961090003903367
scene_14866,8,2,110110111011001010000001010100010100
scene_11874,8,4,112345628020401410864315313073979428
scene_10071,8,1,110110110011101011001111011011010011
scene_13454,8,1,12021012113071331049115129879111316
scene_10061,8,2,1000117103728903128940522314061870014
scene_12223,8,3,1000902098028224721123715349651488089
scene_13500,8,3,3135227890123454679106080868811036
scene_12375,7,3,120214493390443529494753076393591
scene_11745,7,4,11604471120001905324053151481054723
scene_10042,7,4,1202115333844227057225450435912606206
scene_14150,7,5,4274333300010002901021729769404389677
scene_14528,7,5,73233984706895996297400343942977732375
scene_12051,8,3,100043897884491043322965305575924836
scene_10331,7,0,120217703768400000332715864897822579
scene_14981,7,5,1101101010101010101010110110101010
scene_10377,7,2,1000200000000202000012000003020100003
scene_14275,7,2,120280260727532324838073251676788769
scene_13257,8,7,1101108010101110001101010100110011010
scene_14749,7,0,1202333962127819063841203236379108
scene_10915,8,2,1123100112511111111111111111101111
scene_12619,8,2,120212121112020101102211110220120220101
scene_10436,7,1,120210927362296102615876426379426
scene_10730,6,4,119112311206107121961130101201106050186
scene_13768,8,1,1202247119212661837317566879665807968
scene_14465,7,3,11011011101101110110001101101011001
scene_11145,8,1,100010001011110110100001110011000000
scene_12094,8,0,11011210110111020111110011100101111
scene_14942,8,7,12021212021020212120310230210410210301202
scene_13122,8,2,119230259013987171191202990774052058436
scene_14532,7,0,12022387589456659143620166366845011
scene_11089,8,6,12562115336112345531231241231243234215
scene_10088,8,1,21072067421021118846406024546001733
scene_14665,8,5,120230753110222219665780487964945
scene_14888,8,6,11991191191191191191191191191191191191191191
scene_10221,8,7,11011011010011000010011000100100100010
scene_11248,7,2,10003123177410003123124112910700012312
scene_11201,7,6,11232022803423801306213019112648736
scene_14789,8,7,278114973141714727169549641032717
scene_14187,8,3,112315462783147390312340794683234575
scene_11058,8,7,100010001110001001101000010110010001000
scene_10133,8,0,12021275337570202885112322154360204
scene_10032,7,4,11011011001111110011111111111111
scene_11480,7,5,11972145353744251029061493751016140
scene_10225,7,0,100071884534370870898361222306729
scene_10858,8,0,11015182431325537314055875735017244
scene_11076,8,1,1123164009367754174629784273200212199
scene_10870,8,1,12021111091023807811032589109113092116
scene_14309,6,5,110130371041094817555612109178055388
scene_11156,7,3,10001000100100010001000100010001
scene_14271,8,7,311259731022100414860433253202101
scene_11803,7,4,110110110111111011110101111001110110
scene_12675,7,1,100026158978750979841234567898012345678
scene_11905,7,6,18217697675184589783312364648739
scene_10297,7,6,101001111001010001101101010111100
scene_13978,8,4,11911022020104290579723132021911817897
scene_10631,8,4,110211111111011111011111011111110
scene_10371,8,7,1101309112332106353481072923667221442
scene_11340,8,7,13841231472121412522843235431206398
scene_10030,8,5,1000177931302882903451120842427977
scene_12769,7,2,110101111010101110111010110101010
scene_14893,8,3,10001101010010100100010110000010000
scene_12731,7,1,1102159822603290536581198234310889277
scene_13763,8,5,1123454660482734266473518665645832
scene_13675,7,5,110110101101100011101011101000111111
scene_13214,7,5,120224025211431077123494623994931992
scene_11669,7,0,1000110711112301893014912300319972000
scene_14606,8,1,120219773188674419148852078221452394
scene_14814,7,5,1197119721973197742048829899481507648
scene_13794,8,2,120210121403204120601235124052030
scene_13607,8,4,6766681622544142034511967432548221945
scene_12252,8,1,1711041672707633597233725610665543917
scene_14258,8,6,11021152101327105131053128113101357101
scene_11637,7,5,2111103112119111300071116036000817028
scene_10047,8,0,12022006110805141074624802002020090060
scene_10676,7,1,120210908895378320339237918448749
scene_13446,8,3,17724117312082130647675707530300726
scene_11783,8,6,12023010767904444435283486986722912941
scene_14082,6,5,11011218131822283529173492208732
scene_11462,8,2,112351472186512345508067680503745
scene_11616,7,0,11283515638065151777963770333590
scene_11315,7,6,1101202114221354911141321210101022023
scene_10432,8,5,11011210043241171285623124523156713
scene_13699,8,2,1000118354970459066783391371191373
scene_14468,7,1,34567891011121314151617181920212226
scene_13351,7,4,11231012310121012301230120301201303122
scene_10901,7,3,110110715491855115182075619078027219
scene_13219,7,3,11011015000010111010110010111010
scene_10723,7,3,1210220411021121731202252403214320
scene_10337,8,4,12021174360334889319252905602498306
scene_12185,8,7,1202202302105301307104601213120401110
scene_10996,8,4,100010101101110101101011001101110101
scene_11279,8,4,18848233122932804475376414950054
scene_13268,8,3,111111111011101110531110111053
scene_13043,8,0,1123456780891234678901234567890123456
scene_13861,7,2,1195771545473880240211037111344237
scene_11182,7,4,11231353620566312056885439243830837
scene_11330,8,4,1102127672944113536840104083734118155
scene_13912,7,1,112849776727021225111119782536329
scene_13452,7,4,120280939220085103623931298420138344201
scene_11275,7,6,12017845298239230481102212888724025
scene_13836,8,5,1101121101101110001001111011111010001101
scene_14066,6,0,2197948120118481012486413989819075
scene_10876,7,2,1123642125967598565392774454525345
scene_13484,8,2,110112405671145633872215577561112311
scene_10293,8,5,12021076980711284079262482303651827
scene_10056,8,2,12022336703317356476430339795510236
scene_10474,8,5,10003144123283052322049456412366158
scene_13053,7,3,1000976973127219568789893958572745
scene_10918,8,2,1202191264823284865175592704338042
scene_14815,8,1,300025506212352333398736789985414
scene_11730,7,0,110112000000000006415200250345200007
scene_13934,8,5,12021232340119620822031141012003201100399
scene_14160,7,4,120212303021511252337875402876205474164
scene_10348,7,5,120214412010102041489124434261217
scene_13481,7,0,1201212078307900372815987652483776
scene_14038,7,5,1139683078319392255613514500189205989
scene_11157,8,4,120299478610112747187310774792834298
scene_13350,8,1,11246290733357387060708082140988
scene_11447,6,0,1202181438359670244018811285850322
scene_10418,7,0,100010001000001000100010001000011010
scene_10712,8,6,1123401216101972728543421243121516
scene_12150,8,6,131983477421983624814012301401401230
scene_14803,8,6,12021476374477630147439721149430327
scene_11658,8,7,11011022131000112071000102102120102000
scene_14570,7,2,413222453084519848339909206250047
scene_10101,7,3,1202162522565000000000007962410499218
scene_11613,8,5,12002173147821471965333914992930
scene_11434,8,6,1611222563112931412392811231129314
scene_10759,8,1,12029999999061795710197193874275600
scene_14903,8,1,12026449238420528024262498263016
scene_13166,7,5,1201119119712011191197120111911971
scene_13197,8,0,25142139883162072130149071613457711
scene_12357,8,3,1202147846989999233369655234619675
scene_11071,8,3,12021840191742012600054531011042030350
scene_12893,8,5,12021342234136532534790907132447511
scene_11097,7,6,12045771944162305043298558363076468
scene_12756,7,6,112319721981308292566071907841271105988
scene_12143,8,2,655520877558628020134535757336097750
scene_12216,7,6,113416925178985574297896439490661340
scene_12710,7,5,110110111101011000111100011100101100
scene_13240,8,2,1000310612062164867350302124612547
scene_11982,8,3,1202123456780901237327389210543680
scene_11453,8,0,1000100010001000010000010001000010000
scene_10389,7,0,019039805052463113281234162440311203
scene_13393,8,7,31011982499879973521129082735105430
scene_10934,7,4,1202157863122160687611518510176075625
scene_14851,7,3,12021272801011198627213969775130117656
scene_14921,8,0,2121195031221173538373157323712273422
scene_10433,6,5,1101122065337266110952783767295167395
scene_13545,8,0,10001202130140151092753601148270310
scene_13692,7,6,12021545704931915825226945318584819
scene_10078,8,1,11251244511003657109691381850520090329
scene_13463,8,1,12010000110100022001102101102001030002
scene_14709,8,5,110110510801000101011010120110010002000
scene_14100,7,0,110211141110180890519032980704102290
scene_11244,7,4,100020284511789796765593054219815156
scene_10402,7,4,1101326536288895731358316252231685
scene_13002,8,7,10001000100010001000100010001000
scene_11188,8,1,1202155215653138163751202204691643135
scene_14099,5,3,1202110064744526836803411717406020
scene_12758,6,3,02553958365210311577552342368183830
scene_12055,8,6,12022022391812313316443725931246124
scene_14882,7,2,11910001001030120100191101101011010110110
scene_10010,8,4,120219753594280986842803357051505590
scene_13109,8,1,1123126875112532044641870752561025
scene_12828,8,6,119132277282790222730345827062674360
scene_12610,8,2,110110211410712931172010510711311116109114
scene_14932,7,4,014119375418169543020639216810240472
scene_10847,8,1,120210162111120100910100090201114141010
scene_13605,8,6,1712021103606250481238298144351136
scene_12397,8,4,11014030674831660160958823960293878
scene_12464,7,2,110110110011101011111011101101111
scene_12849,8,2,1000112232963054961980540782700937349
scene_13721,7,1,1
scene_13304,8,5,3777826123145344852345634446629578589
scene_10892,8,4,12843559491955883170804964070553441
scene_11714,8,6,120213456893195345127597068194217
scene_10364,7,1,100041471590342163108211249030507519
scene_11748,8,5,123415652341565234156523415652341565
scene_14205,7,1,120177316630124301502230232624721648400
scene_13269,8,6,22007121328210055082120631261151236433
scene_12104,7,5,10001000100100011110101010111110001
scene_13544,7,5,1352183450562314058426563293379
scene_14950,5,3,11911236460979108234417070288962108155477
scene_14030,8,5,1102198317523152965635224257043208989
scene_13784,7,2,110112290741197700789098645091042
scene_14542,7,6,1000120110001010101101011010010001
scene_10428,7,0,11011210289021122134519190871013107
scene_13964,8,0,1101101010101011001010110101100010
scene_12774,8,4,11233260310350645320662010886508725
scene_10799,8,7,10001000100100010000110011001011000
scene_10743,6,1,12012172154911110515154791561351481644
scene_10084,7,3,120217737397922326418338134106900930
scene_10096,8,7,120230744390491333331195368538676068
scene_13220,5,1,100010001010110110101011110101000010
scene_12888,7,0,120211364223245414721731382304813151
scene_12740,7,1,1128132468911283157513379434982215
scene_12792,8,4,22683050739080698631433722939394308
scene_13095,8,1,112380231145112533611252132130111113
scene_10552,8,6,110215266245018811961473184148096598
scene_13922,8,6,10001000100010001000100010001010
scene_11981,5,3,5111307780396114911120925195911018919
scene_10268,7,0,120214721845946846911930211030906
scene_12180,7,2,1128211350311778515628756214711244248
scene_11075,8,0,1202107810223657664739586218771479
scene_12380,8,2,11231131059525627785396613130637747769
scene_14241,7,6,12021211041231056116101311211871187
scene_12486,7,3,1101123761108112254202881226474012210
scene_11953,7,1,2193201525685507212138977455834055024
scene_11319,7,6,12028066385742222166774257921171182800
scene_13994,7,2,1202641290165635902039057846938016
scene_12611,8,1,112310581905463320744221667115942337
scene_11636,8,5,1101102422103010211111111010101110
scene_13098,8,1,11011282762871915332031128314712833324
scene_14461,5,1,12013650736104680797891911063807541
scene_13067,8,7,12012072110021872110201391081016119100
scene_13563,8,5,1123322105201076725963067312845440416230
scene_10052,8,2,1202142123130993175458431208831520631
scene_10473,8,7,1674715177795005518267925349294555
scene_12249,7,4,1000930914155392760531630649240109000
scene_12599,8,7,12029907521107203768042956758200842240278
scene_12193,6,0,1123123123123123123123123123123123123123123123
scene_14863,8,1,1101101011011101101010101000010011110
scene_11900,8,7,10006959914150949162002560000000000
scene_13121,7,6,12021473140340383130834110824830364
scene_10320,8,7,12021170695731153662548249898221215
scene_13851,7,0,1101322778982315230332834878051346
scene_10873,8,5,11011023111111102311111023111110
scene_12243,8,0,1101122110202211302333241102212143
scene_10097,6,2,12021315773014963562601234019529455
scene_11150,6,3,110112711017261412990699107095010
scene_13258,8,5,1000100010001000101001000100010010
scene_13620,7,0,120280431610430721111071097248263880
scene_13206,7,2,217627911239631975591788140475822
scene_14314,7,2,1000100011101101010000000000000000
scene_11408,8,5,10001202101201010201202102021010120210
scene_11399,8,2,125016004223326212863142563010164047
scene_13441,8,4,11011011110100101001010000101010100000
scene_12415,8,5,11021021101011111111101001010010011
scene_11197,7,5,512312281299871334979462853144262996
scene_11708,7,4,21711286934846662809837621473697016015
scene_13528,7,2,1382101114721057631745179721213
scene_10196,6,1,51131300150315061460142298509917
scene_13677,8,3,01234567891011121314151617181920212
scene_12624,8,1,11281072801512312348326782387127345
scene_14097,7,4,1214345673890123456789101213141516
scene_12269,8,2,110218713031400645311354210290032
scene_10490,8,7,120212283557804725743162364342346
scene_14425,8,5,21231233404310744360119149027953970
scene_12840,8,3,11011011001100011101101011011010111
scene_11623,7,2,2000110110100101101001101101011011111
scene_13707,7,6,72001510342117379563737037592239457458
scene_11682,7,1,1135379567609092201578219921759065
scene_13635,8,2,11239118043122997923814123525541210506
scene_11581,8,0,3131107311025109311988012011200212206
scene_11116,7,6,1102307197424713810310372713194743895
scene_13726,7,5,120212345678910111213141516171823232
scene_10392,7,2,112345771980019964119910994821021662938
scene_13418,8,7,123456790971314162029356058443147
scene_10086,7,1,1196778078443256473645980724178309198
scene_11335,8,5,113272140117390010007000302009032518000
scene_13596,7,3,120211580302119695219731073796211680335
scene_13543,7,4,1102244183357701122154333460133423
scene_11141,7,3,1101101110001010101011011000100010
scene_13376,7,2,12029922925003386431037278716226329137
scene_13822,7,2,11985245422518022663137278873189145
scene_10650,8,5,11231089153537392210510710155214134
scene_12902,7,1,12021020221526202225102012033120408
scene_11917,8,7,111110101101101101001101101001101101101
scene_14578,7,3,1111110101101010111011000101110111
scene_13824,8,1,1202146230603831122813918261334525
scene_13996,6,1,110110111011110111101011011111001001
scene_14766,8,6,1310835389408168035411213396204869
scene_10041,7,2,1101101011001001011000000111000000
scene_14853,7,1,110110880109119091423118053937116000
scene_13797,8,1,125633628028011076936847594443482997
scene_14312,8,3,100010001001010110010110101110010100
scene_14438,8,4,17700164783627007784443007625103923
scene_10999,7,4,11023247782753667189124987113324541
scene_10073,8,6,1202108260123456840710617914673120816
scene_12932,7,4,21061010101010101010101010101010
scene_13093,8,1,5231198434566320449388230594396052066
scene_14134,8,7,1484349569807835272552454667920
scene_11405,6,5,12027311111111010010110100101010010110
scene_12160,7,6,12021048112846931953846358728507185207
scene_11975,7,1,120264757848832919951582310191763817
scene_11831,8,5,12021470006238222773560743540401245
scene_13856,7,2,11234567809012134678930215647812835
scene_13055,8,2,1102113215443711231425311299354210
scene_11767,7,5,1202806079289246364320112294771319524
scene_12454,8,7,11849010824111477246784581162823298298
scene_12350,7,1,12021520467811961346412039273468524795
scene_12983,8,4,110120210522111101110102101111121011
scene_13086,8,7,120299316232354587235628019081763709
scene_12482,8,3,5115109024674502976367664668254479
scene_13168,8,0,11013211211231111132211222120211130112
scene_14308,7,0,11231234231234112312341123123123412312
scene_14313,8,6,15997950143937485786834210084120700470
scene_10484,7,5,20005200001033223100596334411992112635
scene_11983,8,5,120110001406103808353364270187018185
scene_10861,8,7,12017720670211739180060313528401071280
scene_10482,8,5,1101101010110110001111001010110010
scene_14757,7,6,2000101011101110111011000001110236
scene_13539,6,3,120214983939874260113059907351427
scene_12496,8,4,12029970668721245472306176587703847
scene_10266,7,0,1202161398888139888813988691692208104
scene_14627,7,3,120217621382749897986849647476812314
scene_12565,8,7,31154600311232027161122012110562545
scene_10431,7,0,12021926001373598071762691115723038
scene_14379,8,6,1202255302488785052593834628938484725
scene_13158,8,1,12021082808081912891781299138742069
scene_11028,7,4,110100011011010101101111011110010010
scene_11744,7,0,100010001111000101111011100110111010
scene_12451,7,0,11011011101011010101101110110111110
scene_10931,6,1,1002189987890731423705056613721076
scene_12203,8,6,1201810544444211871108405444827358
scene_12115,8,7,12026486277967865706107434500451780
scene_12314,7,4,11496878138784662654783562047438655
scene_11533,6,2,119112350000000000000216547778105905
scene_12920,7,1,120210931176286926162254216231733
scene_14166,8,0,1101101100110001101101100110001101
scene_11651,7,3,10003520704422526314598992852562625568
scene_11358,7,4,110112111111221121119111120101011
scene_13821,8,4,11254678222736961231488159764723455
scene_13679,8,3,11287835697817983592890606034974369
scene_12948,8,1,1000973557006935494410001633710041108
scene_11663,7,1,1111111111111111112110011001111
scene_13265,8,4,12021371129057624823481853493817872125
scene_12377,8,2,11231115731231511137124511233143415
scene_12073,8,3,10001000100010001000100010001000
scene_11709,8,7,1202124520826768842291021357528362311
scene_10036,7,4,112121123545654312551262134734545
scene_11080,8,7,1202111628461071473463890514823629197248
scene_14153,7,4,2000721870639021198732130852182615868
scene_13432,8,1,120219294124105745206221569621218052
scene_12863,7,5,120112011020112011020112011202011201
scene_11292,4,3,3100913967369931587841383819088444487
scene_12976,7,6,11231243515678334567829185036187619
scene_12639,8,2,120210739635793970848037197315032347
scene_10143,7,5,10004100820423612784031727682233586
scene_12881,6,3,1123162553056225300758660154349769835
scene_13869,7,6,120215811994579296667255658717307184
scene_14809,7,3,1121112011123311130112431144114631128
scene_14862,8,1,1102165863029078991514422187987910230
scene_12075,8,4,12011801129032017813042001314019023128
scene_11699,7,2,21372356277360829022530948196392753
scene_10897,8,4,12029977220078112345103820121216100856114
scene_14587,6,2,2114823722134940763488132935721829
scene_13085,7,5,14215454462176446521265456734823934
scene_11755,8,2,11011011110111011111101010101111010
scene_12773,7,1,112313798071127648982391929272162979
scene_10283,6,4,1123124124124124124124124124124124124124124124
scene_12754,7,0,11251066305280100312854318874985727
scene_10065,8,3,119513072331428112345459770891734807
scene_11059,8,7,10002808111982240248561986233784710618
scene_12744,8,4,120121283912436468323910272805523
scene_10305,8,6,6777028820149492132001310340333459
scene_12488,7,0,1201211612010100110111106109011110011
scene_14977,8,2,110112390939075791230141406109620
scene_11354,6,3,410727274224413398330981789707478
scene_13222,8,5,120110001101101010110011000110010
scene_10007,8,5,120215542141777430003383595221712303
scene_10104,8,5,120225047214721053941065714106256536
scene_11406,7,1,110021553742100763084990345161300
scene_10534,8,4,11987298672064975345673634704547
scene_14829,8,2,1202190211397009471637096525261135
scene_13798,8,4,4167117575126912144408539262692324
scene_13270,8,6,120210479182830055047543449469726344458
scene_11851,8,2,120225690211595334092102983224687459107
scene_13540,8,7,120225021210720210710472100631201812100704
scene_13709,8,7,12021479884830990051317359491720158
scene_12251,7,3,12021391209314731788506302063254320
scene_12887,8,3,10003130400482750143193505525734149106
scene_12183,7,0,11021647803278466577652388766585040
scene_12393,8,7,120224429164618902887960091987674223
scene_13878,8,2,31021573133935678756503416031749950
scene_12575,7,5,120210103520103211220222330123010
scene_10008,6,0,120214804627791363836356536118499
scene_14114,8,3,1101122233344556789101112233334455
scene_14080,8,6,120219397311383621008643077115019632
scene_13209,8,4,1202129319300310197031051095515451167
scene_11768,6,1,110112234567789101112131415161718
scene_12036,8,6,119132164315076959596724919060301435
scene_14959,7,4,12021222222222222202220221120221122
scene_12234,6,1,112520221126420690811015247337646277083
scene_11239,7,4,12014294787110731694811174092310932
scene_10825,8,0,12021472251283893152087490503935499
scene_10894,8,2,1202196062003902439307051190031000
scene_12940,8,2,1202150574644116731971252589423953334
scene_14897,8,5,12015495354906297128261098838509263689
scene_12972,7,3,2101190230484298051628241423809059
scene_14168,8,5,1201310012014202124921110009182203311
scene_14424,8,7,1202108653817478465624743809146078045
scene_10916,8,6,1000216018320234637245607913482409
scene_11370,7,0,1202144304950301741149483471643378955
scene_11855,6,1,22557973312021312870230734470440710487000
scene_10092,7,2,1101122331323444455678910253035414
scene_13079,8,6,12021058807900819200020000019764476568
scene_10167,7,3,12021994467800713031211270404001135985
scene_10709,8,2,11251852562133506672937854755238805529
scene_10923,7,4,218980150142979746109116318122399567
scene_14836,7,4,12022073136769278076501222592766897
scene_11954,8,2,11011212131415161718192021222354
scene_14564,7,4,1123123123123123123123123123123123123123123123
scene_10969,8,7,0201130100011211001101110110110000011
scene_12664,7,4,11012020243102061412402513843015346
scene_14132,8,4,12112821031234590154679884763941964
scene_10814,8,3,110110110011101101101011000100000011
scene_11705,8,7,1202802150211287312077903211012240125
scene_11169,8,1,1102190733531983033194024172563068
scene_12097,8,6,11233013455312045514477033321021117
scene_11132,8,2,12021018176736069651007267628626761192
scene_11167,7,2,1202209783172034179406669112319739033263
scene_12728,8,7,127384333134513623797259376477892939
scene_13786,7,5,11954863127317730569847725495058748864
scene_13553,7,1,11284935731115288351134311568301750
scene_11450,6,0,12028069768929541873147746065875046
scene_11515,8,3,110132445051151247649334340322443435
scene_10837,8,1,12011185907264492933921397783947
scene_10051,8,7,11011076122150261191921910110762151128110
scene_11514,8,0,12021074393277896839361761567329816
scene_12293,8,7,1101101110111011001110110111011011
scene_14239,8,5,120141502667133103108421514560051192
scene_11776,8,3,112313631813731270410230247966550138
scene_14705,8,2,121343517572965667241249813001760
scene_14297,8,0,110110101001111010011111011010101110
scene_12107,8,4,120220211902301222029011181208303406
scene_14651,8,0,12021463102610885332145351927215433
scene_10583,8,5,125611221983647546121455333123361933
scene_11369,7,5,110200088444944078119717235495081673544
scene_13255,7,6,2202107001308048738484262387692079268
scene_12308,7,2,300010001010001010100010102000100101100
scene_10519,8,2,129801491808701983859853927501938
scene_11985,7,5,110100072300001010021009112101101100
scene_13062,8,5,1202153890263901921101970928102527
scene_10162,8,3,12021184409680908069730135483331129
scene_12658,8,6,112841148014984880407897221654419
scene_11779,7,0,10003401127541932550564578470575518716
scene_11233,8,2,10002000100120120003102101120202100
scene_12814,8,3,1000509050101921132271315131717222
scene_12369,7,3,34561095711272781434522735673457691128
scene_13223,7,6,2611377090243025132832578929354225
scene_13346,4,0,12019994483430289189208519630360336488
scene_13119,8,1,1101101111110110001111001000110101110
scene_12276,7,1,1000312100032071001010090206101000010
scene_11808,8,3,12022020209039274120192012013201200
scene_14009,8,2,119921086698358394091454643947149130
scene_10620,7,5,12026012112853481102261203812811033080884
scene_14404,6,0,11011010101011000011011110110110111101
scene_11977,8,3,110112343223442344455543646366768
scene_14474,8,5,11253923925678550612424797696191663247
scene_10454,8,3,120212144345676303582132174312087133
scene_11273,8,7,1128532110214134110123185911210914120
scene_13018,7,3,1125662162127502115881571425511952730240
scene_11643,8,0,100022354786232345785643234578413245
scene_11148,7,5,1191192158313151919191801811192215
scene_13865,8,0,110212253431840221121929839285734168
scene_12583,7,6,100010001111010101000010100010001010
scene_14022,6,3,171200319943541850558247621871172657
scene_14078,6,0,110110107102210922101061022101061709
scene_13281,7,2,110110143130101133121051102314150
scene_12821,8,2,1000100010001001100011100010001000110
scene_11781,8,6,120210836223344119529256025453125939
scene_12032,8,1,1201747714557247108080104685312928822
scene_13292,8,5,1202116211548980196315191274343609000
scene_12963,6,4,12021390165377517574785132128258848
scene_13263,7,6,120417623210735918791203704633981812
scene_11215,7,5,12021277761854757394394887062779313466
scene_12191,8,7,212311721184301971086184290310719041
scene_13262,7,2,01563029209278360835451404035591625
scene_14965,8,0,1456116313119370074828935352982534134
scene_13218,8,3,311312239171237313914112314313714324433
scene_13897,7,4,1202121021302130108210320021020110
scene_14026,8,0,120260938089433791787631347370624
scene_14835,8,7,11013212141513321342121554771924625
scene_10731,7,4,020042062633674120603691977892884468
scene_12807,7,1,12012369253669262429662313087910740
scene_14483,7,2,100021721010101010001101110101020211
scene_12875,8,3,571643640641086104392220919004021989
scene_11666,8,4,119830412027073617812749151305824812
scene_14963,8,6,1202995562973905945303598984796086
scene_12470,8,0,12051310810705841106620439182542857
scene_12372,8,6,110210145516141154114819147051145
scene_10393,6,1,11011011110011110001001001101101110
scene_11382,8,2,11022481304119892643732431435077714
scene_13387,6,1,1123456789123456789123456790123456792034
scene_12606,8,7,120220722022102031072011712221020212
scene_10774,8,6,1101328110110110110210110210101011021010
scene_12937,6,4,12015128938079050129200306910735391193
scene_11771,5,3,120210378020241738663594681040196
scene_13844,7,1,310410521306210948438562553543612059655
scene_10108,8,3,12026473647897310938370231026822650623
scene_13810,7,3,11232331255084612139672378478521568623
scene_13033,7,6,120212431331484344815624384491313427
scene_10603,8,3,200010102030405060708090100110120130
scene_11526,7,6,100010001000111000101111110010010110
scene_10742,8,4,120214210921203837202112317352102662
scene_11124,7,1,1128483100200061031037061106228096911
scene_13019,7,1,10001000100100010001000100010001
scene_12233,6,2,120213665040392603958552265196120969
scene_11847,7,4,1202803414891564227535275287784778
scene_10776,7,2,2000850026639061410522123263661358837
scene_10602,5,4,142202152233917059847841287389411037
scene_14202,8,7,100042125216594408479181540318248369
scene_14410,7,1,12011353880435082547458863320610546
scene_12770,7,3,1123504872764722435221841321259710
scene_10470,7,5,100046377307950788456211121032805157
scene_12027,6,2,112332036674311753842445610055019034469
scene_12256,7,2,11452394180211007140033311221012946
scene_14430,8,5,14626706673640664779364716356038
scene_12008,8,3,100011010010100011110111000100000001111
scene_13619,7,2,112311112521231112521231112521231112
scene_11551,7,3,120220801101103010012002010111210201
scene_13889,7,1,1101101100111010010100100110001111010
scene_10834,8,2,10003122143223334213541541256787998
scene_14770,7,6,12021362021023719012320332300120120280
scene_11513,8,0,12023043113780203128513220280879026
scene_10264,7,6,1000100011001011001010010101011100
scene_13340,8,1,1202208739240807817125904232503764
scene_13007,8,0,12021343392373187444198043754117231442
scene_10643,8,0,110112110000112021110100100100010202
scene_10206,8,0,14011074378230108191900171997229103
scene_10446,8,0,1202203424376520242868211713313604409
scene_10700,7,0,11991198521994492160995107764978848
scene_14701,8,1,110110111111110110101110100111001101
scene_14398,7,1,1000761969493135444316495212344922
scene_10043,8,5,13539171934318002001636590022005759
scene_11535,8,5,1101111220021001000121021002310210101
scene_10197,8,7,12021657721662731900331429345461987219
scene_12401,7,5,1202107212107120310550840518397517110
scene_12322,8,1,2137382107283829175047135230296612
scene_11813,7,0,110110111011111000000001101011011101
scene_14572,8,6,110112112233311135414354434413532666
scene_13242,7,0,11283964250910062394284121730378668128
scene_10150,7,5,120212306049656744715260890641288341
scene_11336,8,7,100010001900011111111010110100000000
scene_13427,8,5,1000404012202222059028200480001320418
scene_11653,7,1,11253345164320231799564768622534535
scene_11857,7,2,1101101101011010101101010101101010101
scene_12922,8,0,12023075713221124128412822642213242
scene_10515,8,0,10222001202307016913274380270074
scene_10035,8,2,1299411904543721109081112214513090
scene_14553,8,2,11010010110000100101111001000111101101
scene_12903,7,4,10002989342107349032042009036849942849
scene_10080,8,2,1000211026322000202033043040648060042
scene_14053,8,1,125623274775885839441510731044859
scene_14634,8,1,211544147797440020892986256123531
scene_12730,7,0,12026030485970759043961302502654733
scene_11401,8,7,12023061102125575542527272726006608
scene_12659,8,5,1202203371928590762526259404246731408
scene_12936,8,2,110110221110112087233125112312312113
scene_13486,8,1,110112561426731382112712411092701534
scene_10429,8,4,112310411211141221121111141114122
scene_12735,8,2,11287844568911221265447113245431333
scene_11618,5,2,11231402472859533667663726490011970966
scene_14547,8,1,1202109080206846056789273937461880
scene_13141,6,2,120131721341054233160296166642764033470
scene_10232,7,0,11011010011010001101001100111010010100
scene_10978,8,2,1125447643282126830712071642760872114
scene_10775,7,4,11231596235316697253139422894130392
scene_12581,6,0,1201623737447147036338864228837513
scene_12348,7,4,110112353578147080614141245497089
scene_10352,8,4,345678907879321303135501596901267
scene_10685,8,1,1202145402200000371161729781586311766747
scene_13474,8,6,11011211110111000101111211101011112101
scene_10827,7,2,110230434523161102873410483372200357
scene_10684,8,7,120210100000000000000071010000010001
scene_10855,8,2,1101107320101010110111100110010100
scene_12752,8,6,3100000000000000000100000000000000
scene_14603,7,6,100010001100011010000111010111011011
scene_14902,7,2,151239781180507358720665597745415922
scene_13046,8,7,10002105210002105210002105210002105
scene_12776,8,1,440340139782157912350911244444975117329
scene_13215,8,0,110130313250460511712073769924837677
scene_10800,8,5,1202133612202102589132022451161290123
scene_14280,7,3,120210361284391223018405184480231014
scene_12590,8,2,120260639929778040393268236684548
scene_12837,8,3,15004091085020403804965437656265817350
scene_14505,6,1,11011210332011012121012032012034101
scene_10457,8,5,12021569345821348459351934585676720
scene_13256,8,6,1123107780290206203056419841017039610267
scene_12245,8,5,7288274774317535458635676302986585609
scene_12118,7,4,213412547063116282770594258840130232
scene_10380,8,3,1202101101202101101202101101202101101202101101
scene_10189,8,6,1202123436355677891011151972428299414
scene_14919,8,2,11013240521030921031473266320281403
scene_14093,8,3,1123456778901234601237389246801239
scene_10658,6,3,110110100100010100111010111010010101
scene_12329,8,0,120215647060621051601331407469441711
scene_12550,8,3,110110221111000010011110011000000
scene_13941,5,4,10001201220122012201220122012201
scene_11278,7,6,120112041428809744688741309118994048
scene_13426,8,0,110216033722198773474350292979071276565
scene_10408,8,3,112312353580641235217654411231231235
scene_14060,8,7,120215671528440932146967521891330164
scene_11942,7,3,10001000101011000101011001010111000
scene_14982,6,2,110110206221134206270939920210340319105
scene_12529,8,7,1202806814636033157189972223274771320
scene_13035,7,3,5123199112312211200012021002155123000
scene_13617,8,2,1202993936472247318374042562250166117
scene_11070,8,5,10009120402521307314997555417564155
scene_14174,8,7,12026448779032612069861488887597
scene_11454,7,5,1202993894875140787531107024551012
scene_13497,8,5,116452981818635309225150789421434829
scene_11796,8,0,120218473212016747201689200410201300201007
scene_14998,8,5,12021357893149081582645484599671468
scene_14443,8,2,100010001010100001111101011001111
scene_11809,7,4,12022067893016461870172573633384730
scene_10641,7,4,1202804493250598727543538272968558
scene_12974,6,3,137422779412002997323139191721753932
scene_10887,8,2,110110126376695933989372799891876935
scene_11207,8,0,1202142204231101102230511520201420911302
scene_14342,8,7,12026414001173170037059776982506430
scene_14541,8,6,120210021002200410210030021022002200
scene_14178,7,2,110110101110011011101011100111011010
scene_11933,8,5,1202202021102021200110112021012011201
scene_12491,7,0,120135867830383372430846868001352
scene_11230,8,5,1234478771921353106764937301635467
scene_11659,8,6,12311200042691477508392523791274303
scene_10586,6,2,1201299943189721091344721547091621648
scene_10403,8,1,1125197421609802947136436241754837
scene_11836,7,2,120264444478268755454620643021979964
scene_10098,8,4,11913233623330881180114791927132488378
scene_10956,7,2,10004806200000000010004806200048062000
scene_11654,8,6,1202208455176365830650141223897442360
scene_10288,7,1,1123153911288060826841109601507349034
scene_10677,7,2,1123502953353100207701133442941111224
scene_11564,7,2,3114337230922000023035828927802577297
scene_11303,8,0,10001128567905330156071129907837
scene_11987,8,0,10001000463531000212311847679005690
scene_11384,8,3,10001123456789012345678909000123456789000
scene_13953,7,4,1123154344506456667484640142538479375
scene_13971,8,7,4000344224101307135652741982663698038588
scene_10420,8,7,1202997837255206739314500095552150225
scene_11814,7,4,20005981304740078679078917743907147400
scene_12548,8,4,100010001111010100001011010010001000
scene_12265,8,3,11011210341752763101280871075998128
scene_11548,7,1,120128114319545590622428611945335399
scene_11430,8,7,1101101110011001100110110101101010100
scene_14588,7,6,110212349568761282387413268213268
scene_11428,7,4,210214407802601448621779031282235994172
scene_10622,7,4,12021096098513099119097656106976532855
scene_12119,8,3,112866796635488759083659634876716637
scene_13631,8,7,201810022017201820212006202320082004
scene_11368,8,1,1202644010453349209120160201633969
scene_13434,8,3,1202173107100028110071512068277978101
scene_12013,8,6,11692790729374885879402970229979183
scene_10495,8,5,7128242100888478537844869696457558100
scene_11079,8,4,12021585235316408070313411491190545
scene_10609,7,1,1101101110110110110100101011010101011
scene_10346,8,0,100069611253525533706938329314312000
scene_10095,8,2,1202801848921418156670063685277450
scene_14485,7,1,12021243013012131211111501121210120
scene_13413,7,6,120210310918720398047358546953426034
scene_13725,8,2,12501023411020221330302212434120134
scene_12645,8,7,1123456701201123456700123456701201123
scene_13816,7,3,310021741245363154495168587002944199
scene_14557,8,7,1201433712893908916962222216589790
scene_13044,8,7,1123178169035112517794403697769835522364
scene_14958,7,6,11011212420117221132222233243334112542
scene_13320,7,1,311073288322146399521120767361820337
scene_11030,7,6,317080107813113988145432292707198
scene_11062,8,4,1202801980211215645088536989466166
scene_10020,8,2,20002982779621896640079643059343729
scene_13723,8,1,12021485411282427304869952701552985968
scene_12475,8,0,12021090130954040470007868673912907
scene_11109,8,7,319112531131111743111111743111111743
scene_14599,8,6,12028075496638677093325318424417212
scene_11890,7,1,12026701204210742803387133528838389
scene_12315,7,0,120224577269142821242722387345644365234
scene_14771,8,4,120215684942971106241208221573366184
scene_13030,8,2,120225239130413012017681863539562028
scene_14940,7,5,120277954123208228112384231462960942
scene_10777,8,1,1202170073203182277622551673639212544
scene_10667,8,0,1202188132487523038019210804267780926
scene_11656,7,0,10002953581453181190027494912400076457
scene_13714,8,0,0202105611111027091110710290810550
scene_11196,8,2,21511914468887757344403201491625832750
scene_11395,7,1,1202201119631976815943365007320379
scene_11649,7,5,1123101010100101111011100010111011010
scene_14291,7,0,10007306788048721021760015236172925
scene_10385,5,2,12344455678901223456790123456789123
scene_10560,8,2,110120657215643233116148505237170314
scene_11042,8,1,110112161479842211231987710463540549439
scene_13686,8,7,120299762119942596036678819484642200
scene_10903,8,6,11962063436452802351796269664957446246
scene_10505,7,0,211112385744407169921828932727261479
scene_11601,8,5,51111078748536241200679582515981623
scene_12555,7,2,11011011000000111101100011011000011
scene_10170,6,1,1000278553413087811988032587749727427
scene_14850,7,4,11961199439466729369572784338120547190
scene_10751,7,1,824799982562641443188716237491922
scene_11198,8,6,14044072155173435919860811173480539518
scene_13580,8,7,12017404358007843350061108273276316384
scene_10049,7,1,1191199312417507317456211316571427
scene_11612,8,0,11011231321525345436546567789012345
scene_11294,7,2,11196495153371639270939332188714849
scene_10110,8,6,1125129310405826631102409578748235369
scene_11092,8,7,12021991640144912113418034563834877
scene_14916,8,0,112829200011282920001129684021282920002128
scene_10358,7,0,1201120112120320110121111201112101102
scene_10069,7,0,133333200315094422001202113083314902
scene_11595,7,6,110110101011011010101010101001101100
scene_12597,8,6,2116787878784886777720418001800915
scene_14811,8,1,11011229031231204811747430081431366
scene_12214,7,0,1000101101111100100011111110100010000
scene_13704,7,4,120113030007115842359577944511131112
scene_11871,8,2,1101201001101111101011110101110010101
scene_13129,8,6,1123207280573112320623640371303235966
scene_13737,8,4,11011010111110101011111101110100111
scene_14286,8,3,110110111111111010000101010000100110
scene_11078,6,0,1202197556022041240051463892112447405
scene_14801,8,1,100067120495550213311303298869912370269
scene_13347,7,2,1213421123112314311213313434424626945
scene_12382,8,0,1234567891011121314151617181920212
scene_13556,7,5,1101101111001100101111010111111011
scene_13630,8,7,120260124740393130342002202140720
scene_11050,7,4,12012273160871578618330016553231315
scene_11350,8,5,1202160130162408031985521981301320006535
scene_13369,8,0,112838038010003100112800302000113379
scene_14185,8,1,110120441000911684357723447476566451647
scene_10243,8,7,1202993749752246112666663508353614
scene_14642,7,3,1202301202301202301202301202301202301202301202
scene_11260,8,2,1202149587162108187310237315753939
scene_11605,7,1,1101101001100101001110010001100110101
scene_10144,8,0,100014402789143302280378926857631069
scene_11152,8,7,20202020202020202020202020202020
scene_13282,7,1,192516536930103639894560612281112587
scene_13688,7,1,12028044284517841710937093198667678
scene_12246,7,3,4202154057837731900113036046990857
scene_13921,7,6,112332743838728738547557630809473834
scene_12808,6,4,12134104416461448567892697127348134
scene_12871,7,1,130593022507973128102032291696046432
scene_10944,7,3,12021418636143602218061330114916495
scene_11500,7,2,141123404028440898401948768509844763
scene_12015,8,5,11021311111101101010110100100011001101
scene_12691,5,4,1123503273169084477353552122075480
scene_12843,8,3,11023021125412991382302701157102247
scene_13503,8,7,1202122947757412854551812888251258
scene_12465,7,5,110120122013201220121401220122013
scene_14229,6,0,11011264111427206299820027920293989
scene_12261,7,0,11011239021060111010202090201012010
scene_14754,7,2,0118770073458647785527069488677107144
scene_11598,8,4,1771101806752754289348576375226920329
scene_13247,7,4,1000100011110010010110101011111101111
scene_13003,7,3,11231222312312231231222312312231231223
scene_12523,8,4,120210413030410003100200201002109100406
scene_11701,8,3,3134233530237733133131333333333333
scene_12070,7,5,1123286388473919411011163723923119910
scene_10706,7,3,12029979802317203865922012248482174
scene_14175,8,1,12021968090361400958043140274028367
scene_12901,8,2,1202324334312034035112923411462138201127
scene_14428,8,4,12023894426789824563310793719317106
scene_11090,7,6,110215796056290154214636677382695727
scene_14374,8,7,20003640168201575414006492304763069516
scene_13123,8,1,10002000300040005000600070008000
scene_14006,8,2,4234408010008343312069608364744132712923
scene_10228,7,1,190828413050020288151031701800908468
scene_10365,8,7,1101101100110100110111011111101011001
scene_10806,6,3,120230806294608637256509140062546571219
scene_12907,8,7,120280478441748153516503816969722632
scene_13638,7,2,12019999999999999999999999999998
scene_10911,8,1,11011040448382988141322389617521063
scene_13982,7,6,1202208654314571962112295078383134248
scene_12882,8,3,10001110101100000000112110001110101
scene_12098,8,1,1101121315211912141617223132443456
scene_13448,7,2,0101101111111001100110101101101100001
scene_13088,8,2,1202102592102910808810948882469239
scene_12704,8,7,100067493589409835324770621948185
scene_10499,8,1,12022526279832296086244102207017508
scene_11013,8,3,110110111101101101101101101101101101101101101
scene_12422,8,6,11011010110110010001101101010101000111
scene_11777,7,4,2779855893322105286175041086615781193647
scene_11760,8,1,110130004214735329042081867709347977
scene_13937,8,7,112340902239409456823395168748823126
scene_14462,7,0,1101309052329727319185631410722739480
scene_11348,7,0,120217449415000873200079379002011090
scene_13935,7,0,1202102108265778761125200000000000000
scene_10139,8,6,12021427889958949132619039940471933
scene_12385,8,6,110112000000101687356629253310721
scene_10309,7,1,1128111773456706220144187975847523
scene_14422,7,1,24353618732011000572998063191533917
scene_11727,8,7,100010110101101101011011010110110110101101
scene_11916,8,0,111110110000000000110000000111100
scene_11129,8,4,1101126351799095072176314246546155
scene_13175,8,7,1101102000111010110101011101010010110
scene_14386,8,4,100010001010010100101001010100010001
scene_12435,8,6,12021776732079495062279497178743509
scene_11754,8,0,312380671938469659432347315504313
scene_13210,7,6,112316850276197243259144545278801454
scene_10984,8,7,10002938961473151416986229919995278
scene_13585,8,5,100014243803031367814962703642207146
scene_11861,8,2,120230367358040619438054752067842218
scene_14583,7,4,12021097844792467148826329533833978
scene_12816,8,4,1102121063304153174054790130863016845
scene_12992,7,4,12017563304444631800258381984393124
scene_12457,7,1,1101301110111101101010000110110111111
scene_11728,8,4,1202994317129834558757937271110750
scene_10940,6,1,1202177310251610438522012067233089
scene_14164,8,2,110110101010110111110110100111011101
scene_14691,7,4,12021927394225033315616255307071597554
scene_13758,8,5,12021883484412402825260172244206182699
scene_11123,8,3,12022023501406152219618265427183999
scene_11580,7,4,1000500411310042075321623715256897883
scene_13780,8,7,1101108412111101108412111101108412111
scene_12834,8,0,1202240548200192021325073231205466
scene_14253,8,7,1202991512015010012400060103001001101516
scene_14223,8,3,1101101011111011100000011100001110
scene_10413,6,2,120264472349674220759212690250448395
scene_13860,5,2,12022582146853125160551081224974825
scene_14881,8,2,120231970554297555000353456067851662129
scene_11460,8,1,1123191717671456926701149791504198
scene_10040,8,1,1202251793100498880003413669648939116
scene_13974,7,2,120280224002393956922240342211874878
scene_11853,7,1,1330033002201204353533924338163151235
scene_14340,7,5,110120901054428382799930935420065490796
scene_10184,6,1,11011234567789012345678901234567890123
scene_13022,7,3,1102192378728071201391666113724169
scene_11005,8,2,12029913157119836401738927353290988
scene_11323,8,0,1123127412734567984567781523456789
scene_14357,8,1,1103110050317320000010016509022000000
scene_11009,5,1,120124711229112345678901101234567890110
scene_14887,8,5,11239013220902402218324635374168510
scene_12165,8,2,1202000325567116701521983250313779308663
scene_13213,8,5,11913011763050860805127255453170529524
scene_14699,7,2,11231026987253312698444122277507260
scene_12108,8,1,1101101334112211181111111112111111
scene_14720,7,6,121343540567589111213435135405675
scene_11200,8,6,110110202120310740914453173321313024021
scene_13391,8,6,100099553045168499310547763374844466
scene_12689,7,6,1202135208678471971123135779641258748
scene_10727,8,2,12023121721123328107931862016202127915
scene_13820,7,6,12124413401032777736117331239866
scene_10450,7,2,11011011000001000101001010110110000
scene_10114,8,4,1202254353404200708207418164202007640380
scene_10546,8,1,11284034584041711471061312040775026
scene_13379,7,3,17891562402678366081795859693751605299
scene_11893,8,5,1202137044518921199402181727766804448
scene_14545,8,2,11011222377311111231114111320072320
scene_14196,8,0,423580459571857968070744514805834
scene_12383,8,3,100070004320200162093544023456223642200
scene_10733,8,6,11234544524330213087123602950930560875
scene_11276,8,3,1102100100010101111211111011101000100
scene_10119,7,3,1202281882023643961202377007161119023
scene_14937,8,2,11011010101111010100110110101001110
scene_11108,8,0,120176319961989201771068214543225
scene_12614,8,4,110110797011231079701107101107701123101
scene_14740,8,1,1123222223833241051001124111114152314
scene_12190,7,1,1202157738137513989798026419448739
scene_14755,7,0,12021024677112120176777701768099010012
scene_10554,8,6,11236078901243607551563601780925350
scene_11710,8,4,110110111101110100110100110111101011011
scene_14197,8,2,120114034028807523877057558236080
scene_11774,7,1,12021960571711200635305914446893937
scene_10705,7,2,1101010110011110001110110110101110
scene_11684,8,4,12021062802034022013012057114070433517
scene_14715,7,6,110110111000100011101011111110001000
scene_11686,8,5,11073320270678911198364476452498204356
scene_11107,7,4,1000417939295373164041217924624115716
scene_10039,7,4,1202106330367201579761542851786170866
scene_13131,8,7,1202302731568656312696213909512719
scene_11077,7,3,112390288297918345841917864102333807
scene_14065,8,2,510520901411677580112318674121312228
scene_13990,8,2,4747090749984369067547307324068319
scene_13639,7,0,2111322231121030211110202211210230201
scene_12419,7,5,100030004111040330003300000003023611
scene_13335,7,6,11011021101111010101111010111010111
scene_12995,7,6,11238078052705023931043307319670206
scene_13738,7,2,12021011110011000101000010101100010
scene_13343,8,6,1202202304354034045449476255505559670374
scene_14248,7,4,1202642889616883773175989551911174
scene_11022,7,6,110212005361288711980871806104433
scene_13360,8,1,11992201220182016201920142018201
scene_10504,8,2,212310025100420370724319253471426573146
scene_12152,8,4,112012022011202108101011020220220320102
scene_12450,8,6,1202113572323808365010229658117032550
scene_14870,8,7,1102106402647829478687920761465677
scene_13176,7,1,120111808439081611648987631178657316
scene_12504,6,1,100097891071102100978910711021009789
scene_12867,7,3,132389011014089280151245762011017
scene_13146,7,5,120217065000326407243141334357233037
scene_12044,8,5,12028052149399420314974065024963959
scene_11376,7,2,120214098614830833543128683752347083711
scene_11788,8,1,12013526803014789011910086297428927
scene_13712,7,2,110213211311213411211211232124132
scene_12654,8,4,12022457202277897313112827547219033923208
scene_14394,8,1,100020001000300403030006000500030040
scene_13530,8,3,110110211010101111111010111011110
scene_10888,7,0,121374555682308716191207389536401834
scene_14761,7,1,110219149929723592791196779613095526
scene_14363,6,1,1123456789123456789123456789123456789123456789
scene_14584,8,0,11011011101001101010110010101101011
scene_13729,8,7,11011010111112101011111011111110
scene_10250,8,5,120299808017407579648946075519352127
scene_13736,8,6,120211356216113830021287580122319
scene_14001,8,5,1202241193135914562403692231990689266992
scene_10263,7,6,120215283654619832758315703643188714
scene_10909,8,5,10001000100001000001000010000010000100000
scene_12813,7,5,120210828011283248517892964746490112
scene_12909,7,0,11991123452460127382341122176453747
scene_10044,8,2,1202126076252333867399980758074020532
scene_11195,8,6,3101198385492317311020510412236482431
scene_11313,7,6,100019406781342030573982463307659518
scene_12537,8,2,1234567013248603234785890913245
scene_11372,8,0,1101202108120203000201103020220102010030
scene_11899,8,4,110214111400000000011000000001110
scene_13104,7,3,120121131816111092412177081349944194
scene_11191,8,7,310216991341168739952239982211195022
scene_13078,6,3,1123144112101231314250121341124012
scene_10126,8,1,11011011101011011111111011001001101
scene_11568,8,4,02621692955892751325277996876223893
scene_13743,8,1,112390156578401113283457310959480
scene_13923,8,4,1202103115435069131819611181502954132
scene_11757,8,3,19081596121986741245672345611297345
scene_13913,7,6,11072345672910781189295213287145496
scene_14643,7,3,1123113438851273123419577125374523
scene_12719,8,0,100011984007719626065301789242330424
scene_12000,7,2,12023270327710156522403523681185446
scene_11139,7,5,1101101100101011011011001100100010020
scene_14025,8,4,0306394463364083017771515910241418
scene_12601,8,2,40056800036196418902257370796845017
scene_11665,8,2,1477777777777777777777777777777989
scene_10356,7,5,1102115656743503116111283541739337468
scene_14568,7,2,1202150445061301976257160448903958119
scene_11930,8,6,10003100000000101024010201203300005
scene_14272,7,2,11961196119611961196119611961196
scene_14834,7,3,12021093804494879154839833151107799
scene_11488,8,7,1202802314711921142201274762314900765
scene_10729,8,7,1223060633114513565386948845268910
scene_13208,7,4,1101000100010101101100100011100101110
scene_12855,8,4,12029980981239080326821055452219500
scene_12825,8,2,01221100921101021232032222150805817010
scene_14711,8,6,1000100010000111210110101001100011110
scene_14955,8,2,1213435211211343521121134352112
scene_10082,7,6,1202801717591047585089624045383814359
scene_11989,7,2,119080851458123457218658732441182
scene_12999,8,0,1000415531203730811231145412120084
scene_14146,7,2,10001000100010001000100010001000
scene_12749,7,4,123432112345678912343211234567891234321
scene_12053,7,3,123445679812335496785091112355464
scene_12824,8,2,1202107830794038402525454331232038
scene_12065,7,5,10002105312055421802284701448514398
scene_12595,7,3,1202188873630163603993870638989806203
scene_10426,8,6,119112343690632835568451493458141128709
scene_11552,7,4,1202150988732013031797417883226332533
scene_14162,8,0,1102111211841278383120955123206123206
scene_13080,8,5,12021435498949244901211056915492977
scene_12525,7,0,1202101208492267612765193197044087551966
scene_12227,7,1,10001000110011111101101010010101010
scene_13711,7,2,10006555115202551353210020896600061526
scene_11772,8,6,1202257742801954076821989510657551
scene_13511,7,2,026100021404400000516011602643652150
scene_11860,8,3,12562198119911962129845136036045210
scene_11345,8,0,11010001010101010000101011001101011
scene_13697,8,2,12028086121196212585376778291281127
scene_11970,7,0,1202138171195681935294750836224786415
scene_10416,6,5,100010001101000110110101011010010101
scene_14254,8,1,12029930935683531214371016453934549
scene_10479,7,5,112267210679191265352080970897860
scene_14718,8,7,100011011010101101101100101100011000
scene_14744,7,4,119119447214196384239112615203035832
scene_10652,7,5,1202644316401215004112807496103277
scene_10669,7,5,1721658270223051987298243990125292545
scene_12877,8,6,1101101011011101101101110110111011101
scene_12858,6,5,1202108213212390345678991235506821643
scene_10535,8,2,5115234578292782647817985419634738
scene_11240,8,1,120113041115062872173022169230462
scene_12925,8,1,1202115431544247505196152874730519440
scene_13815,8,3,1202244924198919720310458144045240196
scene_13644,8,3,21031411031001226003800038390870914300
scene_12923,8,2,12021244119109486760334718727902090
scene_11163,7,2,5206802261211022561718175325934518432279
scene_12481,8,0,10001101101111011110111100110001101
scene_10808,6,0,1101121001000110001000100010101111
scene_10273,8,2,1118331925511912012310083194183631428
scene_14459,7,6,314580742080155237048704681646030848
scene_12971,8,1,11011073702135637831107506213637842199
scene_12535,8,3,112315835120948816543129262697652678
scene_11723,8,4,100010001011001110001111110111100110
scene_11540,7,0,12021090449571961674408336991128990714
scene_12459,8,0,120250867507791123972526053882293166
scene_10846,8,5,12015111121026088934557611993872716
scene_11065,8,1,1101122334123414251123456321123417112
scene_14390,8,2,11011021123431420155313010012014255
scene_13031,8,5,120211532883836584230392347105575
scene_12410,8,4,1202157220233457201839217460754514
scene_12095,8,5,120230461102246173245838071336675815845
scene_13148,8,6,1202191772127864478398752783777158506
scene_10122,7,6,112315294319137472137271481087281913
scene_11947,8,6,1202117614071720227422923926335042
scene_10860,6,0,12026416945771371579812015044956123035
scene_10488,8,2,11911923857832456219827789496217213
scene_14049,8,7,0808394160967915941407469848283470
scene_12020,7,1,110130434062150210113052311510577129
scene_10212,7,6,12021249556465791207821512098455196280
scene_10630,8,7,12012134122312160103116967722845015
scene_13165,8,0,112835267550448682190279238215492639
scene_12062,8,5,110112314504130231415021302062031303
scene_14607,7,4,185661426013000000000000015094142326
scene_14484,7,5,1101121712162903324715402546768984
scene_12567,8,7,110110111011110011011111010111011
scene_11110,6,4,112811082402861328050333077393349
scene_14765,7,0,1202189028142094480905077529322102175
scene_12156,8,7,1379116511101117292361002885309123
scene_14993,7,0,12021111111111111101111110111111110
scene_11988,6,2,11011213141516171819202526282930
scene_13527,7,2,1202801204040900133506020140602303090
scene_12874,7,3,1202807119370416050187912503900359
scene_12082,6,0,120278383122143411221331841004563449710
scene_11993,8,7,100013030291000530120130900060090007
scene_11011,7,2,399930541233426810919791988893661232940
scene_14947,8,1,120387910929694256310533833122501949
scene_10755,7,0,1101101010111011101101101011011100010
scene_13859,8,5,2000227488781836821233419674738871102
scene_13672,8,7,1174194311458066752456828547857612
scene_14376,7,0,12022035670205743899716672655488910
scene_13529,8,5,12022021212021029301301022020212312022
scene_14252,7,4,110112104881594240191815102262380545
scene_12511,7,5,210931191092639199222092382610207064
scene_11549,8,2,1102134781196304235973243037573371366538
scene_11467,7,6,1102803672141204710307769850162370
scene_13604,7,0,1202204789196708063680521102733143750
scene_11270,8,1,10005120002230007520009020230000010200023
scene_12741,8,7,120224125835145463758907034868211712
scene_14101,8,6,120224456700203196400408879452483
scene_10637,8,7,120211120620211061201102112008101102202
scene_10579,8,0,1102123664801897834231044671010727
scene_10953,8,2,21013030711911218026492581115231113
scene_11923,7,0,1
scene_10822,7,4,11081605311076022112185075437088432
scene_13489,7,3,12562255211023394421123423131414
scene_14894,7,2,1713021131231211183342207120311813025
scene_10458,7,6,12021062113079287844511912011891628
scene_10367,6,3,120111951392119863521278876110868288689
scene_12847,8,5,119280232352223678796514934224472507
scene_11029,7,1,11987919721985441198417564646321484
scene_11698,7,5,1202149497092781986159146305674803781187
scene_12483,8,2,1202147175467521263167505169341814837328
scene_12979,7,6,12134284367984120344545538091082289
scene_12580,5,3,12138183631081059000238802137647391530
scene_13796,8,0,11101121111101011010111011110221102
scene_12924,8,2,100041234556778901234567701234567890
scene_10853,7,5,100023390300420047003054700030004513
scene_13024,7,6,120200839331945038539789638791528430
scene_11571,8,3,32021017707313480207844047555960339387
scene_14456,7,6,1125411029448331000321020503083937389
scene_10859,8,3,11011010000011111111000111011110011
scene_11133,8,3,120111001000100110110100111101101100
scene_10072,8,0,1101106622231342252731443126151847
scene_13081,7,3,112311110289431331107111850514309839
scene_12931,7,4,11021641081022022121121041051001112199203
scene_14426,8,4,1111122423311334434545556677881100
scene_13588,8,7,11963123111414851208099017422931233
scene_13133,7,1,3145786094418883158382454871335173132
scene_13490,8,1,11283123161030000098752231575640209
scene_13365,8,6,12021477573451045999072081926123386
scene_11840,6,1,146386848963050142213251622543290
scene_11870,7,2,112411140310791018397991023113432
scene_12760,7,0,11013034528391379146826319271631432
scene_12364,7,3,1202103010901110915100112109115101120
scene_13817,8,1,11284123273997296315097689731041932
scene_12258,8,6,1205314231205314212053142312053141
scene_14727,7,2,1202999112312341215621452162941256
scene_12796,8,5,10001000110011111101110110001000000
scene_10523,7,6,10002100100021001000410021003000
scene_13383,8,1,11011010101000010100010100010001010011
scene_12910,6,3,119935762070527354540913638403320639
scene_11356,8,6,112812021232634771921324547148119
scene_13458,8,6,42005939398713239631895396014312438
scene_11390,7,0,110112334402140221133311113242100111
scene_10113,7,0,11282309270093606316482277054521638
scene_12541,8,5,1202149063449474384600431993324638280
scene_13648,8,1,1123124034315612584885652038941238
scene_14604,7,5,0204909422578254943203766112212666154
scene_13291,7,6,11022426411285726535704520851243900
scene_12381,8,6,1123211235133132542324544555641123206
scene_13627,7,5,110110101010101011001110101101010
scene_13077,8,0,1101000110110111001011100101011101101
scene_14218,7,0,110110111121111011011110011101101111
scene_10130,8,2,1347132431764715459799116302238919
scene_14446,7,4,112310342345676734523314521987123134
scene_10558,7,2,11111101111010101001110110111011010
scene_11420,8,7,12021174362531105301411751322230130
scene_10687,8,6,11284245668468921210874515221860
scene_13690,7,3,43211231467473084630479514500086052434
scene_11719,7,4,1202608211402212040119638100030001040
scene_12274,8,5,145688488915145068914099210264860034
scene_11577,8,4,120219842063320380623033969137848612
scene_13170,8,4,11282147461044701844186932827873196
scene_13603,8,6,120110002120180001201070001201071071201
scene_10531,8,2,120219542054914792726583904625925660
scene_11060,7,1,100010001001101101110001110000101110
scene_12215,8,4,11011011100110010110010010001010010
scene_13354,8,5,1123456793212345679321234567931234678
scene_12441,8,0,1101201201211011202201010110111111107
scene_13715,7,4,11021403203221301482207469148202757
scene_10023,7,1,11231073158047711241483174104842570
scene_14303,7,3,14687791293277687206779005639888762833
scene_13914,7,1,12011122112045101201010101101101010
scene_14987,8,3,111234567187901263190825143078345
scene_14403,7,5,12021079259416545070478335524256000
scene_13550,8,7,1202999952721206923303603728173477
scene_14489,8,1,1304150611479344000260011902003091707119
scene_13788,8,3,112312212311111231111123111112311123123
scene_14356,7,1,12021473902771429460319224276239590
scene_10929,8,4,100053021543822367863759909490633870
scene_12400,8,3,120131131411031071123570480610110449
scene_14137,7,3,100052952635293894255491788127670
scene_10176,8,2,1202202061080110110201301201209201001111
scene_13567,8,0,10001000100010001000100010001000
scene_13518,7,6,120112021200315021300733008402252184
scene_13336,7,6,12021032313028129771408162163660339
scene_12166,8,5,11021859608219482038202926341168
scene_14112,7,3,12356736892784593215124882345678923
scene_10135,8,4,10001000100010001000101001010011021
scene_12222,7,5,1000327451521101774200920577210819418
scene_14512,8,4,1202642006711356713058834585874332800
scene_11300,8,4,12021038774891973384485272018488258125
scene_12997,7,5,51521443620213563905872029858563204536
scene_10801,8,0,12021333911531107430119948938422241986
scene_10670,7,4,3123143519317815634872113105103994302069
scene_12463,8,2,11011010010001010110101000000100001000
scene_13411,8,3,31132034721414759607973138246630108
scene_14656,7,1,1000110111011110101110111111111000
scene_11048,7,3,11235441101101014521567693243848534
scene_13958,8,2,120258035569582707531231391321848235122
scene_13198,8,2,210710896447538932668183142261204494418
scene_12993,8,5,13163043011920280330824199845808403999565
scene_13006,7,6,112312312402451321243031204123242340
scene_13374,8,1,11021087013411245732101288671211249
scene_11431,8,3,10003131000100011000001000111010000
scene_11973,8,7,119851231135731475571479197756107137
scene_11099,6,0,1124651124653124651124651124651124651124651124
scene_11780,7,0,1201200010021071022008102107103201001107
scene_11494,7,6,119841234567829671579251221101030
scene_12851,8,2,1201200029385849514147862374177724
scene_12230,8,1,1123103465239421543163467152063580
scene_10851,8,6,10001000300020012020002000000109000602
scene_12798,7,6,10001298902882378982370384888439560
scene_12895,6,3,1202203421004091242201118180161739832230
scene_12288,6,4,1101208280902479777472469236303524
scene_14307,8,7,120232789031010006220162482346621769812
scene_13887,7,0,120280869095462305289118773943286157
scene_10123,8,2,110230402130156209080842090301708
scene_10081,8,5,1123456789012345067789012345067123
scene_10442,7,5,1102101100002211111757700111177000
scene_13184,7,6,120217529425352760947620538663161690700
scene_10028,8,7,3301208273332714290243167908083108316
scene_12515,7,4,10001000111110011111111000001101011
scene_14217,8,0,1620189447854807011740199181244112
scene_10034,7,1,12021576704364479434412352191459212
scene_14563,7,5,12012783513914975672199334525509906716
scene_12437,7,4,10001000111011000111100111100011101
scene_11731,6,1,1101101111011111110011111111000011
scene_13339,6,4,12022023112311448032721575379682623
scene_14191,8,4,12029971128291081180825342093283729027
scene_10862,8,3,110440101113091351812104012100131090
scene_11165,8,7,170031281128247672404431550706235933
scene_14961,7,6,11011010111110101001000100101000000
scene_11461,8,4,1101107673723975224035162594256854290
scene_10649,8,7,02892722582666313103870975551331447636
scene_12187,6,3,1212332431305552471386191513792368
scene_10024,7,0,01342099821120761030532735952061702
scene_11082,8,6,110110101011101011010010111101011010
scene_11459,7,4,1123321113838165479173816542712035400
scene_12566,7,3,100030001000300101010001010010110010
scene_11882,8,1,120213954418090093344443012588842195
scene_11024,7,5,12011201120112011201120112011201
scene_14820,8,6,100021091010200072040101000920101121030
scene_13319,8,5,112811111212025130928709150252002064130
scene_10791,5,4,15659100731331520390638844330502187398227
scene_12138,8,7,110132243703832343315187922151571
scene_10491,8,1,120112013201101001120212003110201201
scene_10111,7,2,1101101110100110101011011010000101111
scene_14322,8,4,11962409413035670786372939393666538
scene_11833,8,4,110110101110111110111010111110101
scene_14760,6,5,110112661041328243392872720516583425
scene_10387,7,4,1202325890073603479784557768304980
scene_11044,7,5,100023229031331113110115200466703330536
scene_14256,7,3,1515455655163329143127632434657712
scene_11061,8,2,101001101010001110001111011111001000101
scene_12953,7,2,11981198719871989198719891987198
scene_13905,8,3,220185394225137196211997391882934216723
scene_12219,7,2,1202901490129520279212131202903912
scene_10054,8,4,1202307617151090023672020771642090
scene_14221,8,6,1202166802041101126712020041754679128
scene_11245,8,1,1202101048178621302740418000786225
scene_12133,8,7,1101122084469352343508416216941466
scene_12284,8,1,2101103582602335395100205533123569
scene_14978,7,1,110215342655714407842958586451346633
scene_13654,8,1,112345672311102221931312217283393241
scene_14739,7,3,134849691565290302407840570459000000
scene_11321,7,0,110132736046953723741010574616624
scene_11579,7,2,4000100011110010010001011101001001
scene_10508,8,4,120214112673689237306844205497208393189
scene_11466,8,2,110112312221202322296527101225131510
scene_14974,8,7,12123141523686912345678912123456790
scene_13659,7,6,1101101231110010010001000101011100100
scene_14186,8,0,120275847100931765111165792642303944
scene_14058,8,2,1101201071071110714114712026111011127
scene_14499,7,2,12834231819343119982104254552375704
scene_14276,8,4,1201711283124109675395799137751406
scene_10286,7,2,1202326562111306218946591306687888
scene_10205,7,3,220264187332183421431959526465121029
scene_14108,8,0,300051987853503380234595456751350
scene_14155,7,6,112332447223211231162332235131423132
scene_14869,8,3,510112515073772771444548210545479687229179
scene_14167,8,2,100010001011010101101010011100010101000
scene_11604,7,0,119891358031792310439223347951700528
scene_10844,8,4,1001102101012211001230031002103010020
scene_10310,7,3,112311111101011011111010100111010100
scene_14236,7,6,10001101101110101010001000111110001
scene_12061,7,5,01153358232320171000001003800201052
scene_13430,8,1,1123321412231422292314233231231432
scene_14323,7,3,1202173151234567897800012234567234712
scene_14892,8,3,120177840043123930621602420771316
scene_11502,7,3,10001000100101011100101010010001000
scene_11608,7,4,112330743184927374282864392749210523
scene_14745,7,5,11253374385422393812800295664615578
scene_11869,8,3,1190262929644811566796862140444426
scene_13681,8,6,112332112210110307792590850111023610
scene_10140,8,1,12028066258683684179094847479220377
scene_10292,8,5,1202137987345105634205949674352046
scene_11799,8,4,1201425829213999996239261126237081132
scene_14329,8,3,2000237120380074705500352113208035
scene_10272,7,1,120219842231825248211128930494117349456
scene_10784,7,1,1123407015404032030205031622041011269
scene_14274,7,0,1198363440179651323633354355477401628
scene_13084,8,7,148712188120161112308314211489825927
scene_10753,8,0,1101301091540112816482072199628347317
scene_13071,8,5,120200012148895477906253812573989190
scene_14764,8,7,120230101102311041161133491241120410
scene_13846,7,1,1201819112878131202118026080830599512319
scene_10182,8,3,11011200040121010110034010100210740
scene_10785,7,4,1101122334344446777892893004141100825
scene_13616,6,3,1345552607137291000822006124408010
scene_10145,7,6,1114021241007091071898187593011048108
scene_10979,8,1,1101198645508584511231021127124223178827
scene_11503,7,5,110110101101011010110110101101101101101101
scene_11422,8,3,30007976196356280711283332936043285
scene_14360,7,2,112500023477787075627484815075713437646
scene_12830,8,4,1200666105360013078190809055088268377150
scene_12206,8,7,1202152563143402262152048823156408
scene_13049,7,1,04349599743973552140966754498945418
scene_10016,8,3,110213132311213413212431143134232
scene_13190,8,5,110112213234551075012131448121295
scene_10912,8,4,112828431910143373630373137943027702
scene_11393,7,4,120219611921807451160811043282356816
scene_11064,8,2,11961000145780174085215041537539417
scene_10464,8,7,11011014101101011111110111010110101
scene_11216,8,2,12018247486622552206369145995869314568
scene_11878,8,2,12022021200320221203101202102230130201
scene_12914,8,7,110110100111101101011010011101101011011
scene_13072,8,0,12021475306913313246370761813460708
scene_10438,8,2,11011234578901234863214579387092635
scene_10002,7,6,11231034284811011245645912148207633
scene_10194,7,6,11233240381053156731059437313120122583
scene_14952,8,7,120230576096665835673437993150086890
scene_13169,7,2,1123207314015499098718105133204701017
scene_11343,8,4,1232541235809957714402397718023074
scene_12409,7,3,100021002100203010003000210041006
scene_14733,7,6,12021052175211256682617931093789539256
scene_13237,7,4,3202243339330769275133973373441146407318
scene_14602,8,5,10001641768084803200971907190717
scene_12205,8,7,110110167145482536468494891511281111
scene_10812,8,6,120280422472876176212394505184675138
scene_14090,7,3,1202116721021010110118112061091102102107
scene_12122,8,6,112315236315102182315102182341234121
scene_13487,8,2,3124349980112214725591392112413314474
scene_13303,7,2,10008020710008000801208010808019000
scene_10762,7,2,10001001001000100010010001010010000000
scene_12775,8,5,110215244094113881884973732525545276138
scene_14267,8,2,112824082593392476935271574890215440473
scene_13207,8,3,10002112577227064222756230442661630
scene_11341,7,5,100072607130721430001211788169872598
scene_10191,8,2,100052643038760021305009911397119
scene_13745,8,1,1201219418711235671089029918288879
scene_14712,8,0,1101121501121218141021120102102010101
scene_14219,6,2,1125359359157350655104937263754154917
scene_14559,7,0,12021014359347593156791531011475713030
scene_10270,7,2,12348691250131212214576076333110
scene_12275,7,5,1349763165223987941471374666850682
scene_13195,8,2,120225035010393828009426442345051029
scene_13687,8,0,1128428354466140671966835894167916
scene_10001,8,7,11913027521637624401180064191410117
scene_13038,8,7,112332828929193711384433508910225678
scene_11633,7,4,12029068975222292631193107372600084434
scene_12139,8,6,10001000100101001000101010100010100110
scene_12426,6,4,1123555556217777044198416629033076
scene_12684,7,2,11011010111111111101101111111110000
scene_12116,8,4,1202107448921558307256541366407162123997
scene_13410,8,0,10003000210003000110110110011100000
scene_13477,8,5,1202242703144363329694168621289037959774
scene_14171,7,4,200031791898992777705737883432729
scene_10099,8,7,20005320552547648078644446242849
scene_11398,7,6,120215226720328022561216026349077615
scene_13397,8,6,1201100091379091191086891067450099
scene_12472,8,3,13781499212871962105236711982843352
scene_14685,6,2,200081753370021223179120547370052539445
scene_14226,8,3,1128219823313018926443925231413108
scene_12551,8,4,12021599031444108977395716446535
scene_13900,7,6,11111101101011000001101101101111011
scene_10692,8,2,110130286670713210114211381792848
scene_14802,7,5,110230750712416811949392933702055
scene_10662,7,5,12022021011022013011920210201206201102102202
scene_12014,8,3,12018110911230081836294122601145112639
scene_11676,6,1,10430210007723431133342442301430
scene_13389,8,2,1000584703100032874300074700019700096002
scene_11770,7,2,120173901302942849493997717294352137300
scene_13666,7,5,1202112421702420312147231523162931624
scene_10815,8,1,12022413526431046152504087214628715965
scene_11898,8,7,116927370593901475686076063892437
scene_12011,8,6,111231171111110111111100011011011100
scene_10734,7,2,11153702101357798334502167478889057
scene_14139,8,5,120213407110100032021620030221021203
scene_11361,7,2,12021151069621044147811291584116450
scene_11301,8,1,1101101743803035968363080117482667
scene_14385,8,2,3102111121717669779041131076177548817
scene_11497,6,3,12022528973423801078424744912335049
scene_11555,8,1,1641562709403770341113514334093890
scene_12913,8,6,120111521028112864892771559564126066
scene_10005,8,0,1101101010110101101011011011011010101101
scene_11192,8,1,12010000090377700380258236081105302296
scene_14690,7,3,112345743567870123412345673456467890
scene_11000,8,5,1000220220293705132920412311261229
scene_14361,8,1,9322647157945779919149823653435630
scene_10756,7,5,1199793820006503927990102903354117930
scene_11423,7,2,1202308714373452437531262242388595
scene_14945,7,6,120113090791823456036673913012345
scene_13108,7,0,1313010805410102532246210111234
scene_11056,7,0,15129047906220225125734500998823405
scene_12996,8,3,10001000101010101010001000100011000
scene_14497,8,5,10002366793430121210007912450221482
scene_14098,8,3,345613914230119435990030703737122178
scene_13920,8,1,112519111111110111110101011010001010
scene_12134,7,2,1202103311454112633851133963679480
scene_10769,7,5,11234576878900127123456789101112131415
scene_12105,6,3,120221604120230226120230302222023030
scene_14033,7,4,112364631102752342351675654321075950
scene_12016,7,6,120299091233792482202008221982334560
scene_13113,7,5,120230205967341052368226723303025
scene_14785,7,5,10007040721056070258104312342478310
scene_10291,8,2,212345678774446196084257211223214532
scene_13802,8,7,31431521121512313101138182021873221
scene_11945,8,7,11012011191123121112311121212131124
scene_11385,7,5,120264445312345671208910467236214879
scene_14302,7,6,1202185998299953198629308031944450069
scene_12085,8,1,112510310204130616703108566157034687
scene_10660,5,3,112316147092386502734666813363860
scene_11457,7,0,1101122220211011124101120222021100
scene_14224,7,5,27570922928294381048279545483251269
scene_10512,8,3,100011011101100001100011011011100
scene_10271,7,1,12014315756624213049460146344951711
scene_13507,8,4,1202159769236722332069300312640065
scene_10259,8,5,10001196100010112001000000000000102
scene_14115,8,1,110210801012202701866589077591277005
scene_10568,7,1,1101109233116314246735039266344662356
scene_14933,8,3,120299463062322954522341094013704335
scene_14624,7,1,12022572304523235125643734594057826
scene_14154,8,6,11023018405950946731231343721353272022
scene_13470,8,4,1101123121310211223312121021121210
scene_13082,8,3,1201200080002900306002012001200107000
scene_14105,6,1,1210711011081013011103101025011001125
scene_13557,8,1,1000487890151000523457941830941308622
scene_13386,7,2,120210387225328577791150103889450
scene_11644,7,6,120212418376369343446380481758530020756
scene_14035,7,4,0105874112319086575431559273272613
scene_12536,8,3,125033331355385410377935916457745
scene_14476,8,3,3113306454742604559527380096808869
scene_10663,7,1,120280314789028318223364024612053740048
scene_11655,7,4,11021101081901598727316167010210017018
scene_11104,7,0,1101123140681234388127111647189710932
scene_14908,7,6,11252310105975314230454901021113230915
scene_12444,7,6,1101101011010100100101101101101101101101101
scene_11091,8,3,120280784604102122674287418970937423
scene_12763,7,6,1000711651205021063778541597257854
scene_13130,7,2,11000110220220012100201102112202701
scene_13212,8,7,11231723411244795074242071982932600
scene_11952,7,0,120131341111033339120320341102101340
scene_11821,8,4,11011011000000000000100001000011111
scene_13520,6,4,1202143020502483873339192020050198620
scene_14131,8,0,11234567890123456789112234567891023456
scene_10339,8,5,123062356235511134493213452123455134
scene_12527,6,0,10001101101010001100100111101000010010
scene_14867,8,2,112313451123134554454559467478857847
scene_11250,8,5,11021424903063640211443548752626
scene_14392,8,4,120221986119021319721430720299211198309
scene_14673,8,1,04041051202718001103495794861781497
scene_12358,7,4,120210711287021590171581730141960939
scene_11205,8,1,12021659459823170654475696455320232
scene_11775,8,7,1101101110111000010111011111001100
scene_13772,7,6,1202602581329954598774764306203444
scene_13152,8,0,21072211295746527876907165130611043932
scene_11589,8,1,111313112433214213213043213112133132
scene_12178,6,2,1000312061156112282421404368872665
scene_10900,7,3,120003581204780830721735592709337
scene_13032,7,5,120215207528234110646478626385210
scene_14007,8,4,120212644462456057114715014162389100
scene_14790,7,2,1101122211203111102111202200910080110100
scene_12894,8,3,11021113031121919310519311031410423103
scene_13324,8,6,1195431067746614309145419873371035
scene_14663,6,4,121231531204132254211263645815411
scene_13826,8,6,110112143517871391972320176238419305
scene_13294,7,1,100010001100000010000011101001001010
scene_13873,8,7,1123124112271443143241335121348334
scene_14846,6,0,12021931193119320293101431133393217
scene_12674,7,6,11994132374119473125508233703642963
scene_10871,7,4,12026437438379070137621661382158464412
scene_13420,7,3,12021991202510614253125716387830076123
scene_13466,8,1,12011221027111123141029120420121122
scene_13449,8,1,112590102103120309182063042873131105501
scene_12428,7,2,120230403120343014202304031203430
scene_14858,8,5,131101078501272092620650910514331072
scene_13399,8,4,110211543118970937558850041284245670
scene_11550,7,4,1202257897900390981509333586271054
scene_12113,6,0,10001011000011111011011111000101001
scene_10752,8,5,11285915159104938144673547679585935
scene_13762,8,0,110112232223242734435363742184334737
scene_11588,7,2,12021054914345133290922319906602341458
scene_12681,8,7,31423219514038082615285901333684777
scene_14088,8,5,112310297729120593179179814858390834107
scene_14457,7,1,0201120210062040422031020110110110421201
scene_12297,7,4,120299611218492064871965547007795
scene_13827,8,0,110112221232112132111131101123211222
scene_14577,6,0,120211522312094022014943090287742953781
scene_14508,8,4,13110385130195331023133114114755511
scene_12911,8,0,540021107020200304050603021071271493
scene_12666,7,5,340396217198926939650319449230234255
scene_13718,7,6,1202181744497680606750968785618315
scene_13266,8,4,100010001001000110001000110001001000
scene_10937,8,3,1102170389024936562747466940122896138
scene_11599,8,1,17218970721897021821897022313182718273
scene_10344,7,3,4789481834525574031283359155295236565
scene_12510,8,2,120210611978109906380952685472357
scene_11102,8,0,11251234567891011121314151617181920
scene_10461,7,4,1000112847172391428357188210163466
scene_12718,4,3,2108278709721582364527515296852213084635
scene_12200,6,2,12021049333976882112835516435345913987
scene_13100,7,2,11221057850103590272025618303469163
scene_10452,7,1,12011107421071248019352645123168470
scene_14772,8,4,10001207260521583356883146181942256
scene_11920,8,5,11287363546813083287845152643165033
scene_10063,7,5,120216758819618943254812276701168112
scene_11158,7,5,1101101100110010101111001101011101
scene_14189,7,1,210310744818101408758784377160016465600
scene_13502,8,6,10003322255760026756876279811987198
scene_13992,7,4,120139801122894911972256819022213136037
scene_13120,8,2,112811903230116381076673727876335215
scene_11455,8,2,1
scene_12939,8,2,12021727067637605146322472051205210
scene_11008,8,1,1000100010010110101110010010011011010
scene_12564,8,5,1101207350953322965223759221391677
scene_12467,7,3,120215375444052953150588284252847934
scene_12321,7,5,110110101010110011011110101000110110
scene_11338,8,3,11011011100100110110110110110110110110100
scene_11036,8,2,1101101001101101011011101110001010101
scene_11151,8,3,1101126676334501111358311988078112526
scene_12144,7,1,100010001000101010100001001000011010
scene_11670,7,2,1101101010011100101111011010101010110
scene_10400,8,2,3456321428573721714321428573214285
scene_13327,7,5,1128370380829000625009756330545154108504
scene_12593,8,2,10001000100010001000100010001000
scene_10019,8,7,111110000011110010011110011101111
scene_10736,8,2,2105131329429114869501843771058638245
scene_12609,7,0,119112337635137192931327537942637
scene_13227,7,2,520062556640201490119424809128151299
scene_12262,7,1,20009874101982175000447400297783742684
scene_13480,8,3,3101202636786725095024787880041222
scene_10384,7,3,10001000100010001000100010001000
scene_10287,7,3,11011241071415191141128130478561060969
scene_12841,7,4,100089785957823529198275032256601896
scene_12944,8,0,11982198219821982198219821982198
scene_10341,8,7,12022441873303482246342333659140677
scene_11137,7,1,23457623059848342025347375888835731
scene_10354,8,6,111286031234528721811353349153540
scene_12399,7,2,140412345678901231231231234567567890123
scene_12717,8,4,11011211221111021201022123011010420
scene_14671,7,1,10001000100010001000100010001000
scene_11302,8,0,11011234567891012131415161718192021
scene_12135,8,7,200072006310645917572610952721509
scene_10381,8,1,120211209120912019194175015068528312
scene_12424,8,6,1191123121415354014211242337913222
scene_10786,7,3,1201246345463456787881081053721234500673
scene_14019,7,3,1194785848157581016952674106021184
scene_12354,7,2,1331302918697547744181756524236285
scene_14639,8,1,1201211112121203211283262021054101410
scene_14777,7,4,11021115101020771110122010111020
scene_11741,7,5,12341123452334545542621443534231424
scene_13438,8,6,1101151121000110110101010101110130
scene_10289,7,0,2112609766598564141158349942055020
scene_11421,7,2,110112235425336714743528256726315
scene_14756,7,6,10001202203003137021303160046054320100
scene_13646,8,0,100021002120311807320180314072093120
scene_10239,7,2,4196225021322101106012019971191637135
scene_14198,7,2,110215083731023807830200505199037136
scene_14210,8,1,1123452267653593390468324557189168206
scene_10241,8,3,120210151348997021996247973856704199
scene_11743,8,0,1114366600390496323780757131612013424
scene_13586,7,6,11236085756951324507633393032967020
scene_11377,8,7,120211252431203124361137923112364330104
scene_13867,8,7,120210980489234862348326715394349810
scene_12417,8,7,110110101101010101010011001110000110
scene_11259,8,3,11011061071514817981751869139135116140118
scene_14648,7,1,12021194601746109478871022462112527829
scene_11640,7,5,1123172624162036873175883275891705
scene_12694,8,2,110213431180209931892505647273251478
scene_14434,8,4,110210222363113012311121133121213
scene_14243,8,1,11011213141516171819202122242526
scene_12838,7,5,1201792666176242979582077310950842677
scene_11265,7,3,1596467394232852120110100682001310
scene_14195,8,4,1202202120342320202212033202210041
scene_11732,8,6,311130220710896245129312454213212248
scene_14828,7,6,112315221589311110511241081131141210210
scene_14991,7,2,10009101101011011010110110110110110110110
scene_13594,8,1,1125139816673368676732918501152253
scene_11203,8,6,713077359312891638422315569201919764023
scene_12195,8,3,01562734120215183167159749266426215153
scene_14463,7,0,100010111001010111000110111000101001111
scene_10796,7,5,1000694110132431691031249661322918635
scene_12950,6,4,11011010010101010011011010110101001
scene_10642,8,4,1000000000000000000000000000000
scene_11309,7,4,12012215263521702112850869124731370061
scene_11081,7,6,12021840444656244642481039102391042937
scene_12304,8,4,3000666769108938934405566151175277
scene_13101,8,0,10003100310021003100310021003100
scene_10538,7,3,1202151197412733514642799788272273529
scene_13587,7,6,200095909545062009885885888450095800
scene_13202,7,0,12021361736324717711278710341125110
scene_13866,6,4,12021067882392331448002605402602500015
scene_12801,8,3,12029902104559357455632563783960432
scene_10750,7,2,11011011000011100100110110101001110
scene_12130,7,2,120171003225152361390351458729837528
scene_14250,7,6,140680906260394983830241248909087
scene_11638,8,5,120215621473142392235914278131962649
scene_10208,8,0,12023083308220680485401327248087023385
scene_12768,8,3,110110110101101010110101010110110101101
scene_10128,7,3,3108100112311111111918841308001001102
scene_12473,8,2,10001000100001001010111010111000106000
scene_14127,7,5,1128619871543045974286666666666668
scene_13318,7,3,12071325211158403141510491072531229
scene_13495,8,4,12501236466585120459112693708705136
scene_10571,8,0,1000320320238747105107998224654999130
scene_13358,8,5,12029974779586345834210734278565012486
scene_12476,6,0,1101101110101110710011110110110710100109
scene_13017,8,2,120230109022100011202200111210322011
scene_14158,7,6,120299784545495586719072899866446
scene_10797,8,0,12022061902743118769452851331405257
scene_10880,8,1,120224878090698318910230518681548018
scene_11939,7,3,110210111201012270000100000000001000
scene_10921,8,4,2160247412821476548649811966207523
scene_10405,7,2,120121162822881415336525686231705
scene_11258,8,3,12012806109512553521099812489820472
scene_14716,8,7,11231360856176113462735079196108790924
scene_10059,8,7,1202997894499361590813869248608223991197
scene_11986,8,5,120215087132786140314604160516394117
scene_14382,7,5,112313320121074514732981961255202017
scene_14531,7,6,210826631009815914033304477986277043
scene_14188,6,4,120177757689623887111945634744107837
scene_13582,8,0,110110111110010110110010110110111010
scene_10378,8,1,112877012046771984631107891105210966
scene_14724,8,0,11011010111011013010101101011011010101
scene_10830,8,7,120212272832862311282134352031231915
scene_14717,7,0,100021977878776519273310838608903143
scene_14843,8,4,120210497914570895284875892809056595
scene_10947,8,3,1000400043303707250300200011003240244
scene_14504,8,4,317028975821165805422550835143446332
scene_11147,8,7,120299302108125685582381194140957312310
scene_10678,7,2,1000110101110001111010110101001010110
scene_12952,8,4,11095042823421303480366480466646836
scene_14055,8,1,1202153304115198215611626960050009000
scene_12093,8,2,12017722821428441002577706138272409
scene_11057,8,3,120211001430364000004220020000200260260
scene_12542,7,2,120112739027111804710743103082228238
scene_14294,8,2,220218090036906503310963532954929
scene_14264,8,0,10001000111101010100100010001001010
scene_12973,7,0,41043638388403180626849017119552670
scene_13011,8,6,120210938051488354348960485788195245
scene_11879,8,5,212315820150391245433811925253012000
scene_11328,8,3,12021985177954853753908349743918337133
scene_12869,7,6,1000110727077688979141323327828214409
scene_11740,8,2,1000123112131121301201300132010111000
scene_13455,8,1,1202147380646456907128949113483383306
scene_14338,7,5,131136427835211937312026318722422
scene_11456,8,7,12022839395214158431986451378598765
scene_13521,7,6,1123177142927842423631231214631243
scene_10091,7,1,5241042154934836145032480539655849366
scene_14233,7,6,3113179587867135335080802233311270013
scene_12307,8,7,1123106521309266913373112776280376
scene_13685,8,7,10001000100110100010011011101101000011
scene_14562,8,7,1123307835287555187815033822122201214
scene_11427,7,6,1127241815152917544234422222231214
scene_14370,6,4,12022445121122534241076464191141814
scene_12687,8,1,0123456789012103111210311121031112103
scene_12305,8,4,1234567146873718039991123641309874318
scene_10976,5,3,10001000110001110001000100010101000100
scene_11826,8,3,110110101101100011011010101101000010
scene_10990,8,2,1101123210421203601281091304010613410416
scene_12022,8,6,1196119026647935474207911232066539146
scene_13284,7,1,1000120101100101011110100001111010010
scene_13976,7,6,3456789012345678901234567890123423456
scene_13334,7,4,1101101010100111101011001011111111
scene_10703,7,4,3456789980732034231021475434567029
scene_10639,8,2,1101108197794622289318215167415819817
scene_12856,8,7,11231992100766311297246312113412278
scene_10290,8,4,1125776029212215704110724082727910490
scene_11496,7,0,1202995982177838650525820223286976736
scene_14523,7,5,1000504871501323498703456789012345678
scene_14435,8,7,112828021930013524107199131716248817
scene_10175,7,1,110112255212311491271128114901128000
scene_10852,8,0,12021075901371093764061736223314839
scene_13372,7,5,196695807130121336096034338573975833
scene_13259,7,4,110110101011101101010110110111011010
scene_14298,7,4,110212433023420155345811284352551467627
scene_10050,8,3,1202198842114610262066420824110053
scene_13278,7,2,100052221100002100022210002210000212
scene_14622,7,2,120215436011164360401867443572048
scene_13186,6,0,0112220111231120201110211121011112
scene_12865,8,4,3123179239513024342021206804924045217
scene_11206,7,1,1202111104411188222034124032431852
scene_14368,8,5,110110101111101110110011111011000
scene_14923,8,6,130510421130101200783012040126012
scene_10949,8,3,21111276109785098220117210713094861612
scene_10802,8,7,112850967674225238010601096352913
scene_10767,8,6,41435007598033539303483538383314538
scene_12331,5,2,122894334230967900412070947644774437
scene_10453,6,1,112315125920282783880302454776785245
scene_12533,8,0,1256119082056351794662952206989
scene_11409,7,5,10001000111101010001111011110011101101
scene_13239,7,0,1192201715142150073012890119692280182604
scene_14380,8,7,120134305272489962802110140840878357
scene_11063,7,4,62511943123456730157464075426653709
scene_14682,7,4,120217153144565337356772946328928345
scene_13967,8,6,11011944369512849721052019133992115669
scene_13066,7,1,120232614707050320621788598966313868
scene_13429,5,4,110132232411132322321111322321322132
scene_10201,7,4,11011044858014598345916215109103592987
scene_12420,8,0,100010001000000000000000000000001
scene_10216,8,7,110119391277405115414591367672417
scene_13608,7,0,119974771478332601231421042744986012
scene_12835,7,5,119033119030190331301010111100101030
scene_10680,8,4,12021312211301518633321469122791624
scene_12669,7,3,4000000000000000000000000000000
scene_10819,7,5,100010001000010011000100011001110001
scene_11325,7,3,43021007206924412656717107002350475950
scene_13849,8,5,1202808095661246908294220709293078
scene_12804,8,4,1201673609089285203840354887455530
scene_11154,7,0,110110143021081236224810537054120841
scene_10090,7,5,1101121123022131503100110422100022150
scene_11255,8,0,11011214211021091110711201071103310102
scene_13705,8,1,112866307380919714693128473481195430
scene_10340,7,2,1000000000001000100100100100010011101
scene_10728,8,4,100078213025843092223023403127896521
scene_13016,8,2,100011736935078803688926831584292123
scene_11347,7,3,1123351343456719119739779173466984128
scene_13749,8,1,1190908341753096403302622211442756726
scene_13302,8,2,1191123434356769758982011192125132
scene_10223,8,6,12015974119972484791281197124100072745
scene_14331,8,3,132365124100544258113792392342342442761
scene_12699,8,2,1102145403800291032163369150430408
scene_12292,8,4,21521153908510268417796191881092965
scene_11995,8,2,110110101011001000011110100100111011
scene_12241,8,7,120220110100010100001202100110011001001
scene_14706,8,3,120217307911078233575872935118272635
scene_11834,8,7,1202649019567579382735302589726217
scene_11437,8,6,1000310743505182531281170913763449244
scene_10737,8,7,128255439061800221121159669135391345
scene_11620,7,0,1101101110110000011100110110110110110
scene_10075,7,6,100010001010111010011010100101001001
scene_11114,8,5,20003284042304407000000000000000000
scene_14173,8,1,1202241590977504337000351739322768
scene_12092,7,3,112364333059244472000293022376380
scene_12935,7,5,100010001000000000000100110111010010
scene_13394,7,4,1123903422880002500902260831962199228
scene_13150,8,0,12021114342100119311110101101001130112
scene_12986,8,1,112850511733969071509029874403621829023
scene_12141,6,0,120213441202134412021344120213444674813
scene_10821,5,3,110120731768943986749118841981412320
scene_11193,8,4,11234567891011121314151617181920212
scene_12528,7,0,1201120121262172501202030110210510110210
scene_12761,6,4,3178279047399527508154729553776000878
scene_14411,6,4,11983333667863331323455015290319230
scene_12998,8,1,1101101001111101010101011110101111
scene_12316,8,6,1102120021312302331324132513252135
scene_14341,8,1,12343355421276521324351788345328535
scene_10867,7,2,210780453217957645757718373307958085
scene_11465,8,1,1101123012301223112312301231121210
scene_12926,8,4,12331032107264312313123120231240123
scene_14747,7,5,1202645843132232320676464098442049877
scene_12917,8,2,110213729970134218752770433302725
scene_10496,7,2,11011010110100001001100101010110010
scene_12584,8,6,120112607523438432623272222210003453
scene_12063,8,0,1101121091110211061011110110111010102
scene_13504,8,2,1010110101101010101101010101011010
scene_12892,8,7,11013053722674191081035751603120080
scene_11379,7,5,10023075751715263518714189033590206
scene_12540,7,1,1202160094386014989132390543867392
scene_14889,7,4,12021342243662939680982197654374198459707
scene_14857,7,3,1000112340591222578156939213093325
scene_13471,8,1,1202150167372893403428307092882303157
scene_12831,7,0,100014422003117111111111111111111
scene_14316,7,3,1000100010001010010101001010101010
scene_13478,7,0,100061004109154426834312598698627480
scene_13221,8,4,127431868454611753615274714750889
scene_11958,8,7,1202997897855341965278401835812764565
scene_12736,6,5,100030156210008140358401198540249724742
scene_12414,8,3,1105391827491857182029417068234715
scene_10430,8,7,1202102918608475541221051545853528
scene_13419,8,5,1000177211731832921205011732036077
scene_14714,8,6,1202180823358092921934909094942013630
scene_14335,8,5,1101101011010011010101101101101001101010
scene_10055,8,1,1908989016280318013399638382799256107
scene_13634,8,4,1202255220029251843313716355522008537
scene_12096,8,2,198757575223116687293144107302610789
scene_13492,7,3,112330345757338353393840498043875970634
scene_13894,7,2,1010202930405060708090100110120130
scene_14550,7,0,10004000421856000210000000004350000
scene_11213,8,1,01961372813231078279176351939108141210
scene_10410,7,0,11021311311270312933811100177860399548
scene_13149,6,5,027119861285456431912021096189268730232
scene_12299,8,6,12014521721798124178726582576002270
scene_13311,8,7,110110100101110100110110101011010100
scene_14179,7,2,12022412073101486770111245666472739
scene_14364,7,6,120215111734540991125116823449013265
scene_12334,7,3,12021063203030508135020830304410208
scene_12845,8,7,120211763684392316626043731782737736
scene_10575,8,3,0156277729153927679359694437687418
scene_13012,7,0,11011940156077801895195600820074708
scene_10668,7,3,1201310084611234511280070083408404310
scene_14778,8,7,12021911711278244783110214420522917613
scene_11602,7,1,11231231342102311211243121435141341
scene_11180,7,1,1000732713034488460876113328411119310
scene_11006,8,4,112313141114141411373411141437845
scene_11297,8,2,1201231219134143130177588238842338
scene_14326,7,0,1202107924931044338489132760288870
scene_12416,7,6,180660608748844100080315702863484949
scene_13993,7,2,1000132419611281366773245217011248
scene_14941,8,5,10111111111111111111111111111111
scene_12984,7,2,210878181042302325259117082762582634
scene_14569,8,0,31231221002764235082608781457792630120
scene_10644,7,2,110110101101100011100001111010001111011
scene_10982,7,2,315564117338970156200100000148141275522
scene_14096,7,5,34567810169098236149823483970995000
scene_12864,8,3,11019948981031824134987497652070816
scene_14536,8,1,1202307378112713233015833191271861111
scene_14487,8,7,1101101093311110991071081091011991161111
scene_14880,8,0,1101301001101101110110100111011101101
scene_13243,8,6,110112001202120120120340101010811043201
scene_12898,8,2,3254908317980218694139273480104593210
scene_14109,8,7,1202267919031703330763512206972567
scene_11334,7,1,120111021114109107141121080114911014
scene_13460,7,5,12021111022021071203107012062012011031021
scene_11687,8,6,100036943071107757565370000000000
scene_11671,8,1,112526904948994310912318992038834288
scene_12697,7,4,105390778020838029320810171714800
scene_10686,8,3,112315561346191445889558820976587
scene_10902,7,1,1000233341304900003847380373385698
scene_13008,8,7,119411520382625785055622273823560185
scene_13424,7,5,10001101101001110111011111011100001
scene_11647,8,0,1102106837452441107350060660358048
scene_13039,7,2,1101304232227340506787214092983709
scene_12991,8,4,171757860491257173427283975199570
scene_11724,7,0,12026731113210012345902310455471231211
scene_10681,7,1,11021312117412009210111092112018
scene_10811,7,3,112831984000276081007336101882363644
scene_12607,8,1,1202166312271967313293072817238749
scene_14567,7,5,119119007312346736104628591034051
scene_14079,7,3,1234567789012530086142358765432125718
scene_13422,7,6,120224616023513169011594422732204284335
scene_12906,8,3,1202252523112888752214808340675864427
scene_14391,7,5,2100508484872973047110110497718171847
scene_12090,8,3,020112011201001010101001100101100
scene_12151,7,4,120299159633707299814236672067047778
scene_11217,8,6,1000730637239421667824442270947740075
scene_12724,8,7,12022422461011913423549080289373055
scene_14458,8,5,110112157171219101451121413161514
scene_11477,8,3,120121124225314256781561598789316515
scene_10506,7,2,1202804421502675850008984356169998955
scene_12353,8,2,12021905643717481198250345665690464
scene_13724,8,4,10001190120213021081111111613113125
scene_14306,7,6,100012444878468500000204000220048789198
scene_10157,7,3,120219912018788435114331729160670588
scene_11603,7,2,1202809548537089788173146949573484
scene_14372,6,5,1123304882485421337313651161049047899
scene_12388,8,3,12028060920179712887534591643001332067
scene_10863,8,7,10001000100010010110101100011011011
scene_12576,8,0,12021546771527875010542718212119759
scene_10891,8,3,1101101110111011101101110011011011
scene_14631,7,3,39991179355928395439096356363078628
scene_12131,8,2,112318034567890123460127345901273
scene_12563,6,3,11235087397677412086164244156915688
scene_12392,8,0,12022478776714672105344737533387001128
scene_14997,7,5,12022563183222951258685312200320316
scene_14640,7,4,1201120017021120112021200112010201
scene_10551,8,1,120211731057189991000483462082539044
scene_10284,8,3,110234300212846246007927938116744198
scene_14901,7,5,1100011283179308452197505816956812
scene_10780,8,3,1102104110108104810909107113048051110
scene_11404,8,4,12022010803117109221661011168922107120
scene_13228,7,0,12021518761634217587895620524474430
scene_11068,7,5,12021173402261129262395053695129624
scene_12982,7,3,100083802818148364244088037303759
scene_14890,7,1,310716141441108070451016912077642158
scene_12004,8,1,20005611011053590093731231277272368908
scene_11854,8,0,12021582116418555587474485411524320
scene_14044,7,6,1202120014003695816945270417958025
scene_12081,8,1,1101101111111111110100100101001011011
scene_13293,8,5,110100010111111111011101000010011110
scene_12938,7,0,345678901234567901234565678901234565
scene_12295,7,3,21028070773453687669710567488396085
scene_13155,8,5,120264120261822431174413402765183807
scene_10848,8,1,12011102121400001110117311000000
scene_14681,8,2,119224194433049289859148891371597725
scene_13510,8,3,12021184267895525051432042139508799
scene_10789,7,5,111111222344444555677890123409024
scene_12076,7,2,12028048526020186011905029316091634
scene_13180,7,4,11231441452320063020343544112912935
scene_11607,4,2,110110111001010101001101101011100100
scene_11225,7,2,1192165146713796562030485246342486865
scene_12328,8,7,120210738154070841015202178194428234
scene_12635,8,7,12021390811079228874227300193326404
scene_13888,8,5,1000710020106905165331288073281244714017
scene_10725,7,3,120280511234576225774397554108079123
scene_10183,8,6,1201211634280110210711146845219284409
scene_14972,7,2,1000101101011110101010101110101010
scene_12242,8,2,127511546397050920311537511508211053204
scene_14905,8,2,11053334611246683480126731440456925
scene_13161,8,3,3325604534243116592774268237242782798
scene_13614,4,2,3115197717296099771399902710313009
scene_13047,8,7,1101105458123420646661056474719712349497
scene_10357,7,3,11287913231031089149358432355714818
scene_14912,7,1,11011010110111101110101110100110110
scene_10419,7,6,120153597790716646277875899449961328
scene_11105,8,5,1000235581123102818329021324348014
scene_11475,7,4,51073393448982598001211915366277228124
scene_13754,7,3,100020001000100010000010003100003100
scene_13670,7,1,11011222133134112434562311234656778
scene_12579,8,3,11011200000012008111100120000100100
scene_10375,7,2,0114177856472210710212309363421289895204
scene_13938,8,5,120215493481380375260587856132033
scene_13771,7,1,110217985619903280477009959831368
scene_14034,8,2,11231015721393452231941339200711945
scene_11596,8,2,100010001000100010000000000000000
scene_13280,7,0,1101121110111000111010000111100100011
scene_12074,7,2,110112321142132712411731242111254232
scene_13261,8,3,110230101123123211281256720237621587366
scene_11098,8,5,1201163000403867220504730541211879
scene_14371,8,4,2000893690094133153812398632342937
scene_13613,8,7,1392523491054597644535484302408312
scene_12557,8,7,12015300228069544448985086724074818526
scene_12197,4,1,120210142217111487403430621200714
scene_10351,8,7,11258142337265428160007313154546
scene_14036,7,6,11011299310000071463020411252021250008
scene_10761,7,5,1202155031334835561328421052345117998243
scene_13581,8,1,120280314511824316238246234233022341003
scene_11538,8,6,1202103130303067874278453016093967
scene_11458,7,2,34013024411243988357793561124431405
scene_14566,6,0,182787961828457687934312506415718036
scene_12218,8,4,11421211942140781153809473919386316
scene_13396,7,0,3169809720009950008307256089823572267
scene_12977,6,1,1201310010001000110010111110300011
scene_10121,8,0,100010001011111101000010101001001011
scene_11337,8,2,191126515779535353410564332255060
scene_12224,7,3,3142640214116925235561725353368300
scene_11396,6,2,12013123106112402810082536817584484
scene_10311,7,2,120210487424849182584789018238748
scene_10951,8,1,112332446325557324217652174622443475
scene_11791,8,6,110110111201201011010011000100100011101
scene_10401,8,4,100061501799175296115331313498920780
scene_10219,8,6,1000100011011010101010110001100011
scene_11417,8,3,12021003391512312341317150916102376
scene_14193,8,5,112210457230221380295513038212092
scene_10321,8,1,1123303120231123303120231123303120231
scene_12622,7,5,112566678656431231142392186266123439578
scene_11573,7,3,1123156416802840321506606803150719
scene_11359,7,1,120214284435107455634364598910028822
scene_11594,7,4,1101121415471753162081748359182894
scene_10985,8,4,103633467256363920659301524386756037
scene_12462,7,4,1101302432002851636155985737902733
scene_13138,7,1,1202156742211437485386542625175460
scene_10315,7,2,10001000100010001000100010001000
scene_14629,7,0,12021707511010003990250370372579331604
scene_12651,8,6,10002137421042204125213378365656798
scene_13716,7,5,1488544544890750063020171433964664525
scene_13453,8,0,1000110508067393637706215793500
scene_11289,6,0,11021091161178912473169138114110014660810
scene_12273,7,5,1202643635357681303327462365939130824
scene_13759,7,2,12023021534345420613914365749261614
scene_14769,8,4,12021525610001201610109610415181099
scene_13863,8,5,12011010110101010101010101101010101
scene_10190,5,2,12023200000010211100010202101101100201
scene_12524,8,4,120212180524610303830520212180524610
scene_11948,7,5,12029999877105831344453541501643819969
scene_13442,7,2,1201214360481235152796101580833637
scene_10942,7,6,119863731334580110654574117675313274
scene_10174,8,5,1202132012109201201210920107112010711
scene_14742,8,4,1202178902174181841034784793913178929
scene_12615,8,5,1164370280106621482130912428998763340
scene_14015,8,0,110214789308525284380590451954808149
scene_14855,8,7,20001889358211678917817564631480159290
scene_12962,8,2,1974550312317815581423757697711523569
scene_14409,8,2,210540143773601600614483414370213
scene_13965,8,3,1202188634534903340985700000000020
scene_13998,8,6,12021573111831869878971140124076312
scene_14800,8,2,1010174028201104110405101104101707390
scene_14128,8,7,122214496870289479689016705179589827
scene_12323,8,5,11286115221132014407111288661921141093
scene_12421,7,1,1202136729678839147967787632818650
scene_14871,8,0,183587312343304229686085445525599112814
scene_12493,7,1,1201620840170934278179857417971537
scene_13640,8,2,110110111101111100010101100111110111
scene_12268,7,0,172109357092123405301202178991541842354
scene_10926,7,0,1726490349399272120142955953011989
scene_14156,8,6,110110101011000011010010101101101011
scene_11881,7,0,119130352936710251209519016025688530529
scene_14471,8,7,1123322886721123762364189454269685025
scene_14660,5,0,11021252729300842042900020448273394770
scene_13163,8,3,10391202110305183043061301837048390
scene_11626,8,1,180223335749263127789380236871176257
scene_11095,8,5,120224060199998513920079939044330080114
scene_12562,7,0,5100132914343702717685028374525430
scene_11034,8,3,12021011010001111101011010110010100010
scene_13201,8,4,53010004200110110217001000820417001000
scene_12263,8,3,12021112022111101120109202111012109202
scene_10610,8,2,412317911284726411921354793137846417
scene_10395,8,2,111210003114111129151278098174135413
scene_10439,8,6,120130819385520001912534119547644462024
scene_10735,8,3,120100010004080830771462135392111103408
scene_12959,8,5,110110111111000010001100110111001110
scene_14074,7,0,120111982828234317259111113502375
scene_10070,6,3,1123201920623133140336935165931471394
scene_11175,7,5,11011010911000000121010101100107101
scene_13321,7,0,123411913011952102812714355779112829
scene_12617,8,1,110110710621207210410915410910211134107
scene_14447,8,7,120180752784156188312746665965780430
scene_11685,8,6,444854283853051838418504899666578
scene_12440,8,3,110110211011221011041011110100110110
scene_12312,8,7,1202202021115213116312131156208212
scene_14029,7,0,1000110210202327431331971454314122453
scene_13939,8,7,1101108101303105111101103050303102102101102
scene_10247,7,0,1357266443502215123181029112412201832
scene_12655,7,3,120299128936222631603811723101351806
scene_11868,7,5,1000101001100001001010111110110000
scene_12072,7,0,1101121013166203339741422295212775
scene_14775,8,3,100019024151247130656823309834574494
scene_13621,8,1,11021892214892671323785273648664237
scene_14543,7,6,120114219421230010225947241192115161612
scene_10278,6,3,11239047912230681629486285731534092867
scene_14573,7,3,1197225628190035089713452288734347337
scene_12506,7,1,4214974312331421121247026683704239
scene_11690,7,0,1101101011011100011000010011101101010
scene_14865,8,7,1101121110101111100110010101001011
scene_10198,8,2,11941063122595679660027926410464201
scene_10304,8,0,1202103402108999641731459758821754320311
scene_10138,7,3,12011405804701905429693200223792359
scene_13272,8,2,12029946164673429842218475731658049
scene_10240,8,2,12022403148548446359035503265171379
scene_14290,8,1,10001787093410660021002501158320165724513
scene_12001,7,2,3111107924123312671742994349148576145
scene_12545,7,3,1102644492814375162237136379876025260
scene_10694,7,4,110110111111100101010000110110010011
scene_14492,8,0,1000620675479848498634666472083486
scene_10690,8,1,112827914141581123111027192287510314
scene_11888,8,5,1202114635571069737885285489039764980
scene_12010,7,3,120212114093761952107961891339052314968
scene_14683,8,0,11013221121520921083186743081686314
scene_11055,7,5,100010101000111111000010100011111111
scene_13959,8,6,23342210384563310179580849423768412366
scene_12046,8,6,1202101211108094065789991340114415
scene_11007,7,5,11011010101111111101010010101111111
scene_14011,8,2,1000295774740210711798313269230884569
scene_13425,6,3,3191000650930928047913565780004779090
scene_11352,8,6,112312066867811281234120722345651167
scene_10804,8,5,1101101100101110111011101101100110
scene_10625,8,0,1202641446983770199119513770031770
scene_13930,7,6,200023232041020303220140002230030120
scene_13403,8,1,1000112314421214345678912454321352132
scene_12439,6,2,12021984452120711191257406483482118386
scene_13191,8,0,1202111111110110010011011010110000
scene_10598,7,1,10007775132877122257819069481112000
scene_13803,8,4,21111921092110010001001010101190671010
scene_10187,8,2,112534756120447411214409711235053105117
scene_11696,7,3,12021016102130121712011101302021201
scene_11282,8,0,1000100010012011110111101111001111
scene_11519,7,4,10001000200010001000200010001000
scene_13952,7,4,110000000000000000010001000000100
scene_11312,8,1,10001128211813198112312346601121858
scene_14878,6,0,120214351148329840310044738108943808
scene_14013,8,7,112345676576311343123466818246283652
scene_12823,8,4,100012012003021005021007004100806001201300
scene_14774,8,7,1201992059894150678965921078262276
scene_12101,7,2,100010001000100010001000000010001
scene_11474,7,4,12028019531079802756383786022547103
scene_12429,8,1,12000000000000000000000000000000
scene_12705,7,3,120273161025678162061404682133824380
scene_11472,8,1,1202101314495887000451000100040000400
scene_14969,8,6,10333435447677003518705511236044
scene_11910,6,3,10003663193344684517718842784083937
scene_14788,7,4,1003101000110000001010111011010011010
scene_11160,7,5,120220903990272339542749191655630858
scene_14172,8,7,110110111110111000110000110011100000
scene_12518,8,6,1312742554182195693055271765303212
scene_14377,8,7,469187690592785205506212302542100
scene_14362,8,2,110132431334333132143454313131343
scene_13893,8,6,1123109079042200138960328200000014380
scene_13650,8,1,11013273992627405779678444268972669
scene_14072,8,6,12021627663429225366297644229236740427
scene_13901,8,3,31002259899433583189784318230271501276
scene_10868,6,0,1220733024583292702304803856514020880
scene_14169,7,0,1191107948736385943640281317663684
scene_11242,8,7,11025478571201236581081437462122713697
scene_11364,7,3,1202601678782073750118439561819439
scene_10856,8,2,5000157690143363176561908039383985
scene_11964,8,0,120210811233331000113022133311300221
scene_14579,6,5,120214021093243140211491872545342188
scene_10771,7,5,11235091081963968221140641418273610
scene_12750,7,5,120230361082124314341534514321316
scene_13885,6,0,120219784186573754548187085297301788
scene_11545,7,2,12021008137146671463788306312643796
scene_11100,7,3,12013801131013109094281840617773859
scene_14574,8,1,13521301718221417363013017730413346
scene_10781,7,3,61992197416028690613887866414980077
scene_14913,7,1,11011010101100000000010100001101100
scene_14517,6,2,112315456211111212121113117131714
scene_14784,8,2,1202104220063001202800200210210201809
scene_13229,7,1,22739446787437171407837868478486743
scene_13838,7,3,1202125466672841557533111697502719
scene_14310,8,0,111112003111112122200700112320110011011
scene_10833,7,2,1101101101010110110001110101101101010
scene_14821,7,3,1101000801100010100100100011100001010
scene_14659,8,4,120219738413093969983806109081712144337
scene_14287,8,5,12022022123372091136809396252342514203
scene_13142,7,5,12026025600342953021921128146956162600
scene_12171,7,6,120163002357820111460340782198134881615
scene_12857,8,4,4391101129350702183121147184663272052
scene_11691,8,4,1101101012031413141290141013121413
scene_12605,8,1,120301196735237061400090714185220219
scene_12478,7,0,11011223456744698810111223456744
scene_10592,7,0,10001289123457896785432382413938278
scene_11232,6,2,4142801123082013859135857881775927
scene_12803,7,3,1199119211722845109788484136931986790
scene_14387,7,6,10001000100010001000100010001000
scene_12987,8,1,11026411513134132210086194971480799533
scene_12204,7,3,32012300143387100500347964379564253
scene_10754,7,6,120213001469807551218231445294029
scene_11542,6,3,5317782017651103607792857020708823424
scene_12859,8,7,1108275043700247738383734393322790
scene_10612,7,6,1191124411144048209246032712312827519
scene_13793,7,5,112399993327391239991305491643168786824
scene_11706,8,0,12023034546503835814894207829349108254
scene_13105,8,4,1201353515944969020160451836591417
scene_12149,7,1,11010001101010111111011011101011100010
scene_14087,7,3,1216796492645937743833595741154026
scene_11411,8,4,770304830140331313140480571514633
scene_10192,7,0,11231618222532723025350009341002464
scene_14817,7,1,1128112109052966005968998715075309
scene_14968,8,0,3000361150003748503426102115100268392108
scene_11750,8,3,12153203156762342071215413011348722
scene_12921,8,7,120211009936352308012021110000000000
scene_13525,8,2,312110967338735876141396913775291484
scene_13651,8,6,10115304022122389258285258258285258285
scene_11128,7,1,11952438817554927383685441098412318
scene_11231,8,1,11911231573547023791234611991861927631124
scene_11694,8,7,1000100010100110110101101011010110101
scene_10906,8,3,1101101001101000110110110110011011011
scene_13656,8,3,120215905248963215116035157113533785
scene_13508,8,7,12022221002202102202280020212320301201201
scene_12433,8,6,1102203014709652766976122257815886128
scene_14251,7,4,120211110710125011258112271354133018
scene_11314,7,5,18027093984031440540160300318009017819
scene_11307,7,3,1263108163119823893226605279627829281
scene_13807,8,2,100021173510809060319580648822612715
scene_14726,8,4,1000120227314731054587112641473045
scene_13664,7,4,120299813264402877773484583906523
scene_14561,7,0,12010010110111110101101100101001110
scene_10231,7,6,12021880270680321836900780178614964
scene_13756,8,3,12021052012110206201124113102012021032010
scene_14451,7,5,31211264434331135291352632426353245
scene_10960,8,1,1202170133444039896820312260829705069
scene_14439,8,5,1194784217302300611483522911431053
scene_14825,7,3,120225541141250392100441725461728727
scene_13014,7,4,120212460100384807238576095378900458
scene_11003,7,2,11922375862641540314449181247878226263
scene_13752,7,3,12021027911231578784636158442395407
scene_14995,7,1,11234556789010111213141516171819
scene_10137,8,2,11013243114820621233031570137345125
scene_10414,7,4,1123108018768591212345678919494929802
scene_12916,8,1,21097766557900679183323328196398127957335
scene_10845,7,1,120299971206110215011244995082719017
scene_13050,7,2,120215731200041659423119756591309059209
scene_13683,8,4,11234567888308199361662261630304710158
scene_11718,7,3,1101101111011101001110001111010010001
scene_10131,8,4,1102131001190206122472270044918123130
scene_10463,8,6,1102251911171602621683717337755071248
scene_14787,8,5,113310343308319447885475337696179218
scene_11130,7,4,11021463641004063214443249407852117
scene_10636,7,0,12024431093678923009343455838050081077246
scene_12802,8,0,11911011011001100101111001101001000
scene_11887,7,0,1201310980175393606240908349831568725
scene_13572,7,1,1000100010010011001011010100101011010
scene_14216,8,6,11961394519568443539921723375220818120
scene_11554,7,3,120101101110111000110100010111001010
scene_12179,7,3,110110631822030110211331311021011011011
scene_13948,8,5,12021091201912021904120190190008100120
scene_13747,8,4,1193110235673733187194333394654779
scene_14526,8,0,1234672211231031120789320314339415
scene_13898,8,6,010738401942181121411605215278438
scene_10093,8,3,11287221111111111112151368428314213
scene_10014,8,1,11231011201120112021110102101110211
scene_14999,8,0,1202204220623122231223115302923123406
scene_10522,7,2,110130101101107106101102133081103105120106
scene_14670,8,5,1773030721875813211021077304900000
scene_13917,7,0,10001000100010001000100010001000
scene_12201,8,4,1202305570749037774305094827356211
scene_10732,8,0,10002210001210002110031010201201021020210
scene_10486,8,5,110119211171059144585501184311962210
scene_11425,7,6,112534756931626414356810531714003456
scene_10545,7,2,11231418854919493493149473863430526
scene_12209,8,1,12021025013211021070203182512510211312
scene_14043,8,1,1123123121312213112111213122131121112
scene_11539,8,2,11231444626482191735422265741038164
scene_11547,8,0,120211731356763403107000080284944937
scene_13843,8,2,1123101077131010105022022101273030
scene_13980,7,5,120212320121312011201112003111112022001
scene_13590,6,0,11011012131425141516172518192024
scene_14538,5,3,120215743811211231789321915841739
scene_10555,6,5,120122002000120310112120120320302200400
scene_13986,8,5,1000119011532122119061019104682331
scene_13322,8,5,12013100210021001002200310030200400
scene_13097,8,7,11021885938311998689002074266381606677
scene_14707,8,4,1191206744423741822414094689842341294
scene_11934,7,6,1202250855497839606911312303464440
scene_10282,8,6,11012041104211212055520003011021002216
scene_10246,7,4,1101209872774130806891883087848044813383
scene_14027,7,2,112311206789112014143006120320115201120
scene_10261,8,1,11254055078348904224565314188619827928
scene_12820,8,2,26742990125312210772772770362851828
scene_14827,8,4,12021021030517071111330018302054100
scene_13362,7,4,11285448703112468113412301480965734
scene_10299,8,0,11013066721021429354216432005162854
scene_10893,8,0,1202199211533172309667160577912177204
scene_10012,7,4,1202111306841203050950512968671907932
scene_14549,8,1,1102646071198929780482119549504547
scene_13382,7,2,1125802331077352375154578930647936
scene_13929,8,1,12029912134380844467112103155556671
scene_11263,8,2,1123123431324531414234514512134132
scene_11894,8,0,17210747811263720007227607604875627
scene_13423,7,5,1191150614395288073633696482032610919
scene_14983,8,7,120210082021008020011201100802001207100
scene_13361,7,2,11142403112304623782458587776030047
scene_12638,8,2,1202134812504000120127049089201201254
scene_14125,8,6,1202108090710007211078110030700070154
scene_14423,8,0,1202121738421321131111071112341101234
scene_10541,7,0,1125752513355320479741793485280885290
scene_12930,7,5,1000210041020003100410200040100400301
scene_10227,8,4,10001000101010010111001101010010100010
scene_11825,7,1,100010001100001101000110111000111100011
scene_13373,8,3,1202134939221124942802107467402441215
scene_14278,8,0,100050903047011046005713580354920
scene_14383,8,2,12021425332748911621747711954036492410
scene_10842,7,3,12021478334610941106739853506724164
scene_10477,8,1,120212729956228214343174827474350
scene_14126,8,7,12021590155314431178415830854774148
scene_14899,7,0,120214508071195358855001650501913
scene_13260,8,7,10001000101100111011001010111010
scene_14605,8,7,110110110001001000110100010001010110
scene_10614,8,3,120232133153834260987111270614983213
scene_14230,6,2,100011011010110110111101000101010100100
scene_14697,8,6,110112150125040301650525106107011507
scene_10829,8,7,110210121123456789101112131415161718
scene_13153,7,3,1101101111110011101111110111111011
scene_12244,7,4,11234567891011121314151617181920212
scene_10252,8,0,1000100011011010110100110110110010
scene_10460,6,3,120210211010111010100011100101110100
scene_12311,7,4,110110110100011010110101001001101010110111
scene_10319,7,5,112894976190659307615580530633123448
scene_11482,8,7,1202307787468809484910924131091436125
scene_12164,8,7,100010001101000100010100011010001010
scene_14245,8,0,12347822807919839234897124906563818
scene_13331,7,5,56783012341042614585934112981011062
scene_10335,8,5,1202160610942383897835212570247544308
scene_11014,8,3,120232397531234567890753678912344567
scene_10895,7,4,1202229292312231235206207011223105227
scene_13782,7,2,10008917127468402132876258974443096
scene_11929,8,1,120214156635521205320528083703893683
scene_14477,7,1,19054544225451489351329855876032847
scene_13612,8,2,20002218781776162193838125000308185108
scene_11531,8,1,120226439031325412250183044622413
scene_14708,8,7,12018104364004442000553152812045364
scene_10628,8,3,12015158377273512803526691106793010
scene_11959,8,0,11202422300000310532521858281505
scene_10548,8,2,11011011012101100010101201010001000110
scene_14319,8,1,11231044629914319841231038341846028
scene_10905,8,1,12021211971982329927262472952142981930
scene_13541,6,0,120120021471826125810120781005605638
scene_12456,6,3,21621435863004963124770927155565732
scene_14748,8,0,12022020202202020202201202202020220202
scene_14666,6,4,110112000101100000020000000000010011
scene_12822,7,5,1192804261049221311962815323704338249
scene_12452,8,4,1202244355904572140000000000000000
scene_12715,7,6,100053693749577971322070166867060023
scene_11257,8,1,200026931400049796973640686940030614
scene_11907,7,6,12011326783101000773911962238092184115
scene_10485,8,3,18230305733311034400378120177213486
scene_14399,8,3,10011011110010010110101000111010001010
scene_13359,8,4,12021963198200052318000283994547944316
scene_11473,7,0,1128179063598112811281093512890128735
scene_14910,8,6,11231019634511097384816226833642241
scene_10046,7,1,1000100031000111011000101011011100010
scene_12347,8,3,120184221153112913614691041177713487
scene_14227,8,6,1000317360000084100330040063999243247
scene_11237,8,5,120219891876448149566503918021672
scene_13253,7,3,120211672359654168306566670567807973456
scene_11094,7,0,11011211104111107101051011110810110711009
scene_11830,7,3,120230982933046905467123193254160016
scene_10965,8,0,17130521990892431188597154764060634
scene_14548,8,4,1202200200122000200200200210120220210020210
scene_11069,8,4,1202139178848622306420083209892785933
scene_10027,8,4,1128331027079723736821151922060110578
scene_13734,8,3,1122313425678901213141101331234567890
scene_11326,7,6,1202801876372554409297931970552544
scene_12500,6,0,1202115382894380193160047302469977436
scene_10576,7,3,11011010101111010101010001101101111
scene_14655,8,1,1191123615936774454609107459021401440
scene_10391,8,0,110110531111654811011001011001011
scene_13505,7,1,82421388710712094051609738256132615068
scene_14956,8,0,1101104474133203332556975967762520
scene_13010,8,4,120215921521201302232018030162016013
scene_14017,8,0,110100011011011100100101101111000000
scene_14750,7,3,30002000210000100000503319740010008
scene_11661,7,3,10001000101001110001100000111101010101
scene_10719,8,4,120163873368374763356435174928819625
scene_10792,8,6,1202104311438044544783008599124875
scene_12326,7,2,0329125923248710880206189521871044899
scene_14228,8,7,11111101111010111101101110001100110111
scene_11381,8,6,1125106576805508925791418623118988
scene_13829,7,0,1202181417013004490389193882791483260
scene_12889,8,6,1202179031006298457100080527207052037
scene_11054,8,7,12022022032042032042042030520301201202204204
scene_11880,7,0,12021010722758220273536671123504742
scene_13823,8,6,100051783981852105423456583453423
scene_11355,8,7,11231221152879236510910351150328890
scene_10462,8,7,30009713156264129642910391779218624
scene_10790,8,6,1201202133330334050123021233033030220
scene_13126,7,1,112530677793345706969307067684777
scene_11918,8,7,02001101101001011100011100001011010100
scene_12665,8,2,2212112211213213112112221112131121
scene_10550,7,5,120212102222119210291015122021020202
scene_12848,7,3,1202198093537407151474842098695230305479
scene_12598,7,0,120260651000101010011010110000101100
scene_14638,8,1,1101328964430674541393747851351804578013
scene_11862,7,4,100019957826124706569578469508617236
scene_14212,7,2,1003159043905136259056010455257723105
scene_11373,8,4,121342866567366621972470465221115338
scene_14257,6,1,120183132401493348453580456208212
scene_12946,6,0,11011222334445105678810991131271459
scene_12327,8,2,12021312423022168432089183006112955
scene_14824,8,1,211595480570228165368097724738606075853
scene_10037,8,1,014723150214893312337497865108886
scene_10153,7,3,12021151074548782000002549216000922191202
scene_13928,8,2,1202134302106118091211220980900830091809
scene_14136,8,7,1202172555715247673179233941212698767
scene_12030,8,7,1101102120202101123201110120410110220012
scene_13764,7,0,2101123456789012342143427834123489854
scene_10148,7,1,1000215643105757411024123456789101112
scene_10721,7,2,120214231422141342142331242134213
scene_11712,8,7,100021131010701101031001071100200201100
scene_13009,8,1,363944710214906236033140670874487597
scene_14924,8,0,120151802826967557270538399348867
scene_12192,7,4,110112111111011100110100111101101011100
scene_14050,7,5,1123106852188387438846879403355113
scene_13537,7,1,120210212021020120210202102021020210202
scene_10366,8,3,112334333534301213223111314413245
scene_10242,7,4,120215084930842097138211334827119
scene_14590,8,1,1337777777777787777887777777777
scene_13609,8,0,1101101110110010101100101101100311
scene_11177,8,7,112515234567456668429869998713527790
scene_10817,6,4,30006789342908995140372720488303926
scene_14703,8,0,110112213314415161701751841920223242526
scene_14914,8,2,1000102030405060708090100110120130140
scene_11667,7,6,100055042757876761190722968396761127
scene_10647,7,3,1202207738541551523592162550219940105
scene_12255,8,1,120212776214323785171042174564533
scene_13089,8,2,112312031821124111822112212311323111
scene_14623,7,1,1123201145678940054142053975672851069
scene_14008,8,4,120219342854831307921197700000000
scene_11935,7,5,1101125311112121411153311142211123
scene_14758,5,4,1515162021121372010231232222345
scene_11693,8,2,1202102527307611334510001648902747
scene_14728,6,3,12012255901748757619937102006748544
scene_13482,8,2,11011010110011101010112010101010
scene_10954,8,6,1201144418370891283158976124701833223
scene_14204,8,0,1202178704211390333457687575793662418
scene_13991,8,3,11286814744967487483107994477652767745
scene_13021,8,0,110210808383858301787212734366771508
scene_10994,7,4,110132311212212112110001112110210011021
scene_10981,8,7,1201234890713012811107571201192300
scene_12404,7,5,12021217410243891209226282205890013632
scene_10448,7,2,11911098294661462801569253154098545
scene_13440,6,4,120210943902711468310729323348621259
scene_11113,7,4,11232012031181031068848442444441181
scene_12303,8,1,1000100011010110110110101010101010100
scene_11111,7,6,3322311200161982256182277302787347
scene_12207,4,2,171127903337933293601223403762380
scene_14939,7,4,1125454415284777841951345288373176358148
scene_14668,8,0,112350287224167201814037723201161760
scene_11963,8,4,11287918187793691565361747645624935
scene_11051,7,0,100040021110001200850020010010060000714001
scene_13325,8,4,11231418751234565145123423124352312
scene_11419,7,4,1287730559231980977350403870675479267183
scene_12799,8,2,11012091122111001102110012022120000
scene_14645,8,4,120230542469073719330295281210203537
scene_14813,8,1,1202141893456782807918924932441381554
scene_12860,7,5,11111101111010101111010111101011010
scene_13363,8,5,026212851784303315770148028962654369
scene_14883,8,4,11011011111010010000101010010001001
scene_13830,7,2,210072447871201225626258216258514
scene_14736,6,2,120111082078763308808272117160887364
scene_12988,8,5,120210432638376155759649455755555580
scene_13407,8,0,11011010101100101110101011101011
scene_13074,7,0,11231151171118121115012211311711011500110
scene_13561,8,2,110110110101111100011000111010111011
scene_11121,7,6,11289138972880404487101033327723
scene_12296,7,4,10001000110010010010000100101101001000
scene_11429,7,5,1201112832021920313972392030112891853
scene_11966,7,6,4202802442180840283839675504810727
scene_14960,8,6,110112271431107215633010127847950
scene_12003,8,7,1202194380211035485701033874931694
scene_13020,8,0,11963600099916610746801611282635777018
scene_11184,8,1,1333673612220281337448765546873588
scene_11220,8,3,120219210121101911804128260326157320305
scene_10922,5,2,100021431317252120066222135615430918
scene_14255,8,0,1198219414115348589421017693291254288
scene_13618,8,4,422214767158867207321412044313680900417
scene_11143,8,3,11011011001110111100101010101111
scene_11010,8,1,11011031101111021101011001110011110
scene_10788,8,1,110110696641213044992707670219122662
scene_12745,7,4,1101129932213739709618614242994693838
scene_13804,8,4,100060298492731241679381333333126836
scene_11083,7,5,310011021231001101101100011101001123
scene_11452,8,7,120264241567174623183062323451878
scene_12238,7,6,13093116774453117611512870100279358415
scene_11403,7,3,12021443641613120001014425006133045
scene_12184,7,0,1202115212256213510621430555105213
scene_13968,8,5,1202269086120419047120119840071202920
scene_14345,8,0,120275196300011223841094725269417022
scene_11286,8,0,112540178112514610711044073001071681411
scene_13182,7,2,1000100020001000000001204000100000201300
scene_14898,7,5,410031143110362730849509215985815
scene_14478,8,2,1256267897811211283456887404607209913
scene_14490,8,1,1000200012010020000001010002002010000
scene_13532,7,3,311110339720521331812102562561684827
scene_10850,8,4,11021414441123157781284834337083314235
scene_12125,8,7,1202124027031470791200778911443264
scene_10566,7,0,12021872307210721271123107107112810
scene_10255,7,6,112895093027148198219957058472797727
scene_14350,7,0,11126486197092887011087001521089
scene_12505,7,3,12341321127333414514567890123456790
scene_13862,7,6,10002614274563421301447778054767587
scene_11681,7,2,1202109002352318938935149935181374050
scene_12743,7,0,1102991217521559351013483406400766
scene_11692,7,4,40002301108781029755750445858213927310
scene_10621,7,6,1101101000000000000011111100000010
scene_11716,8,1,21071090108116478202020292948119000
scene_11285,7,6,110211653130803328034287822753354
scene_14441,8,6,1000242743101491126010031624293087
scene_13087,7,5,2101123379898159960469279515649675
scene_10782,8,7,110110110001000111101101101000110110110
scene_14343,8,3,11231011111011110610111120110101100
scene_12346,7,0,11011010111111110111010011110001011
scene_10129,8,4,1000100010013000100110110010100110011
scene_10993,7,3,12023020213120252042031240251301514025
scene_10606,7,1,10001192112928334215782230143017
scene_13428,8,2,11131615112430124614173668267931775
scene_14798,7,2,120299233015914483891072623374055979
scene_14722,8,7,3101101235681753995700748151735969
scene_12148,8,5,110110111011111111000101111101111
scene_10699,7,4,120211112112111341221012202240310120201
scene_11968,8,0,10001000101010010010111010100111001
scene_13103,6,2,1202126099611753141191882671305217339300
scene_13559,8,1,12021029842913368316471211689958
scene_10933,8,7,100011011010110001110100110001111010
scene_12366,5,4,1201729120210728013020607120189025080
scene_12370,8,5,31026044330857361122166135363309282787
scene_11088,8,6,12021439215627310969217621750759439528
scene_11944,8,1,20003190391180891628839223020093260
scene_13064,8,3,12021135323310827156473820556871239
scene_13117,7,5,12026482992213461127013213099098549
scene_14909,7,4,1290112828847725192222023944490910137881
scene_11261,8,7,110110111111111111111111111111110
scene_14129,8,3,120213180542312447453937337958161611
scene_12765,7,6,11231667067517474977141512391643741
scene_10449,7,2,1123123123113411231136343431231343313313
scene_11357,8,5,5212405268488297625614237515922222222
scene_11509,7,2,12023222889004985802084088550871936
scene_10068,8,5,120214669478315992693443154280216837
scene_11946,8,3,120011079045113117107354228975003659
scene_11228,8,3,12021843179216451823731134811242
scene_12306,6,5,120214638070979028291010691695103
scene_14996,7,6,1000234070376016040982910842891047
scene_12181,6,1,05453456738363059349669330173720124
scene_12088,8,2,12021001198109461123697349437567866
scene_12078,7,0,1196117748153482835027136728502134228
scene_11378,8,6,12023011243906119610839281473321549
scene_13667,8,5,1101101100110100110100011101011110100
scene_13951,7,2,120111094411961034034010122888028145199
scene_14630,7,2,11011011111000111011011101110100011011
scene_11610,6,5,200076282915026008301154202105172500
scene_14237,8,1,12021981198200819806144959513022873714
scene_14609,8,3,317024362866366788861000408082527386
scene_14301,8,6,11263183413248830642754508331231367
scene_12951,8,2,2104403921073560080811586300607258607264
scene_13791,8,0,1101000101011101000010101110110110100
scene_13597,7,5,11926489394512068570994773975814717897
scene_14263,8,6,1298479110112353712155727281821652
scene_10611,8,7,120215962955084767237611253073505738
scene_13945,7,1,1128210094007201516270217372323412
scene_12128,7,5,14983409735330128454457815273739968
scene_11941,8,7,11911268731053279310815401987280940220
scene_13799,7,1,1311989113103808541184114265236987658
scene_14719,6,3,1101101012021021202106210102011105301
scene_14848,8,6,11603677290614181678542013537355789
scene_12676,7,3,110110100110100010001101101010101101
scene_10164,8,2,18902710622430009091784409451683855
scene_12049,7,4,113345237311423214127589191884444
scene_11645,7,6,2000622232431752620971796043945584193
scene_12086,8,7,1201212310222222213131414523121413
scene_14284,8,3,425670494314250849091559612975444937
scene_13942,7,3,1000100010001000100010001000100000
scene_14059,7,3,1202243741123979114610216931281723
scene_11498,7,3,31426475501342687473450791161171700
scene_14344,8,4,11083767671724332571180523637571496
scene_12970,8,2,101202111104111101081010310123111107111107
scene_11529,7,2,112539325873117869010792431714533805
scene_11614,7,2,11011089845384278274189043007364329712
scene_12722,8,4,120280621544257910247215502583772
scene_10528,7,6,1346729673233131728684370182661502049
scene_10487,6,0,3178261333248809696629111472288637542
scene_12503,8,0,12021231123403663134403430453412114
scene_14047,8,5,112345345634565434523445643434543456
scene_13760,8,4,5113129595426432742731461590355845
scene_13234,8,3,11021100019102000011122030440001101
scene_11845,7,6,2111122675742278780553526231756714
scene_12066,8,0,121311213142215112334112342331533
scene_14596,5,2,10001202106110312011104302010031405110520
scene_13641,8,6,112310732390761210001478990789010346395
scene_11183,8,0,1202182389141646119225116288458054435
scene_14653,8,3,100017847520893803569743827828047
scene_11485,7,1,4131123211281201241811131008120898339
scene_10798,8,7,11011011011001111000110110101010100
scene_12302,7,6,11011010101011011010010100111101011110
scene_12336,7,6,1202308709783855381348508223162989355
scene_10209,7,3,120213390461011336197671471091006297190
scene_13385,7,2,10001191120000049674145912000005894
scene_13790,7,2,1000710623443923036672373906366679
scene_12679,8,5,110100011011010000112000100010010000101
scene_11652,7,3,120210742782107444461303354610919565
scene_13833,6,5,1202153582104731251653690590857930227156
scene_14781,8,5,120210913311001910291019822004091100
scene_10549,8,0,120211122113312311231342123312132132
scene_11766,7,1,120225075739755079411049397338097519
scene_10441,7,4,310110143554277578262267106413469
scene_14269,7,3,1256112345678910111213141516171819
scene_14348,8,6,10002894274915636170574348557515714
scene_14904,7,0,1202309330306780211905710368819823
scene_11928,8,4,11021039756289969471914257006884352
scene_12680,7,0,1101122291931280665887349058257560928
scene_12448,7,6,120242921431238797860855036375423
scene_12028,8,2,12017420701037007608843535440742816
scene_11153,8,6,120299784043239763213440712295449486107
scene_12721,8,3,1202175002100190572000210311271210121000
scene_10199,5,3,12021362712001206061061070688145283518
scene_13579,8,0,16232
scene_12390,8,6,1412036921897021274623208130912643575
scene_13615,7,0,8249803309100560071273967408881901545
scene_13977,8,1,120225065110051298336841360399918058429
scene_13162,6,1,01065043012301454948447143134959931737
scene_14534,8,7,12021070874628231101301840287980520
scene_11611,8,3,1202115233931342679129312536311652566
scene_10368,8,1,1102191917344197269725472945001214
scene_14875,8,3,11011223434567801200341923569736849
scene_13835,8,7,11252901194351020611459998513515818818
scene_13451,7,4,1112211112222013021022012021012012010202
scene_12043,8,7,12021640354779667343128523053846618709
scene_14220,8,6,1102100210320211622030102101112120131
scene_12109,7,1,1202201427157876357031282431414672220
scene_12041,7,3,1000120821033121080098724604420358
scene_10653,6,3,112340495528459069268741504403198139
scene_13740,7,6,123433213526546761339231455203439
scene_13776,8,4,12021053822282239874908110776687389
scene_12367,6,3,1123167777333370165054380322623960
scene_14384,8,1,12021131174788371555512526837119269710
scene_10655,8,6,31101108035112430229236247677844428546
scene_11017,8,4,120215231010421951060762750743859
scene_11713,7,0,100010100100111111110111111111000111000
scene_13090,8,6,1123454687428839579833664271331722838
scene_11574,8,0,1123908528005686820528156885488712965
scene_11189,7,0,18280133902422123110203725104632
scene_14792,7,5,100071235023345678310251294481370656378
scene_10397,8,7,120210921201881440722010010182091679
scene_10578,7,0,1196349005949632131426229509355478625
scene_11016,7,1,11236480112364801123643801123644871740
scene_14215,8,0,1102135434213538149575355129742931208
scene_13702,8,2,110110101101110101011101011101010
scene_10502,8,6,120211301301201202202021212412201302102
scene_11911,7,5,119490830451514676679785265691044066
scene_13940,7,5,1202206713282943723340422391951132220
scene_13421,6,3,11542870711917889658404305581554441479
scene_10435,7,1,1123111221211119112112014113112015130
scene_14110,7,5,12021802335224025893535253535379318
scene_12110,8,7,1101101110100110101110101011101110
scene_14694,7,6,11757712466871371137761608924408974324
scene_14261,7,5,1128212800127246514406768146892534
scene_13599,8,0,1196315549260001123108393957039611022
scene_11415,8,0,12026407711282566948721845416217035449
scene_14971,7,6,15900801198721241842130242568954063208
scene_13593,7,1,120220220340210310521103201120320210230100
scene_14406,8,0,1202254519357522914205336761141508564
scene_12485,8,0,100051079123400470285984578497135593
scene_11394,8,3,11231421111212211205010223121112121
scene_10836,8,2,11171467721019981752158005401234553378
scene_11903,8,1,120210178279921287811321819083428597
scene_11984,7,2,11281128112811281128112811281128
scene_14240,8,6,1202121121102195471016083064720093875
scene_11801,8,3,125631231113321231406121135341231
scene_14073,7,2,1191199215530981790144810263191444
scene_14181,7,3,200072351717973280172913308120508268
scene_10298,7,0,120218792470141452812345678901101178
scene_14206,8,7,1000427369875480334980031455439235014
scene_11219,8,4,1000100011011001110011110010111010
scene_12928,8,1,12022049013848187132967527771966453
scene_11004,8,6,100082731111019637085254317136172857
scene_11979,8,1,1202192021239822019011122021071011112
scene_13795,8,4,1128219861073592034129852198541268
scene_12630,8,5,12018310621275360406253314150012032
scene_11187,8,2,120173398681480069795005277699577139
scene_12956,7,5,11911256151434373892119827135118743
scene_12569,8,7,1202307878283635064863559878452409
scene_12040,8,0,2901124233333333333333333352557598
scene_10124,8,6,120121362331725462563103865374100714389
scene_13070,8,0,12013821142902175781651270781262300
scene_13185,7,4,1108110811081108110110101010011070
scene_13048,7,1,10003111101010000060211010101010100
scene_12344,8,3,21422492144873519887155863234145860
scene_10864,8,0,110110101110001101101001011001011100
scene_12668,8,7,1000112120010110111011000101011011
scene_11085,8,2,8033045400319897203909121461573343038
scene_12363,8,0,110112345648411211141348121510410434
scene_12628,7,1,2000106750510744112211435568403120849
scene_13450,7,5,1123102221194621281251323411431133
scene_10332,8,0,100312363112825901378350247511963895
scene_10116,8,5,355762062905169248132349341753132622
scene_13296,8,0,2107271101336391091407909546363526
scene_14664,7,4,112316581229396461546850557252344034
scene_11383,7,4,11056028011011010120711330532712101160
scene_13405,7,3,1202302120479206207230212039302120
scene_14762,8,1,1101101110111101011011101000001111011
scene_13657,8,1,200012785139508134903123101281524133310
scene_14324,8,0,12344558679012351448522062866348
scene_13367,7,0,1101102022241343747062200550135113975
scene_12379,8,1,112399990563147839762924489363364
scene_12425,8,2,119112534211234566766778899155197234306
scene_10691,8,3,12021573123548562623866458787912
scene_12626,7,4,112390479349112272587471128193348695
scene_12059,8,4,1192247318310287503610284545671379
scene_13216,7,5,1201611478001231107472911563789358
scene_14037,8,7,12021939107618939927121342893811989
scene_12517,8,6,11011231141333213514521254391732021034
scene_13323,8,7,120299203901895769695199074856288853
scene_12561,7,4,1000234567789101112183192027293840
scene_10513,7,6,120090509025906366252014345409814827
scene_13000,7,6,1000120120200300405060708090100110120
scene_12257,8,2,076292275613196320735527069227245759359
scene_12602,8,7,110110110111011000100011001101110110
scene_10805,8,4,71401115483774993390236923265829711
scene_13698,8,1,100029574130338205319062513456210
scene_12960,8,7,11012021171010110120211710101202101202101102
scene_14083,8,3,12022066304390402984077353322734310
scene_12126,8,5,11982162123267454328306382886732748
scene_11418,8,6,120110203456781790298211320052031262
scene_10924,8,5,120215578711921837826767413881275300709
scene_11322,8,4,1123456778228704123456782457124567824
scene_14121,7,3,21092915772703123033261672118274995642
scene_10675,8,1,11983108311932382214132082561836735
scene_11246,8,3,1201600382655921721327227844863069
scene_13352,8,4,1234319272462284312039843327543325
scene_12123,6,5,0191198002956753327749353693907091
scene_10509,8,0,11251350210737944407030378328257410345
scene_14585,7,3,120214911917119410171149877729386511
scene_14510,8,3,110305857710911930553476322713511
scene_14292,8,5,120210739035180316496973998341253
scene_13231,7,5,1127365618276438168628817124206689469
scene_10746,8,7,1000823547421767024727935638896493809
scene_12408,7,1,1202153120522019111128111011483088
scene_12621,7,0,1202142254796762075195971632351437440
scene_13610,8,1,1202115118604683282322341243578521880
scene_10526,8,6,100071839918917992123142343204688089
scene_11412,8,5,120230679315002136112815248110839832
scene_12120,7,2,120214771124958081389951858318914593984
scene_12787,8,6,110110101010101011110111010110010
scene_11909,7,0,1201592073762807950200000000000000
scene_11844,7,6,112345677890121314151617181920212
scene_12872,7,0,10001204772280985142859246609781411
scene_12632,8,6,11910009000000119869578568488953404282509
scene_11299,7,5,12028033120280331202803312028033120280331
scene_10514,7,1,110110101101011011001010101111110110
scene_13956,8,2,120215670943849060427336183172591831847
scene_13933,8,2,1202187314791912810053183138768714019
scene_11678,7,4,120218731339385407801444004414048992
scene_13171,7,1,12011246741607297419201929870129316
scene_12154,6,5,1123173314152112451231272922272365
scene_13005,8,4,1102101621121221090516112812313237205
scene_12896,7,3,466728367939896423394928567346464
scene_14620,7,6,1711926155615689172755115363126547
scene_13254,8,1,21553943807435772188000355012144433
scene_10353,8,6,15428796978382989029111420380560656
scene_12879,7,0,11233253807811931642707743075447744
scene_10532,7,4,120217731435384587273695460213289
scene_12260,8,7,10001101101011110010111001101010100
scene_11915,7,0,112811221013010103201212101231012420201
scene_11512,7,5,119100010001201110011011100010010000101
scene_12345,8,1,11903594021061119649848879483107606948
scene_13036,8,6,10112345671012309056612345123109832
scene_11479,7,3,168752579502906233187086843492512156
scene_14537,7,2,100031351867463881198480714483216613
scene_13344,7,4,1201310798598704264493810159621019
scene_10970,7,3,110110101101010110010010010110110110110
scene_13533,7,0,12563874704649556494247992479963043845
scene_14288,8,4,120191197120912092801912081200111011
scene_10498,8,7,12013362785906757007892159266891182090
scene_13547,8,5,110132907280229041105136416382310
scene_12084,8,7,112390907701306318227096776671805
scene_11481,8,6,12021287386937549184240896001322089
scene_14975,7,4,110112123132141510101112110021214
scene_14107,8,2,14391445836429025851697640403443954
scene_14990,7,6,31063918022596169636647173673053142
scene_11229,7,1,120220201020210100030200202011310101000
scene_11190,8,1,1201312032013117137036220898813511
scene_12221,7,1,172801343803875702811047829164045
scene_12253,8,1,12021518236349445939280495520442190339
scene_10265,7,5,120212104120021010111010009010800200100
scene_14234,8,5,110421111111111111110488222221112
scene_12737,7,6,182198345923316372761155765677274483
scene_11310,6,5,12015123586161632110897090141597327
scene_12795,7,0,120225561503300008092745395573661950
scene_10359,8,6,11011010320102103212011201201210110211
scene_11824,7,2,1202106630444306665119008181061063605
scene_10708,8,1,1202100222120210111257022202211204122
scene_13313,7,2,2121109864706381091494885655587497896
scene_13316,8,1,21022428631522012210130200572842949614
scene_13781,8,2,110112478918153120501198180278615201298
scene_10503,7,3,120121111211111110111111101110010
scene_14692,7,0,10001108102914152658148280829527403
scene_14346,7,6,12021661696488391962608292638999896700
scene_14321,7,4,1255316264471147345785851251141851188
scene_11170,7,0,121231307345691559222833362332063
scene_12507,8,7,120213401123456789101120301415161719
scene_10879,7,6,12021231114622120310312714121510514210
scene_11828,7,6,11011010110011110001111101010010111
scene_11067,8,7,1202207225571984493100012933578261784
scene_14700,7,5,11011232531431243641411106561314112
scene_14807,8,5,10002000100020002000200020001000
scene_14057,6,5,300010001787768448109776579142297609
scene_11586,8,3,120210104090233119195330307703719
scene_12121,8,6,12026431506146708109222997125642756091016
scene_14625,8,2,1201364739802571197033559975211315
scene_14315,7,5,110110111011101110110111101110100000
scene_10106,7,6,11231342111591313124152425514123132
scene_10465,7,6,112320781111922151784100439965920798
scene_14953,8,2,1128907565139336509803884972089171227
scene_13538,7,4,21111094510109202655002915199062556
scene_12661,8,6,11101101001001101010100110110100010100
scene_11288,7,2,110110157634774121119612195160089567
scene_14495,8,6,12021019313273440441015018102162618
scene_14767,8,4,10000001001010000001010000000000100
scene_12169,7,1,1200969339700000005700000000092369
scene_13099,7,5,12029977941873382392968780659051973513
scene_14539,8,7,110299734512317108217234343802361707
scene_13308,8,3,120200069851253462656701272202223919
scene_13057,8,5,32021160710565104627822550765397425
scene_11524,8,2,1102802107168387333480691384601610008
scene_13778,8,2,12021200201102901503003020040538053201
scene_13295,8,1,12021011141310110010110001110011010
scene_12783,8,0,1000100110110101111011111101110011001
scene_10629,7,1,100023768658321336931365477226504865
scene_13290,7,1,1202147211882150134950678776573319152
scene_10132,7,2,13143401090873413628112079020028047
scene_12324,8,6,12021873202180220000002021852021784200
scene_11569,8,7,12021650634957701234569987350835210688
scene_11484,6,0,1201112639285040000000000000000000
scene_11501,8,1,1202997610656811523854825317752835
scene_12643,7,0,120134463010095768014013638101823400
scene_10967,7,5,120280406214302854917050838779404462
scene_10275,7,6,1202188512459086554933047166670223
scene_14075,7,3,200012892079012065363696172245702123
scene_10142,8,2,12023041107132023263221336238276180580
scene_11795,8,1,100010001001010100110001101101110000
scene_13457,7,3,219965123906929423840981113584576612
scene_12489,8,7,1000655513999378374562748756394700519
scene_14211,8,3,110110111010011001000100010110110110100
scene_13652,7,1,20001000250339007042841410928453183717
scene_10656,8,0,110112112113111111111111010111010111
scene_12784,7,6,120219571953010091555158461851831284612
scene_12102,8,0,11011011101101011011001110111011011
scene_14796,7,4,1456101881109208452103420562513261216
scene_11664,8,1,310535367524727860091869812907208845
scene_12612,7,4,1201251739698000449825841514768016
scene_12751,8,2,12021203123123123121010123123121010123
scene_10307,7,2,53385094366097332853924426033549206
scene_10234,7,1,2024403242607631128050194120168354
scene_13731,8,5,21563433931662023166358320510054831267
scene_13925,8,3,020218021302220220212011021030200102201
scene_11782,6,1,120280758201220122012201220122012
scene_13919,8,2,120220273611135768272118253311901229
scene_11445,8,2,100010210101101100101001001011110100100
scene_13415,8,4,1101125645196941135709246589336443520
scene_11832,7,5,1101101001111111111000000011111111
scene_11440,6,3,1201625294636588267569739994237820
scene_11819,8,4,21657557185878826831446375870544680
scene_12827,8,2,110112111101111011011011111011111011
scene_10683,7,0,12013201210112301010101301020040340
scene_11746,7,5,120280713249614676923338638791254
scene_12941,8,6,12002100171002200200321001000230010
scene_14906,8,5,1198803590112422083112839722323043207
scene_14598,8,0,11011010101110110011111010111010
scene_11256,7,2,16132931412314123123141230860391432
scene_11211,8,1,120213494436583593531169675482543649
scene_13961,8,5,11125413092814055162144825643017811
scene_13892,7,1,1202233623502233124720020778531162
scene_10327,8,0,11011011101010111111111111111111
scene_13134,8,3,11965040001196504000900300050001000066
scene_11316,7,1,120299031553329226473456976305064
scene_11204,8,7,11011011011110101111010001011311011001
scene_12235,8,5,3286956253143648654631267278399034626
scene_10740,8,5,3401198317318658889689913591893025
scene_13353,8,2,120215816151780060877614902232661374
scene_13431,8,2,1202809862806495709850572571798403
scene_13983,7,1,0105161008227139431810286340634201119
scene_11739,8,0,1128431043129820114785437208810986
scene_10338,8,6,11011223456780892930814902192341056
scene_14494,7,1,11231820546442435244581280924253936
scene_12127,7,3,31231730421236100313688393168112160
scene_14698,8,1,11254410783620760000016002278625615
scene_13433,8,6,100022539211973002021071960063051747
scene_12836,7,6,120111953938268439797532202594465
scene_14611,7,5,10001000100010001000100010002000
scene_14524,6,4,1123192967312031484398660894111600
scene_13602,6,5,11231566412736089396092312403872107
scene_13987,8,0,11011212811231241231251271321282513316
scene_14028,8,7,1000100010101101011011010110110101101101
scene_11639,8,0,10001000101010010001010100110010001
scene_11790,8,0,530515803214117602123168633456970125
scene_11508,7,5,1000332729812389392374352673932815660
scene_10510,8,0,1202175406205348536595182897293149311
scene_13516,8,2,1202802600472389061124089691468967
scene_14071,7,0,3123121584124542114201100023101216
scene_12686,8,7,12345676390115435126437125678910
scene_13073,7,2,1101202878909826057636202908607550
scene_14636,8,5,1191101103107081500958118266128478495348486
scene_11172,8,4,1000100010002000101000001001000110111
scene_10783,8,4,110120106101212010920110101908012090100
scene_12650,8,6,10006112310213019222903905031349182
scene_10149,8,5,12022573173054409665298617607904984
scene_11038,6,2,11011011101111010110011000111101010
scene_14619,7,0,10001110110011110011111001101001110
scene_12225,7,3,112811251130794835356945309105512
scene_14520,8,1,120123345716337971886328312115239857
scene_12112,8,3,21112307809147245758363835840037843822
scene_13236,8,1,11121203103100010212042107120310112
scene_14794,7,0,11011212110210110001100011022001111110
scene_10171,8,3,11256788878907545458925237890717156
scene_13143,7,2,1202117123021107219110320172616323142
scene_10179,8,6,11011061090223180320101020103402897
scene_10826,8,4,1000120615029479602910300142173613092
scene_14334,6,1,120121062021304212100602310213042
scene_14076,7,5,11101101111001101101110111111100011
scene_11875,8,5,110112757916239446316630821521142027
scene_12934,7,0,119986763965829442130198307649280122
scene_13801,6,0,10002000300010002000200010001000
scene_14805,8,6,12022442182320371625551864460037
scene_10747,8,0,11011011110000001110111100001010
scene_12588,7,3,1202142698565823547902334185117530
scene_14141,7,6,120210981508179621590324625811433166
scene_12850,7,4,100011984201100080001000100011010
scene_11904,8,2,11013213423841355673141239529265937
scene_12806,8,2,1202106316736010008258600546109530838
scene_14838,8,0,12021072111444418711941560471247622
