scenario,seq_len,ground_truth,answer
scene_14124,7,"(5, 6)","3,18793806215676993641912053200218"
scene_10696,7,"(0, 1)","1,21331362169722753867134230821"
scene_14922,8,"(0, 1)","1,3824715124434211314629081826718"
scene_14012,8,"(5, 6)","1,3128586274640613030338317119479198"
scene_14779,7,"(2, 3)","1,210004100619780006294905987"
scene_13854,8,"(1, 2)","1,2117114944345714022233007391249"
scene_14696,7,"(1, 2)","1,2"
scene_11199,8,"(1, 2)","1,214313164719162940523261119507"
scene_10716,6,"(0, 1)","1,23367149984663089698996751698"
scene_12474,7,"(5, 6)","1,3354834130193947124813771344"
scene_11448,8,"(5, 6)","1,3223342122110351545084803036"
scene_13886,8,"(4, 5)","1,23161614807841204791611381866"
scene_14268,7,"(0, 1)","1,31171611221343415471627863529"
scene_10493,7,"(4, 5)","1,200013202164914031403401331270116"
scene_13918,6,"(3, 4)","1,262125281953482942061388032710008"
scene_10362,8,"(0, 1)","1,300052391638557857048457616968"
scene_12332,8,"(0, 1)","1,20001445013901103003120221140300"
scene_11032,6,"(0, 1)","1,234567810121351920234567892227"
scene_12897,8,"(1, 2)","0,10001252112134293380752922288365"
scene_12742,7,"(1, 2)","1,29991202137747242112214231121"
scene_13909,6,"(4, 5)","1,220423450677162793410120031079"
scene_11971,7,"(4, 5)","8,1121238923471232913230261547"
scene_11590,8,"(0, 1)","1,490687611071728621706130586667"
scene_12129,8,"(4, 5)","1,310032312015165237621155147313"
scene_10165,8,"(1, 2)","3,45439431146351514035587112224"
scene_12672,8,"(5, 6)","1,2288902376396914465198706919955"
scene_14293,8,"(5, 6)","1,21352814176420361926185264568"
scene_11020,7,"(5, 6)","1,218942804527073456725226505167"
scene_13493,8,"(4, 5)","1,30181576161246421756724064661078"
scene_13462,8,"(3, 4)","1,31282160271465933273993319728"
scene_12228,8,"(1, 2)","1,245678901111111315213244345567"
scene_10964,7,"(3, 4)","3,41628045959130503521830261368"
scene_11140,7,"(4, 5)","3,25630204031862133334961328314"
scene_14516,7,"(2, 3)","1,23517261209123149870027421023"
scene_12025,7,"(0, 1)","1202204802,1202205021070120510110511102"
scene_14735,8,"(6, 7)","1,2483701105217484110963161218"
scene_10015,8,"(6, 7)","1,26218331682208140143022629797940"
scene_11410,7,"(1, 2)","1,21509016367053142984116971344"
scene_14626,8,"(5, 6)","1,2512343567789810121314161819"
scene_13868,8,"(3, 4)","3,567101012131415171819202227"
scene_13307,8,"(2, 3)","1,200020202120202020210120213030"
scene_11525,7,"(2, 3)","1,211544161629155242899681342916"
scene_13673,7,"(1, 2)","1,2561929221198210764466574893139"
scene_14389,7,"(1, 2)","1,21083497311919678419314283289450"
scene_12832,7,"(2, 3)","1,2179507469699755141128334003922256"
scene_10770,8,"(0, 1)","1,452647411032952369119852401637"
scene_12886,7,"(0, 1)","1,3196218857203082634550335214999"
scene_10596,8,"(3, 4)","1,52063318761397159309666726373129"
scene_14118,8,"(0, 1)","1,393000117413437433078780020833"
scene_13834,7,"(2, 3)","1,41002000432077472135463602110"
scene_14713,7,"(2, 3)","1,3511014310433511150124351221762"
scene_14373,8,"(4, 5)","1,20007466353568805065174374630"
scene_12294,8,"(2, 3)","1,3177846721302151091605200218316"
scene_10831,7,"(0, 1)","1,2273458417312676128963241987000256"
scene_12560,8,"(5, 6)","1,2657765841485998779773952059375"
scene_10594,8,"(3, 4)","1,272601277155064913363953630211"
scene_10701,7,"(4, 5)","2,42022467213746145618981985297142"
scene_14856,7,"(0, 1)","1,26317678635024787741589780638401"
scene_14556,7,"(3, 4)","3,10001162354753327314463137458819"
scene_12373,8,"(0, 1)","1,21002000402618020004310132071"
scene_14305,8,"(4, 5)","0,100066894935000571312350002030"
scene_10155,8,"(2, 3)","1,2356792154313732757119543614"
scene_14004,8,"(6, 7)","3,4158684545317408093439409862319"
scene_10018,8,"(5, 6)","3,4401333102955800600615298224513"
scene_14886,8,"(4, 5)","1,3934597313466503271195454806838"
scene_12582,8,"(6, 7)","1,2346535432134345672578112364345"
scene_12994,7,"(2, 3)","1,2304166193548421809976351027448"
scene_13671,5,"(1, 2)","1,36219721601072019099092102102469"
scene_11122,7,"(5, 6)","1,200468938044292200005164397540502"
scene_14068,7,"(0, 1)","3,4352967431006355084450257543634"
scene_13770,8,"(0, 1)","1,2456173229031141031147783309083"
scene_12870,8,"(5, 6)","3,49014126332214013790141483320630"
scene_14943,7,"(1, 2)","1,35110220010001013121400310314111"
scene_14868,8,"(6, 7)","1,23702948632134356631438578421479"
scene_14200,8,"(2, 3)","1,30005429427262200721663625582428"
scene_14133,7,"(0, 1)","1,200067368112550121752768133719"
scene_13915,7,"(1, 2)","1,4843710962845337161520206389137"
scene_14388,7,"(0, 1)","1,2177211053703112673198497182421461"
scene_13881,8,"(3, 4)","1,214545619590078892900320873519424"
scene_11689,8,"(2, 3)","1,27320490110979025563479011405"
scene_13872,8,"(3, 4)","1,2797590918359354678214841864191"
scene_14560,8,"(5, 6)","1,2162243245291813712803307619024"
scene_11597,8,"(6, 7)","1,30731428602500000394229699334"
scene_13643,7,"(2, 3)","1,37061813798413437142884195250280"
scene_11135,6,"(1, 2)","1,82342567222566114672144416173"
scene_11891,8,"(2, 3)","1,211332148429205611742653914578"
scene_13015,7,"(2, 3)","1,216215770017461123820907524390"
scene_14580,7,"(1, 2)","1,445678903326215654431789140523"
scene_11251,8,"(5, 6)","1,413315352715143207475143312021"
scene_11492,8,"(2, 3)","1,2297052684267005154900280029457"
scene_14918,8,"(5, 6)","1,2311011021111020121011011021022"
scene_10724,8,"(5, 6)","1,3134698814452475027811281444795"
scene_10238,8,"(5, 6)","1,310001000101013110001202023011"
scene_14358,8,"(0, 1)","1,497780925931341206844935484481"
scene_13330,8,"(4, 5)","1,2300100030004300000310200043919"
scene_12701,8,"(5, 6)","1,22371324316472327428527163732"
scene_13902,7,"(1, 2)","1,235894345212271674515164494112"
scene_12339,8,"(4, 5)","1,2662146472213491331312314464215"
scene_11553,8,"(5, 6)","1,1301231262113013411030613012"
scene_10296,8,"(1, 2)","1,437014352221190992762142130913"
scene_10544,7,"(1, 2)","1,314566666594680888064183597822"
scene_12943,8,"(3, 4)","1,287298214423153017382144453311"
scene_13555,8,"(3, 4)","1,2353421106345623193352176847"
scene_14782,8,"(2, 3)","1,3304022573312014737861393267235"
scene_11835,7,"(5, 6)","1,4210824123111373191527561216"
scene_12333,8,"(5, 6)","1,22017413314562847416432687157762"
scene_12625,8,"(4, 5)","1,3138804844847858422100039155710"
scene_13647,8,"(1, 2)","1,2145446221111211215362774781255"
scene_10251,7,"(5, 6)","1,112345628011023341199671126331384"
scene_14652,8,"(2, 3)","1,2120425311402703711621110091712"
scene_11662,8,"(6, 7)","1,214423142115961122331107112284"
scene_13286,8,"(6, 7)","1,41151538631391191847907379034"
scene_11066,6,"(0, 1)","1,210920330421504317731071948713475"
scene_14552,7,"(1, 2)","5,21531494035942879709278340380496"
scene_10758,7,"(0, 1)","1,345678910213243646743647891011"
scene_13966,5,"(2, 3)","1,29417362206183266291140483009"
scene_12106,8,"(3, 4)","3,41681285322785189352120562784"
scene_11912,8,"(2, 3)","1,2180153415151834161613161015"
scene_11866,8,"(0, 1)","2,493302347697232454958293245"
scene_14091,7,"(1, 2)","1,219812021294728802501007545074100"
scene_11679,6,"(4, 5)","1,21320591203415388091123802720"
scene_13645,8,"(5, 6)","1,3186906213214346343425051203733"
scene_14641,8,"(2, 3)","1,316936321028534115110307922136"
scene_13642,6,"(1, 2)","1,2135693221121093569345771233518"
scene_14928,8,"(5, 6)","1,2370202105040110901520301959110"
scene_13988,6,"(3, 4)","1,210234567921428119831100803202307375"
scene_13584,8,"(3, 4)","1,41153352172834853730810766318569"
scene_12646,7,"(5, 6)","1,345678910311215221762334483527"
scene_10673,6,"(3, 4)","1,25002743622127199697313676714726"
scene_11677,7,"(1, 2)","1,42063347945187927463064447317"
scene_10794,6,"(2, 3)","1,34562301983456782345225328732"
scene_10590,8,"(1, 2)","3,4643230122384501846234848200"
scene_11002,8,"(1, 2)","1,2"
scene_10640,7,"(5, 6)","2,05431543205437713055272519"
scene_14797,7,"(4, 5)","1,43006292007107442314422945561588"
scene_12019,7,"(4, 5)","1,31802690178323029739028204000800"
scene_14016,7,"(2, 3)","1,36210842804918603107110811475724"
scene_10957,7,"(5, 6)","1,335445456601909353710380763514"
scene_14182,8,"(4, 5)","1,4"
scene_14170,7,"(3, 4)","1,262301627727740351943110139577"
scene_13204,8,"(4, 5)","1,27201034282561412473143424734437"
scene_10961,6,"(3, 4)","1,399137840990345829214112836559128"
scene_14081,8,"(2, 3)","1,2180609277623097194112357920"
scene_10588,8,"(1, 2)","1,22141278943345772976201767749"
scene_11650,7,"(1, 2)","1,41202829193547713458564081217"
scene_11856,8,"(4, 5)","1,2287488183462763071934918362829364"
scene_10832,8,"(3, 4)","1,31374862144301270191746594626208"
scene_11967,7,"(0, 1)","3,230233134230062123042356174450"
scene_11476,8,"(6, 7)","1,220221820122421191120710031201413"
scene_14734,8,"(0, 1)","3,427867493233622511211845676338298"
scene_13927,8,"(6, 7)","1,2147261869454805213453486848298"
scene_10839,8,"(0, 1)","1,215039427492736109671422174717"
scene_14884,7,"(1, 2)","6,22109123534362914973459963779"
scene_11931,7,"(5, 6)","5,42000210021000013000310020000"
scene_13839,7,"(1, 2)","3,5667278175334528897435830568825485"
scene_14879,7,"(5, 6)","1,390001000149099119819211081338"
scene_12785,8,"(3, 4)","1,231314673528674625119018923519674"
scene_14864,7,"(4, 5)","1,33822091504110501147954811518"
scene_11106,8,"(0, 1)","1,314034542253345678901108203014"
scene_14207,7,"(3, 4)","1,27534731310246925427305153361"
scene_10394,7,"(3, 4)","1,38744054230389198313748943352"
scene_11012,8,"(4, 5)","1,4210502235284876107216523062"
scene_10810,8,"(3, 4)","3,28965104112219821003110221414"
scene_12023,8,"(4, 5)","1,3305444610931472141579202269"
scene_12513,8,"(2, 3)","1,210312154316071752112503986276"
scene_11138,8,"(4, 5)","1,33602143175019057374422301128223"
scene_13137,8,"(6, 7)","1,21724079354727722440340855968"
scene_14021,8,"(0, 1)","1,445617120323159563412103242372635"
scene_11972,7,"(5, 6)","2,3"
scene_12817,7,"(5, 6)","1,3211011331232611324212030120112"
scene_10180,8,"(0, 1)","1,232119050371819434119310872706223"
scene_12508,7,"(5, 6)","0,412216863012222378277322117808111"
scene_11026,7,"(4, 5)","1,2632021104340119437310021231970"
scene_10854,8,"(6, 7)","1,42706483673123112335985774226837"
scene_10202,8,"(2, 3)","1,23673134609145642107342549539335"
scene_13177,8,"(6, 7)","1,3222117312226511284103142267563"
scene_11224,8,"(5, 6)","3,411106806232141213355423184"
scene_11609,7,"(2, 3)","1,26763100719821931389337317044"
scene_10256,7,"(0, 1)","1,2189294970080278331638208973422687"
scene_13390,8,"(2, 3)","1,3291740643566574486728742515"
scene_12396,6,"(3, 4)","1,2623036809412150001921320080"
scene_11162,8,"(1, 2)","1,100012029933021029951033012062013035"
scene_10693,7,"(3, 4)","1,6148228311111111111111962459167"
scene_14823,8,"(0, 1)","1,3999418966325065352723056485127"
scene_12376,7,"(5, 6)","1,31012084171126270986142956112823"
scene_11103,7,"(5, 6)","1,236243120211241124215047626"
scene_12677,8,"(2, 3)","1,134562021122353465331002023423"
scene_14213,7,"(4, 5)","1,5900013021025806364939042497"
scene_11040,8,"(6, 7)","1,424132567718324710296872743316"
scene_10163,8,"(1, 2)","1,312310022121312111181029001134"
scene_14405,7,"(4, 5)","1,22133401901104532112747343322134"
scene_14595,8,"(0, 1)","2,1311001151000201070110861150"
scene_11996,8,"(6, 7)","3,4125351420221244136711313066"
scene_10000,8,"(5, 6)","1,3715191000719090921657192360"
scene_14469,8,"(2, 3)","1,221420223112172210712012007219"
scene_11291,7,"(5, 6)","4,320752816169451755178026611711"
scene_13985,8,"(4, 5)","1,333173345234535424354786321453"
scene_14117,7,"(4, 5)","1,234194646005665639130392127271958"
scene_11284,7,"(1, 2)","1,2341022112314211213121311212121"
scene_10875,8,"(1, 2)","1,220434611212204330512486182927"
scene_10559,8,"(2, 3)","1,2174665623466259127430078431145"
scene_12707,7,"(1, 2)","1001,21113221209609692931539226550"
scene_10294,8,"(4, 5)","1,201321610651826811572481231481"
scene_12516,8,"(6, 7)","2,39082112014925278091215716713313"
scene_11174,7,"(4, 5)","0,115131436821272135447019414716"
scene_13936,7,"(0, 1)","3,414735534524597738081712150062"
scene_12729,8,"(4, 5)","1,2104107986224127933348201304815"
scene_12340,7,"(2, 3)","1,43569357036406270513237670067"
scene_10022,5,"(3, 4)","1,434211133532132107414132116414"
scene_13931,8,"(0, 1)","1,369454451161781307553808565049"
scene_10146,8,"(0, 1)","1,2231222231211232143214141212332"
scene_12947,7,"(2, 3)","2,462325403907762165587536549174406"
scene_11018,8,"(6, 7)","1,3369268266733351899455501162379"
scene_10117,7,"(2, 3)","1,3456789101234567123410125678934"
scene_13443,7,"(1, 2)","1,3821133157841531422331195652220"
scene_12767,7,"(0, 1)","21,3769217899444425232178301113084"
scene_14591,6,"(1, 2)","1,214354231353669271532807867154"
scene_14149,8,"(4, 5)","1,291307522271374134911731435"
scene_14249,6,"(0, 1)","1,31012062229697939069273423238345"
scene_13962,7,"(0, 1)","1,26350740284907609118910934545"
scene_10717,8,"(5, 6)","1,24041454323156553100048845462513"
scene_14558,8,"(3, 4)","2,382197264119750512345421071021114"
scene_14866,8,"(6, 7)","1,2145187448535132428826149912464"
scene_11874,8,"(0, 1)","1,22003184186242943105501141651262"
scene_10071,8,"(6, 7)","1,216097389857690453500743131417"
scene_13454,8,"(4, 5)","1,213936558610049987186893891913925"
scene_10061,8,"(6, 7)","1,25218346916255371053567941239"
scene_12223,8,"(1, 2)","1,2931091012345391234676031910740"
scene_13500,8,"(1, 2)","1,23534122234567621165497138421"
scene_12375,7,"(5, 6)","1,2262114458331621181195392544016919"
scene_11745,7,"(3, 4)","1,3135152434411013272847135623107"
scene_10042,7,"(4, 5)","1,235244117730112838746616499560132"
scene_14150,7,"(1, 2)","1,211619033032384525365478590617"
scene_14528,7,"(2, 3)","1,2000101101010011010001011000010"
scene_12051,8,"(4, 5)","3,51965038233634467812329214686"
scene_10331,7,"(4, 5)","1,340207438252037806731331450590"
scene_14981,7,"(3, 4)","1,33552801312345678610231000752539"
scene_10377,7,"(1, 2)","1,2334345671076023607138194278742"
scene_14275,7,"(4, 5)","1,284682635416442419962910002210"
scene_13257,8,"(6, 7)","1,49903303356146237996487240783100"
scene_14749,7,"(5, 6)","1,2251326803193138957891897909212"
scene_10915,8,"(5, 6)","1,26513361999215618584343992613456"
scene_12619,8,"(1, 2)","3,4255699512452948827315393621917"
scene_10436,7,"(5, 6)","1,4219632521691324132624902832"
scene_10730,6,"(2, 3)","3,416824031563916621606109178092"
scene_13768,8,"(3, 4)","1,20009011403521128310340331514"
scene_14465,7,"(5, 6)","1,834878149639661595710224112695798"
scene_11145,8,"(5, 6)","1,2456772782304043412773443265427"
scene_12094,8,"(2, 3)","1,2143122454135678691434241376"
scene_14942,8,"(3, 4)","1,4803028628081636019818141413024"
scene_13122,8,"(4, 5)","1,217214789314288478965742313617"
scene_14532,7,"(3, 4)","1,213435511223314223115234473748486"
scene_11089,8,"(0, 1)","1,3124351123234215287346313542132"
scene_10088,8,"(1, 2)","1,3771446002333507523413354018"
scene_14665,8,"(1, 2)","1,414436357364711221196219961812"
scene_14888,8,"(0, 1)","1,3117483091186987239314355778"
scene_10221,8,"(2, 3)","1,2365045462087853178823561748"
scene_11248,7,"(0, 1)","3,1000721898672084765733315352610"
scene_11201,7,"(4, 5)","3,42110102130136213253416304821"
scene_14789,8,"(4, 5)","1,2742067520295495582729757060867"
scene_14187,8,"(1, 2)","1,3734816173727731154563455744"
scene_11058,8,"(4, 5)","1,2210745283455476110515231019313"
scene_10133,8,"(1, 2)","1,2357107359587151387122452412"
scene_10032,7,"(0, 1)","1,347304835398634179496722232434"
scene_11480,7,"(0, 1)","1,2999217521220919769522352031615"
scene_10225,7,"(5, 6)","1,212410105346541203112161101984"
scene_10858,8,"(5, 6)","1,30878774112551547698122922124"
scene_11076,8,"(0, 1)","2,4362492120212685563146800503188"
scene_10870,8,"(1, 2)","1,375130512815208321112653641705"
scene_14309,6,"(0, 1)","1,2341855913911111387469304280"
scene_11156,7,"(0, 1)","1,262301000038111350164275712043"
scene_14271,8,"(6, 7)","0,34049009941272168848424837064206"
scene_11803,7,"(2, 3)","1,219947314393721984147256320034"
scene_12675,7,"(0, 1)","3,462133271074879122111252144330"
scene_11905,7,"(4, 5)","1,2000300020002100300020001000"
scene_10297,7,"(1, 2)","1,31274238435486874048495948475"
scene_13978,8,"(2, 3)","1,2456789876123426156987401189"
scene_10631,8,"(5, 6)","1,2623035393682709342373195664"
scene_10371,8,"(3, 4)","1,214124101011021101021021102210"
scene_11340,8,"(1, 2)","1,234132621437892355697354486295"
scene_10030,8,"(4, 5)","1,223747701191445528043106847977"
scene_12769,7,"(1, 2)","1,215001153492121721405612301534"
scene_14893,8,"(5, 6)","1,2621403143150314233515631312"
scene_12731,7,"(4, 5)","1,312631138813129514092222605123"
scene_13763,8,"(4, 5)","1,236864320648527293358718985483154"
scene_13675,7,"(3, 4)","1,2012057913274112340877922560019"
scene_13214,7,"(1, 2)","2,423415206883592293512413731932858"
scene_11669,7,"(3, 4)","1,45435365431173204264437873416"
scene_14606,8,"(6, 7)","1,236053411222346665255121221735"
scene_14814,7,"(3, 4)","5,27723792435738057439915617839"
scene_13794,8,"(1, 2)","1,2273187319229317308457150262980"
scene_13607,8,"(0, 1)","1,30001603438131133117311731417"
scene_12252,8,"(0, 1)","1,22110561971000212119902109352114"
scene_14258,8,"(5, 6)","2,4783249336513417624391141623169"
scene_11637,7,"(3, 4)","3,152041493403107352406201810812"
scene_10047,8,"(2, 3)","1,225314431372112297215912586529"
scene_10676,7,"(3, 4)","1,2162150844704644824754544860990"
scene_13446,8,"(3, 4)","1,2621078903120174005906373169135"
scene_11783,8,"(3, 4)","1,03705511177711239972703785899611"
scene_14082,6,"(0, 1)","1,2453453521241015137491128412563549"
scene_11462,8,"(5, 6)","1,31873452942471587880181514762127"
scene_11616,7,"(5, 6)","3,4176220673107351973872158058830"
scene_11315,7,"(5, 6)","3,4122152479082313541108483213112834"
scene_10432,8,"(0, 1)","1,210114516107103304566372142880"
scene_13699,8,"(0, 1)","1,2123642223123421123412212312345"
scene_14468,7,"(3, 4)","1,23456789426112283669077138079"
scene_13351,7,"(5, 6)","2,32513442972799331272342394091713"
scene_10901,7,"(2, 3)","1,32431445623743229398753067950629"
scene_13219,7,"(0, 1)","1,3411021210192462028350535912"
scene_10723,7,"(1, 2)","1,41236414141514431916248461712"
scene_10337,8,"(1, 2)","1,213211912019120230303206191120060"
scene_12185,8,"(1, 2)","1,43020420304170216310730032011102"
scene_10996,8,"(4, 5)","2,473712813051004095749933945397"
scene_11279,8,"(3, 4)","1,2173804510233375356854205082"
scene_13268,8,"(1, 2)","1,2139434567207011204312021014404"
scene_13043,8,"(3, 4)","1,200042354316645030002739482836"
scene_13861,7,"(1, 2)","1,3182132413442374929274492230482"
scene_11182,7,"(2, 3)","1,4300061243083726189311457542"
scene_11330,8,"(3, 4)","1,410408373411815548305102522836197"
scene_13912,7,"(1, 2)","1,414519782536329258005135776425"
scene_13452,7,"(0, 1)","1,21324211976543561288641666346730"
scene_11275,7,"(3, 4)","1,1000840062123059100715904711814"
scene_13836,8,"(6, 7)","1,2345677111012131415161718191"
scene_14066,6,"(4, 5)","1,25946780020329371549425430534144"
scene_10876,7,"(0, 1)","1,3107303294119894022561371898082365"
scene_13484,8,"(0, 1)","3,112739034932062474675654750225"
scene_10293,8,"(5, 6)","1,269406919362682433721303679184"
scene_10056,8,"(4, 5)","1,21379510775453910731935231536"
scene_10474,8,"(6, 7)","1,314599245434519163520002983531996"
scene_13053,7,"(0, 1)","1,300067388919286392197912417570300"
scene_10918,8,"(0, 1)","1,3112811234567100000770035900618"
scene_14815,8,"(6, 7)","2,319542807545327729847359971"
scene_11730,7,"(1, 2)","2,2148301438344031240891720848929"
scene_13934,8,"(1, 2)","0,2133367670112154625020006511438"
scene_14160,7,"(3, 4)","4,116003664938112628849704906724"
scene_10348,7,"(3, 4)","1,49530539658754449166582094553799"
scene_13481,7,"(3, 4)","3,13298222581787931460252304048"
scene_14038,7,"(1, 2)","1,2147493712356208764854395258046"
scene_11157,8,"(6, 7)","1,2160284311134945119917410808710"
scene_13350,8,"(3, 4)","1,31012112321423345672715353852"
scene_11447,6,"(0, 1)","1,216633713298501010071341343374"
scene_10418,7,"(1, 2)","1,21235035313563594710382852459530"
scene_10712,8,"(3, 4)","1,211120211021105101211007201010"
scene_12150,8,"(0, 1)","1,2295002100229989261005942271234"
scene_14803,8,"(3, 4)","0,21841205530218484330702763633"
scene_11658,8,"(2, 3)","1,210610120264135429100853372614539"
scene_14570,7,"(3, 4)","3,2623251076410919263908410770912629"
scene_10101,7,"(2, 3)","1,435071111135683262370910311035"
scene_11613,8,"(3, 4)","1,213415422061715392730195220624"
scene_11434,8,"(5, 6)","1,34567890123410812356720301245"
scene_10759,8,"(5, 6)","1,4421162240453652187337202415411"
scene_14903,8,"(6, 7)","1,2358092184739531961935791989"
scene_13166,7,"(4, 5)","1,2621929171751443900738893921246"
scene_13197,8,"(5, 6)","1,3821573105310347410484853787"
scene_12357,8,"(5, 6)","1,3456214298435284124529459622"
scene_11071,8,"(3, 4)","1,3555457314458975415720478855818"
scene_12893,8,"(1, 2)","1,310002315639941105023192340"
scene_11097,7,"(1, 2)","1,4458655921128493021590217367905128"
scene_12756,7,"(2, 3)","1,262102774484850561124210207743"
scene_12143,8,"(1, 2)","1,23603528622621606878438922350544338"
scene_12216,7,"(0, 1)","1,314426613505000852431322040844932"
scene_12710,7,"(4, 5)","1,59427711437313243924501535496384"
scene_13240,8,"(5, 6)","1,215612316205731322100110601681058"
scene_11982,8,"(4, 5)","1,2427621093801306206284537814422"
scene_11453,8,"(0, 1)","1,37623102510741109693613972021"
scene_10389,7,"(5, 6)","0,1121234652368545300087092073511"
scene_13393,8,"(2, 3)","1,3457578111431207723222605576"
scene_10934,7,"(0, 1)","1,2156302843840438404841747476523"
scene_14851,7,"(0, 1)","1,43213016134515929471578132475150"
scene_14921,8,"(4, 5)","1,421043130226629410914261210292"
scene_10433,6,"(3, 4)","1,3150690908724593922221416429244"
scene_13545,8,"(4, 5)","1,26102112114111102214123113112"
scene_13692,7,"(4, 5)","1,2305303933100017034514132785764"
scene_10078,8,"(1, 2)","4,5142235123512476831021003246576"
scene_13463,8,"(0, 1)",311021423454312213245323443182235
scene_14709,8,"(4, 5)","1,21013040479324260456310351412"
scene_14100,7,"(0, 1)","1,27364339062548374629162146434"
scene_11244,7,"(1, 2)","1,3743327020212079758130638236277"
scene_10402,7,"(0, 1)","10,31331705482631331968211767211012"
scene_13002,8,"(4, 5)","1,2147000100041361012013123504823"
scene_11188,8,"(0, 1)","16,120202021202020202020202020"
scene_14099,5,"(1, 2)","1,3341171440602025854536142078"
scene_12758,6,"(3, 4)","1,4234234314431341321344213245"
scene_12055,8,"(0, 1)","1,2536937854679135848116821124"
scene_14882,7,"(4, 5)","1,2201234130904256779563912878112345"
scene_10010,8,"(1, 2)","1,312345684211335292112456598734"
scene_13109,8,"(4, 5)","1,2135653459371870572561025943565"
scene_12828,8,"(4, 5)","3,490222730345307565119860831514"
scene_12610,8,"(0, 1)","1,2622722626774507300325274180934"
scene_14932,7,"(4, 5)","1,2169534521434510240472306075"
scene_10847,8,"(0, 1)","1,2250360010034523771462103444000"
scene_13605,8,"(3, 4)","1,362021012352981443520368892245"
scene_12397,8,"(5, 6)","1,32166016094320260293843452425"
scene_12464,7,"(4, 5)","1,3153682118927552752218043608"
scene_12849,8,"(4, 5)","1,100021134515782700937349282608"
scene_13721,7,"(4, 5)","1,34567891012131415161718192022"
scene_13304,8,"(2, 3)","1,3555555554965980553441304041"
scene_10892,8,"(2, 3)","1,31953169227597068622523640989"
scene_11714,8,"(1, 2)","1,234210410821124128218775190849503"
scene_10364,7,"(5, 6)","2,31815761421198632987070248619"
scene_11748,8,"(5, 6)","3,230776743128212844774002168820"
scene_14205,7,"(2, 3)","3,45678967891126351234567901234"
scene_13269,8,"(1, 2)","1,3163329149157400621411652025006"
scene_12104,7,"(2, 3)","1,3023456212310567315481666165345"
scene_13544,7,"(3, 4)","1,2457085633550297827817145078375"
scene_14950,5,"(1, 2)","3,4366361041309437556013468583146"
scene_14030,8,"(5, 6)","1,24311000000000000000000052200"
scene_13784,7,"(5, 6)","1,212312421344524134535241435346"
scene_14542,7,"(2, 3)","3,4290115415365587676112594489"
scene_10428,7,"(3, 4)","1,24567878998746878681717207853"
scene_13964,8,"(2, 3)","1,222224628291361843132717893469735"
scene_12774,8,"(6, 7)","1,336084044029230468028546523409"
scene_10799,8,"(0, 1)","1,2180991023568045216211357816481"
scene_10743,6,"(0, 1)","2,110100010001011000000011000000"
scene_10084,7,"(3, 4)","26,162794180314104578352985731604"
scene_10096,8,"(4, 5)","1,3754490263870633549009705467917"
scene_13220,5,"(0, 1)","1,309542000932478542427887838"
scene_12888,7,"(0, 1)","1,402105347931343063237318876729826"
scene_12740,7,"(4, 5)","1,3143633253101167237874237664"
scene_12792,8,"(1, 2)","1,214714355312344698532466395119"
scene_13095,8,"(4, 5)","1,213549202035783731520614523112159"
scene_10552,8,"(2, 3)","1,2169235621127945639303141291638"
scene_13922,8,"(1, 2)","1,37436149724736346833108112344"
scene_11981,5,"(2, 3)","1,3456789012345678901234567890123456"
scene_10268,7,"(0, 1)","1,2346785239411233710591424896230"
scene_12180,7,"(1, 2)","4,6223657611395050215212137948519"
scene_11075,8,"(2, 3)","3,42562107402813942797477691229"
scene_12380,8,"(2, 3)","3,48701056133104727188711877052"
scene_14241,7,"(1, 2)","1,214514632542028812264740122641402"
scene_12486,7,"(3, 4)","1,29993999139954112581573604098"
scene_11953,7,"(4, 5)","1,257292216677447921172928621478"
scene_11319,7,"(5, 6)","1,21602535902031078469380164520"
scene_13994,7,"(2, 3)","1,3463620744223967115918376076"
scene_12611,8,"(4, 5)","1,31030334401135544738130530561964"
scene_11636,8,"(6, 7)","1,356233320311012061128333242120"
scene_13098,8,"(5, 6)","1,216213153378919451322119411973"
scene_14461,5,"(0, 1)","1,469352110153910846165210048088"
scene_13067,8,"(5, 6)","1,310767259630673128454404162302616"
scene_13563,8,"(6, 7)","3,45099317545843119883152063119888"
scene_10052,8,"(4, 5)","1,21331071031826182534929455522768"
scene_10473,8,"(2, 3)","1,21554345607216302119310944733777"
scene_12249,7,"(5, 6)","1,2107202300490568069495082789912"
scene_12599,8,"(0, 1)","0,76224646350427431905884919879"
scene_12193,6,"(1, 2)","1,2169481822773089441181306250960"
scene_14863,8,"(2, 3)","3,549162004204180220303106312545"
scene_11900,8,"(0, 1)","1,238314083411081234564115376762"
scene_13121,7,"(0, 1)","3,136625482445982212150611253315"
scene_10320,8,"(5, 6)","1,260942789027103914782880938007"
scene_13851,7,"(4, 5)","1,213923708017959356912433576317"
scene_10873,8,"(1, 2)","1,216211541392610203914311342236"
scene_12243,8,"(2, 3)","1,4"
scene_10097,6,"(2, 3)","1,43014302431526983245671234567"
scene_11150,6,"(4, 5)","1,36026931254055858031824497068"
scene_13258,8,"(1, 2)","1,2273110191101121680031142102010"
scene_13620,7,"(5, 6)","1,610430363312203154847236427957"
scene_13206,7,"(2, 3)","1,2396311541827131925401417439"
scene_14314,7,"(1, 2)","1,210110201611020311070002202201405"
scene_11408,8,"(5, 6)","1,254452614202568302842556137429"
scene_11399,8,"(5, 6)","1,3769073161472323054327524456"
scene_13441,8,"(6, 7)","1,25436123544734721469723061198"
scene_12415,8,"(2, 3)","1,21801141191325476792188230325307"
scene_11197,7,"(4, 5)","1,299001000000000211110220004277"
scene_11708,7,"(3, 4)","7,3202131656327313315248788040941"
scene_13528,7,"(2, 3)","1,423314433365858861272132457827"
scene_10196,6,"(0, 1)","1,21231505984688223487472756239"
scene_13677,8,"(0, 1)","1,2107108539211311201403181104102200"
scene_12624,8,"(5, 6)","2,362000371852033124032791891134"
scene_14097,7,"(3, 4)","1,213725778851690911221113992083"
scene_12269,8,"(6, 7)","1,365468107214785461587109333672"
scene_10490,8,"(2, 3)","1,20001198219119888301442111132"
scene_14425,8,"(0, 1)","1,24"
scene_12840,8,"(0, 1)","1,212434151721354312462902146735"
scene_11623,7,"(2, 3)","1,214315017478914067721872943117423"
scene_13707,7,"(1, 2)","1,2841655357315077846849485639"
scene_11682,7,"(5, 6)","1,3000340940582685185185185185212"
scene_13635,8,"(2, 3)","1,212345621340842561019539361878"
scene_11581,8,"(1, 2)","1,32704570185670702228488679459195"
scene_11116,7,"(5, 6)","3,420430501572131224191792342336"
scene_13726,7,"(3, 4)","1,39017102535781791031802035110214"
scene_10392,7,"(4, 5)","1,41762196216211799127163546112868"
scene_13418,8,"(5, 6)","3,436334541202321023072518817812202"
scene_10086,7,"(3, 4)","1,269232432055476861753606315"
scene_11335,8,"(4, 5)","1,5200273902440158951603525357928"
scene_13596,7,"(0, 1)","1,21012103114233545091124132345859"
scene_13543,7,"(0, 1)","1,23541367274895342148765342128393"
scene_11141,7,"(0, 1)","1,1000712316446951241986238567593"
scene_13376,7,"(5, 6)","1,3122891267400754482350666746822"
scene_13822,7,"(1, 2)","1,3223975180659954202247367712345"
scene_10650,8,"(4, 5)","1,20004523811766052562261413421243"
scene_12902,7,"(0, 1)","1,2144234130791851274139007918932"
scene_11917,8,"(6, 7)","1,2345678901011121416181921122"
scene_14578,7,"(2, 3)","1,3120000103000006400000000020400"
scene_13824,8,"(4, 5)","1,412332413242243444543644456748"
scene_13996,6,"(4, 5)","1,216620210492767614497345472913"
scene_14766,8,"(1, 2)","1,2851428351826133454132541156"
scene_10041,7,"(3, 4)","0,206671011062991310855866884322999"
scene_14853,7,"(1, 2)","2,3621241121384144869354746123"
scene_13797,8,"(0, 1)","1,2644110120000212000000011210000"
scene_14312,8,"(2, 3)","1,41280345113331437116000212460833"
scene_14438,8,"(2, 3)","1,71394736847594443482997329051603"
scene_10999,7,"(0, 1)","3,245678901012345678901234506780"
scene_10073,8,"(2, 3)","1,14562030300313210392314431426"
scene_12932,7,"(1, 2)","1,311985256100011238034580770160"
scene_13093,8,"(5, 6)","1,362305106304067311016056956514"
scene_14134,8,"(1, 2)","1,2675370351236283247478743753435"
scene_11405,6,"(0, 1)",9999448084444794969606766589273583
scene_12160,7,"(2, 3)","1,30003000300070002000100027300"
scene_11975,7,"(4, 5)","1,21041503003815096310327284200317"
scene_11831,8,"(6, 7)","0,2182850799313319789082140132213"
scene_13856,7,"(3, 4)","1,2003151762617052086694379353039"
scene_13055,8,"(4, 5)","1,2989911124554508191041354018411"
scene_11767,7,"(5, 6)","1,215547204128996214251173374963737"
scene_12454,8,"(1, 2)","1,27766218935116282327429878354940"
scene_12350,7,"(1, 2)","1,313435351427346854631552881441125"
scene_12983,8,"(6, 7)","1,313733734582064288594192134806015"
scene_13086,8,"(1, 2)","1,37320781194190817637090073035179"
scene_12482,8,"(6, 7)","1,7297636763116611447948262573"
scene_13168,8,"(6, 7)","1,2133146130613014130274612746128"
scene_14308,7,"(1, 2)","1,21062106210621062106206206206206"
scene_14313,8,"(3, 4)","1,21473668342100222647004473043331462"
scene_10484,7,"(0, 1)","1,2166135986184521126354085312345"
scene_11983,8,"(1, 2)","3,130435336427034431835355803555"
scene_10861,8,"(5, 6)","1,212542123410361071214308273514"
scene_10482,8,"(2, 3)","1,20007634311071531249742702389294"
scene_14757,7,"(3, 4)","1,211931801201191118623639253624"
scene_13539,6,"(1, 2)","1,3067711449907210001196217580"
scene_12496,8,"(2, 3)","1,34567906176543124382817392335"
scene_10266,7,"(1, 2)","2,3172194194476916922081041908716935"
scene_14627,7,"(5, 6)","1,213515154914202812314803412419"
scene_12565,8,"(0, 1)","1,211112112111311202253211142442"
scene_10431,7,"(3, 4)","1,411917192691115013038680029561"
scene_14379,8,"(6, 7)","4,21289234111420742680212021022"
scene_13158,8,"(0, 1)","0,100074773774140190480445176712"
scene_11028,7,"(3, 4)","2,3"
scene_11744,7,"(1, 2)","0,32120463997644041528501176262198"
scene_12451,7,"(1, 2)","1,216923455678902739502876844797"
scene_10931,6,"(3, 4)","1,3235496357613429241718467532564"
scene_12203,8,"(2, 3)","1,4173630405297003630212264392231"
scene_12115,8,"(2, 3)","2,4662615135300558537223188430258"
scene_12314,7,"(1, 2)","3,41979035481410894847621221266"
scene_11533,6,"(1, 2)","1,3456789210733260119143333145246"
scene_12920,7,"(0, 1)","4,211233211904012390121023111021"
scene_14166,8,"(5, 6)","1,22633355613234119529474822230132"
scene_11651,7,"(1, 2)","1,345679111349517481748720073676"
scene_11358,7,"(3, 4)","3,4961239013561049009564674112"
scene_13821,8,"(2, 3)","1,3983593422896428512328738389355"
scene_13679,8,"(2, 3)","1,2354936124141763134013132413201"
scene_12948,8,"(6, 7)","1,214423513255413020632064523634"
scene_11663,7,"(0, 1)","1,216823521768980045683752904030"
scene_13265,8,"(6, 7)","1,23456780293100081236465690200011"
scene_12377,8,"(2, 3)","1,377354530523525293508737011042"
scene_12073,8,"(2, 3)","1,22014211331311920431784262317"
scene_11709,8,"(5, 6)","1,212345678978932518410727354965106"
scene_10036,7,"(4, 5)","1,2147346343594965545200024154866850"
scene_11080,8,"(3, 4)","1663,2119119820216614663012919523914"
scene_14153,7,"(5, 6)","3,445206114345698301221050760060"
scene_13432,8,"(6, 7)","1,356133113135423413017246210829"
scene_12863,7,"(4, 5)","4,21010181420211522212041021071216"
scene_11292,4,"(1, 2)","1,24567890123435698767122452368"
scene_12976,7,"(0, 1)","1,423424316234314854163422346312"
scene_12639,8,"(0, 1)","1,212021331341151231323132134110"
scene_10143,7,"(2, 3)","1,2300419119694303413092008209890"
scene_12881,6,"(1, 2)","1,262808112311476056132859736069"
scene_13869,7,"(4, 5)","1,2134373687923437763189074146448"
scene_14809,7,"(2, 3)","1,3912053307019351457873601122"
scene_14862,8,"(0, 1)","1,3785621542335249845254784124752128"
scene_12075,8,"(0, 1)","1,3887312315113257416147146062210"
scene_11699,7,"(4, 5)","1,218110521892442115595310631569"
scene_10897,8,"(3, 4)","1,2733263881321641419796393051245"
scene_14587,6,"(2, 3)","3,4262140102928289779233100100033067"
scene_13085,7,"(5, 6)","1,1942313271394215212082260319914258"
scene_11755,8,"(6, 7)","1,5104122713162210220151093512049"
scene_12773,7,"(2, 3)","4,120261417922131415991557092487"
scene_10283,6,"(3, 4)","1,289176911154110481000204360201"
scene_12754,7,"(4, 5)","1,21703342162195918569945787023"
scene_10065,8,"(4, 5)","1,264783419345124980167323112298"
scene_11059,8,"(0, 1)","0,213340311072347106181017017453162"
scene_12744,8,"(3, 4)","1,368948391027280210767153422044"
scene_10305,8,"(4, 5)","3,114090131034033345913423973499"
scene_12488,7,"(1, 2)","1,2623030411211423051324314191"
scene_14977,8,"(2, 3)","1,3112314142110322033344544445"
scene_11354,6,"(0, 1)","1,2"
scene_13222,8,"(5, 6)","1,4301342917891961235138251842345"
scene_10007,8,"(3, 4)","0,347705723124311992198146147739"
scene_10104,8,"(0, 1)","1,2999950952277128849562113475"
scene_11406,7,"(4, 5)","1,31031210331062545366212441452"
scene_10534,8,"(6, 7)","1,478460913422316130090290027475"
scene_14829,8,"(4, 5)","0,210345612345676280474120597836"
scene_13798,8,"(5, 6)","1,115265621425261135119223241347"
scene_13270,8,"(5, 6)","1,23471085672626923242132726332564"
scene_11851,8,"(5, 6)","4,100020003201334435871313311101"
scene_13540,8,"(5, 6)","1,2834512324568767345349796412970"
scene_13709,8,"(5, 6)","1,43144523313021484342220308082"
scene_12251,7,"(1, 2)","4,2061717359491713584680320023"
scene_12887,8,"(2, 3)","1,22287360382063254332364320427376"
scene_12183,7,"(3, 4)","1,216434834566248310857457846664"
scene_12393,8,"(0, 1)","1,228672600002754117999001828908"
scene_13878,8,"(5, 6)","1,3756502153901231341157220428672144"
scene_12575,7,"(2, 3)","1,2672062140944211283512385854"
scene_10008,6,"(4, 5)","0,202132434897411283541128258028"
scene_14114,8,"(2, 3)","1,21813214103136411273534379289540"
scene_14080,8,"(5, 6)","1,21122332104313314130216225534304"
scene_13209,8,"(6, 7)","1,411011013023011011013011013012510"
scene_11768,6,"(0, 1)","1,219791061478427883300307318927"
scene_12036,8,"(5, 6)","1,43626423074255100062182927517260"
scene_14959,7,"(2, 3)","1,2711964911945162198223066522312"
scene_12234,6,"(4, 5)","1,2110151403203330528451374731785"
scene_11239,7,"(2, 3)","1,216948303437223030478161612130"
scene_10825,8,"(5, 6)","1,23843455115192234567112837661820"
scene_10894,8,"(3, 4)","3,4393026103410372113122925521128"
scene_12940,8,"(2, 3)","1,219712513130222210418417441261286"
scene_14897,8,"(3, 4)","1,235810977234834562941734265036"
scene_12972,7,"(5, 6)","3,416282870262625879295382705988"
scene_14168,8,"(2, 3)","1,3118492105107912731429010755822"
scene_14424,8,"(4, 5)","1,43421162701173456728533108213244"
scene_10916,8,"(1, 2)","4,13062149034144457677918694987"
scene_11370,7,"(1, 2)","1,2352637029379240989217383380237"
scene_11855,6,"(3, 4)","1,36230347164337895561142123654312"
scene_10092,7,"(5, 6)","1,217066704407102200017918498001535"
scene_13079,8,"(3, 4)","1,21033902535235256141985876854278"
scene_10167,7,"(5, 6)","3,1000919720001198200080008000"
scene_10709,8,"(5, 6)","1,236943146211359851351473994797"
scene_10923,7,"(1, 2)","1,21531080228055294311184087725"
scene_14836,7,"(4, 5)","1,2360033002313317731418263253"
scene_11954,8,"(4, 5)","1,2666111331234235769912454783432"
scene_14564,7,"(2, 3)","1,3223143171417145413521213128537"
scene_10969,8,"(3, 4)","1,2679390412645674854674306629479"
scene_12664,7,"(4, 5)","1,21462254330211317971417632210969"
scene_14132,8,"(6, 7)","1,212761384781534635002351844700"
scene_10814,8,"(0, 1)","1,21861134547639419031214206114112"
scene_11705,8,"(2, 3)","1,283002100000000713854348004186"
scene_11169,8,"(2, 3)","1,8954432334567491209747952222"
scene_12097,8,"(1, 2)","1,2166242421256306869742774067833"
scene_11132,8,"(3, 4)","1,318018331810200010003000402003"
scene_11167,7,"(4, 5)","0,11123123123123123123123123123123123123"
scene_12728,8,"(4, 5)","1,4302363324182107214017087892939"
scene_13786,7,"(5, 6)","1,308434621012239851107018567"
scene_13553,7,"(2, 3)","1,23132456789071690735873914023726"
scene_11450,6,"(3, 4)","4,2468862112319132458862102274200"
scene_11515,8,"(3, 4)","1,2357364093411262157310942878"
scene_10837,8,"(3, 4)","1,21862213411222454723112225411262"
scene_10051,8,"(5, 6)","3,4193567159378484663736272833"
scene_11514,8,"(1, 2)","0,11561873596732112619851942838009"
scene_12293,8,"(4, 5)","4,31874875703711911988509353272396"
scene_14239,8,"(3, 4)","1,24215145633511921455314292798"
scene_11776,8,"(6, 7)","1,21023024493637138400007206916196"
scene_14705,8,"(6, 7)","1,42421207380217602912345628031"
scene_14297,8,"(5, 6)","1,2342331322123443324233242332423"
scene_12107,8,"(1, 2)","1,4871618621334234143112453529"
scene_14651,8,"(5, 6)","1,52931693519272154338966262928410"
scene_10583,8,"(0, 1)","1,3141233312346225342342122534"
scene_11369,7,"(2, 3)","1,21723549573135316148724378949"
scene_13255,7,"(4, 5)","1,21072334567357926877941943294798"
scene_12308,7,"(5, 6)","1,27826263356375645888243167752727"
scene_10519,8,"(5, 6)",789198384472105275019382687419135415
scene_11985,7,"(4, 5)","1,214577245773597745863471363426625"
scene_13062,8,"(2, 3)","1,41853311012810252798411041379739"
scene_10162,8,"(0, 1)","1,269344340213211023210004041210046"
scene_12658,8,"(6, 7)","1,314733002216544194399169923615"
scene_11779,7,"(1, 2)","1,23130635029521665246217281197"
scene_11233,8,"(5, 6)","1,234556101112342678980135484732"
scene_12814,8,"(2, 3)","3,161315134850822214692333198469"
scene_12369,7,"(1, 2)","0,0227237278421107166726011609414"
scene_13223,7,"(1, 2)","1,21354586293542251183191527897"
scene_13346,4,"(0, 1)","1,351963036033611284595919343085"
scene_13119,8,"(0, 1)","1,27082133513531123456214543463"
scene_12276,7,"(0, 1)","1,4169455206784734110394721983191349"
scene_11808,8,"(1, 2)","0,1221089226826335364399854598"
scene_14009,8,"(3, 4)","1,414039483947149312087429294611"
scene_10620,7,"(4, 5)","1,2197638119821546424112854631260725"
scene_14404,6,"(0, 1)","3,24538025362191124035472162579244"
scene_11977,8,"(3, 4)","1,453904311111984312102735231128"
scene_14474,8,"(3, 4)","1,42211269361832474921269361472"
scene_10454,8,"(5, 6)","1,22132174312087133175745232023"
scene_11273,8,"(4, 5)","1,21234059562109143110456011411460"
scene_13018,7,"(1, 2)","1,214420412345627302401707226672508"
scene_11643,8,"(5, 6)","1,462207060412028032503176462253"
scene_11148,7,"(5, 6)","1,21918013111922114322433121331"
scene_13865,8,"(3, 4)","1,3199039285745168702072809928"
scene_12583,7,"(3, 4)","1,2333435412031074741202221023703"
scene_14022,6,"(3, 4)","5,2513436768318468497864318524739"
scene_14078,6,"(1, 2)","1,210631302146210565104353065281128"
scene_13281,7,"(1, 2)","1,2000120304331120304331200304300"
scene_12821,8,"(5, 6)","1,362137935405426143744012066481"
scene_11781,8,"(5, 6)","1,225556526002344461176250530"
scene_12032,8,"(0, 1)","1,230510422351230351023815422443"
scene_13292,8,"(6, 7)","1,245612346890173652149831752043"
scene_12963,6,"(0, 1)","3,414530461420842076955345792057"
scene_13263,7,"(3, 4)","1,3617549831314065151603451035"
scene_11215,7,"(1, 2)","1,3"
scene_12191,8,"(1, 2)","1,28619223058357610231520278389"
scene_13262,7,"(5, 6)","1,34567313457216235691073485234115"
scene_14965,8,"(4, 5)","1,21379836276213741923003432314"
scene_13218,8,"(3, 4)","7,9123452311731234861015972233"
scene_13897,7,"(0, 1)","1,2821435461374112304803374836479"
scene_14026,8,"(4, 5)","1,314420813040011831822362323305831"
scene_14835,8,"(1, 2)","1,4508127890110205872181810748546"
scene_10731,7,"(0, 1)","1,26036924767620256501511389079548"
scene_12807,7,"(3, 4)","1,21456673305334530669878362610"
scene_14483,7,"(1, 2)","1,161022474936214858773071172748722"
scene_12875,8,"(6, 7)","1,3693840569301811038359407740839"
scene_11666,8,"(3, 4)","1,2204625110360111810403101149238"
scene_14963,8,"(5, 6)","1,234522222161404330518424331584"
scene_12470,8,"(4, 5)","1,273178816873648600538332378577"
scene_12372,8,"(4, 5)","1,282243423120314451973671329692150"
scene_10393,6,"(4, 5)","1,3100423532621110928738448435606"
scene_11382,8,"(2, 3)","3,13732431435029142834101006035"
scene_13387,6,"(3, 4)","1,234413321444337251728394166852"
scene_12606,8,"(4, 5)","1,25517384229314233014244430174"
scene_10774,8,"(6, 7)","1,4113871191113453708361861400046"
scene_12937,6,"(4, 5)","1,2200420030003910004002000107000400"
scene_11771,5,"(3, 4)","1,266359433454271962859333331419"
scene_13844,7,"(4, 5)","3,45615354361205979393582642200173"
scene_10108,8,"(3, 4)","1,2370236224222516332345342156723"
scene_13810,7,"(1, 2)","1,47478478521568623679494494940139"
scene_13033,7,"(5, 6)","1,215624387678134273378738021783"
scene_10603,8,"(6, 7)","1,874352788547672763900967469478"
scene_11526,7,"(3, 4)","1,2103131412345636478987657351214"
scene_10742,8,"(3, 4)","1,27215011015266212104073112496"
scene_11124,7,"(2, 3)","1,26214056228096911201237894008730"
scene_13019,7,"(1, 2)","1,41441844646614144802754271464"
scene_12233,6,"(2, 3)","1,23456789012346578910234512067"
scene_11847,7,"(4, 5)","9,3000354313621752119171095364200"
scene_10776,7,"(3, 4)","2,42212326366135353711315363549614"
scene_10602,5,"(1, 2)","1,43541235389411237995314313538923"
scene_14202,8,"(2, 3)","1,3183515403182483693011223903012"
scene_14410,7,"(3, 4)","1,345678221120630431746124105724"
scene_12770,7,"(0, 1)","1,4221841321259149332151974330"
scene_10470,7,"(5, 6)","1,462111235321111101031070021011"
scene_12027,6,"(2, 3)","1,2134456789012346567342137462837"
scene_12256,7,"(1, 2)","1,234567881011121314152163317"
scene_14430,8,"(2, 3)","1,31803040621460401524854115330"
scene_12008,8,"(2, 3)","1,21337224361392784720043491242580"
scene_13619,7,"(2, 3)","1,250502107197743706811985117051555869"
scene_11551,7,"(4, 5)","3,42120353347183130669183140460"
scene_13889,7,"(0, 1)","1,2351412315073945562673104825"
scene_10834,8,"(1, 2)","1,2196331154125638998270230234049"
scene_14770,7,"(1, 2)","1,3999323001201910007983453693093429"
scene_11513,8,"(1, 2)","1,411332211213411313211321114110"
scene_10264,7,"(3, 4)","1,2177211074729503668903558929415"
scene_13340,8,"(5, 6)","1,4380314232503764011249203074"
scene_13007,8,"(1, 2)","1,21077854352314422411961483980197"
scene_10643,8,"(5, 6)","1,2456789012101314151618192233"
scene_10206,8,"(1, 2)","1,2137344567290110310204111282951"
scene_10446,8,"(0, 1)","1,2839089141360440933571241820618"
scene_10700,7,"(3, 4)","1,26894738649154548333483130213535"
scene_14701,8,"(3, 4)","3,19310141135362181231429309318"
scene_14398,7,"(2, 3)","1,3164952123449222132431392852"
scene_10043,8,"(4, 5)","1,4163677002200575920030298688739"
scene_11535,8,"(3, 4)","1,27915492335483262308353042837"
scene_10197,8,"(3, 4)","1,420229345461987213731150734576"
scene_12401,7,"(0, 1)","1,2414051839752134120612473436300"
scene_12322,8,"(1, 2)","3,400013523029661296349380890670"
scene_11813,7,"(3, 4)","1,24214073436071435340433123451627"
scene_14572,8,"(3, 4)","1,4133166785581353666612233541529580"
scene_13242,7,"(4, 5)","1,7284121730382327297221286653959"
scene_10150,7,"(5, 6)","1,2134334364125434119851682486873"
scene_11336,8,"(0, 1)","1,46411022402305519814554213626844"
scene_13427,8,"(6, 7)","1,41731106131320418162112115012"
scene_11653,7,"(4, 5)","1,29957876862253453178598329126312"
scene_11857,7,"(3, 4)","1,0170873505085751691392601289"
scene_12922,8,"(3, 4)","1,412310822642213242101036242345"
scene_10515,8,"(0, 1)","1,5913274380270074339831706044124"
scene_10035,8,"(2, 3)","1,214528283551302851326461525143"
scene_14553,8,"(2, 3)","1,216030186633456493134400414076"
scene_12903,7,"(3, 4)","1,39112477216939585612260884776"
scene_10080,8,"(6, 7)","1,2426435002142158012543010530120"
scene_14053,8,"(6, 7)","1,3142173731661313529392975634550"
scene_14634,8,"(3, 4)","1,4245293130123531103112352914"
scene_12730,7,"(4, 5)","1,61453739250265473359754461069102"
scene_11401,8,"(5, 6)","3,42527411226006144762102101110"
scene_12659,8,"(5, 6)","1,4369354041111110543414431275238"
scene_12936,8,"(4, 5)","1,22334551123123124311314243643214"
scene_13486,8,"(6, 7)","2,4511124110927033112312313246157309"
scene_10429,8,"(4, 5)","1,2675434318453428871249106743"
scene_12735,8,"(1, 2)","1,210611140132313333399189223938"
scene_11618,5,"(3, 4)","2,320623921327014217166153472067375"
scene_14547,8,"(1, 2)","1,27892744374618592078439721237"
scene_13141,6,"(2, 3)","1,229616664270620521307925950423452"
scene_10232,7,"(3, 4)","1,331794429626465145967249974"
scene_10978,8,"(3, 4)","1,3120727399058721143110408290828"
scene_10775,7,"(0, 1)","7,8101108228941303921651773801159"
scene_12581,6,"(3, 4)","1,2333344225664375689913101564870"
scene_12348,7,"(2, 3)","2,312314124549188936210000000000"
scene_10352,8,"(5, 6)","1,37132152110121714033731345127"
scene_10685,8,"(5, 6)","1,42143151215143514431423345454"
scene_13474,8,"(6, 7)","1,3123414423529124535466189783264"
scene_10827,7,"(3, 4)","1,313710483372200357247574202233"
scene_10684,8,"(5, 6)","3,41924678413542149587235046835"
scene_10855,8,"(1, 2)","1,29414431213482835689354014300"
scene_12752,8,"(6, 7)","1,2134744623012323650344924418"
scene_14603,7,"(3, 4)","1,219631628048536654310892721676"
scene_14902,7,"(1, 2)","1,211566559774541592235220513795479"
scene_13046,8,"(4, 5)","1,43597849779734632063313081045485"
scene_12776,8,"(4, 5)","1,31124444223444112114100373434174"
scene_13215,8,"(0, 1)","1,36663037699248477773460867853702"
scene_10800,8,"(3, 4)","1,3133736116129012319409422183906"
scene_14280,7,"(4, 5)","3,440535446264364920613548252978"
scene_12590,8,"(4, 5)","1,316632682351000100023110011000"
scene_12837,8,"(5, 6)","5,11012049265817350406511284400310"
scene_14505,6,"(0, 1)","1,2354528142393484323843170172608"
scene_10457,8,"(0, 1)","1,235621158312462021101031911010"
scene_13256,8,"(5, 6)","1,43000001017039610267701500010000000"
scene_12245,8,"(3, 4)","1,4356720356585609786978331127507"
scene_12118,7,"(1, 2)","0,25201425884013023263832467859913"
scene_10380,8,"(6, 7)","1,2121346112828128314524446722225"
scene_10189,8,"(3, 4)","1,2349676215482407794514431276"
scene_14919,8,"(1, 2)","1,5622356627284426311022939085"
scene_14093,8,"(0, 1)","1,21266223031123411231234112312341"
scene_10658,6,"(2, 3)","1,23456810121519273436505869"
scene_12329,8,"(3, 4)","2,4133143552101711311026140527"
scene_12550,8,"(2, 3)","1,240082331116090030105402012007"
scene_13941,5,"(1, 2)","1,262143484985031376540772171123325"
scene_11278,7,"(3, 4)","1,288741309118994048333689742403529"
scene_13426,8,"(2, 3)","1,3196231000711530218472824902912"
scene_10408,8,"(2, 3)","1,221736118212311334217334132109"
scene_14060,8,"(6, 7)","1,26967521431330164235423711269"
scene_11942,7,"(3, 4)","1,20693501303441421631213475914522212"
scene_14982,6,"(2, 3)","1,316478690526819547087210046491603"
scene_12529,8,"(6, 7)","4,1897722214477132088314434931197154"
scene_13035,7,"(3, 4)","1,216345281815543167829592384626"
scene_13617,8,"(2, 3)","7,3125404256225010573108443306066288"
scene_11070,8,"(6, 7)","1,22569975311064155351337288935"
scene_14174,8,"(0, 1)","1,569291411883628491721022473878"
scene_11454,7,"(3, 4)","1,331107024551012227910322424"
scene_13497,8,"(0, 1)","0,310815078942143482968134600260834"
scene_11796,8,"(5, 6)","1,468975410273006174399273906983112"
scene_14998,8,"(4, 5)","1,200027723354267925793906157912627"
scene_14443,8,"(0, 1)","1,28390232423014236344161429920430"
scene_11809,7,"(2, 3)","1,2303243456789012131415161819"
scene_10641,7,"(1, 2)","1,35584911035020850754347978119210"
scene_12974,6,"(0, 1)","1,235439293421605377139383575667"
scene_10887,8,"(6, 7)","1,21447842312326935785031331164112"
scene_11207,8,"(5, 6)","1,41157728453011731508540730535"
scene_14342,8,"(0, 1)","1,3370534502250643016740433125468"
scene_14541,8,"(6, 7)","1,398247584252132328568079836435"
scene_14178,7,"(0, 1)","1,3790034530743033190364206120"
scene_11933,8,"(1, 2)","1,31011452112348122045233141525"
scene_12491,7,"(1, 2)","1,2304345670023112578126384611789"
scene_11230,8,"(6, 7)","1,225064343016354673016154541614"
scene_11659,8,"(0, 1)","4,1000256579127430315696656729908"
scene_10586,6,"(4, 5)","1,2243456710831290472334352465"
scene_10403,8,"(1, 2)","1,409223611241891962128221207515"
scene_11836,7,"(1, 2)","1,4221207214235520385873153084"
scene_10098,8,"(1, 2)","1,4694791927811011047218110295023"
scene_10956,7,"(3, 4)","1,412345673456543456720341234345"
scene_11654,8,"(5, 6)","1,21412343455667888910111314154"
scene_10288,7,"(0, 1)","1,01511081507349034479701992102102"
scene_10677,7,"(4, 5)","1,311334422111122423731123154132"
scene_11564,7,"(1, 2)","1,4358369480942311980441020037623"
scene_11303,8,"(3, 4)","1,3156287112694270728156287112847"
scene_11987,8,"(5, 6)","3,4366745048140295146264881116"
scene_11384,8,"(2, 3)","1,21451514251147923583123184431750"
scene_13953,7,"(2, 3)","1,5621411463038588794641541701559"
scene_13971,8,"(1, 2)","1,3121403101502191351243830814849"
scene_10420,8,"(4, 5)","1,39078933434567400820615293740"
scene_11814,7,"(4, 5)","4,3120921021510130020634978922270140"
scene_12548,8,"(5, 6)","1,21234567810121314151617181920"
scene_12265,8,"(5, 6)","1,412332345456728993110715184613"
scene_11548,7,"(0, 1)","1,3441114221303810939005899106505"
scene_11430,8,"(6, 7)","1,21741324313356872111281520130"
scene_14588,7,"(1, 2)","1,21779031422359941721243195548218"
scene_11428,7,"(2, 3)","1,3097656106976537551957603894509"
scene_10622,7,"(0, 1)","0,1123454001123452001123451112345"
scene_12119,8,"(4, 5)","1,44316814323458188233143922767628"
scene_13631,8,"(0, 1)","1,3912016020163396940340129313940"
scene_11368,8,"(2, 3)","1,2375120313538781011989804650835414"
scene_13434,8,"(4, 5)","20,300029702299791831787330010816"
scene_12013,8,"(5, 6)","3,4427696964575586210128506489826"
scene_10495,8,"(3, 4)","1,411021149119051052120504120011"
scene_11079,8,"(3, 4)","2,3315027145731121232672058004"
scene_10609,7,"(5, 6)","1,269381973454393374120931862693027"
scene_10346,8,"(1, 2)","3,41775987433045182335444981096"
scene_10095,8,"(0, 1)","3,41351568240625353421122685117"
scene_14485,7,"(4, 5)","1,23526344112123444513774720869"
scene_13413,7,"(5, 6)","1,33072000110225000419848400062777"
scene_13725,8,"(6, 7)","1,3405411214631021324393514364112"
scene_12645,8,"(5, 6)","1,41013041135002945270471323398"
scene_13816,7,"(1, 2)","1,3199731537733040526462181229"
scene_14557,8,"(0, 1)","2,4"
scene_13044,8,"(5, 6)","1,1847021002100311110578234584100"
scene_14958,7,"(2, 3)","1,434220718042330032081471006027050"
scene_13320,7,"(5, 6)","1,342621449416078197048339639456"
scene_11030,7,"(4, 5)","1,2431536909027318679318082815"
scene_11062,8,"(6, 7)","1,279643642313441824680182053628"
scene_10020,8,"(0, 1)","1,34863621121653512927794440612035"
scene_13723,8,"(6, 7)","1,200078621941809221731406302418"
scene_12475,8,"(4, 5)","1,221422837431340532225844333539847"
scene_11109,8,"(6, 7)","1,2911411427801479413512802822034"
scene_14599,8,"(0, 1)","1,22531570117119113600302137389127"
scene_11890,7,"(2, 3)","2,30001783436675525119924188735763175"
scene_12315,7,"(4, 5)","1,223129900421211211190111721100"
scene_14771,8,"(3, 4)","1,2143456789012356947274619436718"
scene_13030,8,"(5, 6)","1,221334565947781929172176862046"
scene_14940,7,"(2, 3)","1,2000213317252704311201871761706"
scene_10777,8,"(0, 1)","44,01234522933789363815293946364094"
scene_10667,8,"(4, 5)","1,31431841124316412431641324567"
scene_11656,7,"(5, 6)","2,403143521125735274513522555"
scene_13714,8,"(2, 3)","1,37233242332423324233242332423324"
scene_11196,8,"(0, 1)","1,26432161873136661078502209117"
scene_11395,7,"(3, 4)","1,41101327320434092132350420531"
scene_11649,7,"(3, 4)","1,42022582622312358030447672577394"
scene_14291,7,"(0, 1)","1,210001000210030002100210000"
scene_10385,5,"(3, 4)","4,1301140914093454430014391412232"
scene_10560,8,"(2, 3)","1,25124237495714553410563278248"
scene_11042,8,"(5, 6)","1,215628357949439228216237271533"
scene_13686,8,"(6, 7)","3,4300441921642200173368239376814"
scene_10903,8,"(3, 4)","1,278173119614092872503107473526"
scene_10505,7,"(5, 6)","1,234567893142967253508101112"
scene_11601,8,"(1, 2)","3,340456159816237595435063483033"
scene_12555,7,"(3, 4)","5,620173775000000017796407031516875"
scene_10170,6,"(1, 2)","2,4"
scene_14850,7,"(5, 6)","1,24541977497274273282305931534205"
scene_10751,7,"(4, 5)","1,111234563456734546731234567839"
scene_11198,8,"(5, 6)","1,219511823749192220105054060419247"
scene_13580,8,"(2, 3)","1,2109604211080181816022102121162"
scene_10049,7,"(4, 5)","3,1738411811452291102648931154562"
scene_11612,8,"(6, 7)","1,46181033571422112005212033919191"
scene_11294,7,"(4, 5)","1,200045182939474132507267723276"
scene_10110,8,"(6, 7)","2,4118111887994918975947863052887"
scene_11092,8,"(3, 4)","1,31803409182352716405392212412323"
scene_14916,8,"(3, 4)","1,44021311235348779571234523174485"
scene_10358,7,"(3, 4)","1,213311120344225413037348665120"
scene_10069,7,"(5, 6)","2,1179379417981201521023178730"
scene_11595,7,"(4, 5)","1,2314334633143939495236111871217"
scene_12597,8,"(2, 3)","1,32041838242030560042991546893"
scene_14811,8,"(2, 3)","1,234567897101112131415161718"
scene_12214,7,"(1, 2)","1,2163116667431010630041173980961"
scene_13704,7,"(0, 1)","1,222214154875313371383350511628120"
scene_11871,8,"(2, 3)","1,34343111231112343120311221432"
scene_13129,8,"(3, 4)","3,519725505030386600315179718969"
scene_13737,8,"(1, 2)","1,2456781303235911374390842462110"
scene_14286,8,"(6, 7)","1,43555463046356522307333320770"
scene_11078,6,"(3, 4)","1,369697360434976733477936496911"
scene_14801,8,"(4, 5)","1,20008821124474056700162610419983"
scene_13347,7,"(4, 5)","1,248031031242102743305081546912"
scene_12382,8,"(5, 6)","1,45435126711495787112340959748"
scene_13556,7,"(3, 4)","1,218119811961128274413794753994"
scene_13630,8,"(2, 3)","0,1200200010001000202330032011"
scene_11050,7,"(0, 1)","1,200165532313151437648693979427"
scene_11350,8,"(3, 4)","1,31940132620035264176627786787"
scene_13369,8,"(6, 7)","1,22553564113379254518053337653"
scene_14185,8,"(2, 3)","1,2447495762144711260466836048084"
scene_10243,8,"(1, 2)","1,321434535461412125132771226"
scene_14642,7,"(3, 4)","1,210314743179132641863127141845"
scene_11260,8,"(1, 2)","1,323731575393900210023155243075"
scene_11605,7,"(2, 3)","1,23366761693457923546503367695"
scene_10144,8,"(6, 7)","1,27536573536698126917132924450875"
scene_11152,8,"(2, 3)","3,1393411231744421974674400120530935"
scene_13282,7,"(2, 3)","1,31441228111234290252249994501151"
scene_13688,7,"(2, 3)","1,3101101010121110002244102120102"
scene_12246,7,"(4, 5)","1,330360462533257471320619936364364"
scene_13921,7,"(5, 6)","1,21474515473834395653249145351044"
scene_12808,6,"(2, 3)","1,2316213452613421207622846440"
scene_12871,7,"(4, 5)","1,21621716960475325470864280161428"
scene_10944,7,"(0, 1)","1,213301111411024111641123343"
scene_11500,7,"(4, 5)","1,21405152715922961105429674799"
scene_12015,8,"(1, 2)","1,2"
scene_12691,5,"(0, 1)","1,2100110110101101101011011011010100"
scene_12843,8,"(1, 2)","1,21314531322132143542364755416"
scene_13503,8,"(5, 6)","1,2108128881712583331196171356184"
scene_12465,7,"(3, 4)","1,213312252130211221401445331524"
scene_14229,6,"(3, 4)","1,520031042939893238475069920509"
scene_12261,7,"(4, 5)","1,213790239314853293169267313357"
scene_14754,7,"(1, 2)","1,206312021621071445078222309403222"
scene_11598,8,"(5, 6)","1,223749226910712345590335558730936"
scene_13247,7,"(3, 4)","1,216039696302812119829232391358578"
scene_13003,7,"(5, 6)","1,2103142854219303310435316131257"
scene_12523,8,"(5, 6)","1,2253467313054062901451122821435"
scene_11701,8,"(3, 4)","1,474336299929001347590361331825"
scene_12070,7,"(3, 4)","3,4163523923110109627651126351939"
scene_10706,7,"(0, 1)","1,1320143012012002201002011220100"
scene_14175,8,"(0, 1)","6,24311111111111199995653486416"
scene_12901,8,"(2, 3)","1,245611111020122022011022012010210"
scene_14428,8,"(1, 2)","2,410363119312310624713135131263317"
scene_11090,7,"(3, 4)","2,43159421295446871778805433522"
scene_14374,8,"(5, 6)","1,21653022741509751124703194236967"
scene_13123,8,"(1, 2)","1,014314351023720223414567235788"
scene_14006,8,"(2, 3)","1,28314102112923531133191715128"
scene_10228,7,"(5, 6)","1,21701800908468665822162162539"
scene_10365,8,"(4, 5)","1,22411231051305211521403101131"
scene_10806,6,"(2, 3)","1,318020225657121922931848173030"
scene_12907,8,"(3, 4)","5,3503816969722632528016677029470"
scene_13638,7,"(4, 5)","1,212030110230214301222401014015080219"
scene_10911,8,"(4, 5)","4,310796175230302375569666414646"
scene_13982,7,"(2, 3)","5,4362106783831347015343336262473"
scene_12882,8,"(3, 4)","1,30811448170801893960418175111201616"
scene_12098,8,"(5, 6)","1,31284313038422576311672714152"
scene_13448,7,"(4, 5)","1,21510310291562323110310351802"
scene_13088,8,"(2, 3)","1,21094888731072003720028853613586"
scene_12704,8,"(2, 3)","1,40670621248187873333124117900"
scene_10499,8,"(5, 6)","1,2359673678446974130197623950610"
scene_11013,8,"(3, 4)","1,3423024132732112463219816294119"
scene_12422,8,"(2, 3)","1,2621420678162332102621341286651"
scene_11777,7,"(2, 3)","1,210866157811936474615440011962108"
scene_11760,8,"(2, 3)","1,21867709347977225186689801200"
scene_13937,8,"(1, 2)","1,362308748823123451255918972080"
scene_14462,7,"(0, 1)","1,2562131072271184114237132921256"
scene_11348,7,"(5, 6)","3,4112345671012345671112341234"
scene_13935,7,"(1, 2)","1,2107344047193344469943122975"
scene_10139,8,"(2, 3)","1,31134525331072110721103192510426"
scene_12385,8,"(0, 1)","5,218791331403401548693536480518"
scene_10309,7,"(5, 6)","1,4237886223533917603546273533316"
scene_14422,7,"(4, 5)","1,3456789012346211589847122856"
scene_11727,8,"(6, 7)","1,21500153317429922020280408533"
scene_11916,8,"(5, 6)","1,23691424654615514169201351722275"
scene_11129,8,"(1, 2)","1,216670846893183357844121952429"
scene_13175,8,"(1, 2)","1,214345673678484195213016321956"
scene_14386,8,"(1, 2)","1,279605074130864611720668849744"
scene_12435,8,"(5, 6)","1,211234545431353151527357586"
scene_11754,8,"(3, 4)","1,345456780145435678045672454"
scene_13210,7,"(2, 3)","1,406229919995278158020211999923"
scene_10984,8,"(5, 6)","16,2199100023727098101732864075732325"
scene_13585,8,"(4, 5)","1,41181206784221878204418473187334"
scene_11861,8,"(6, 7)","1,59003230481122156293445622078"
scene_14583,7,"(4, 5)","1,243086302112605073802235513"
scene_12816,8,"(4, 5)","1,22583847472945225131247918702109"
scene_12992,7,"(2, 3)","1,214514896535521614268210199789"
scene_12457,7,"(0, 1)","3,1237277181126514544820841397050277"
scene_11728,8,"(6, 7)","1,2180222574384179648413210963519"
scene_10940,6,"(1, 2)","1,49699612711942147847584183399"
scene_14164,8,"(2, 3)","1,13143886250700643630238006100"
scene_14691,7,"(1, 2)","1,23075742320102130410102528514"
scene_13758,8,"(2, 3)","1,21749029358847623066631073088"
scene_11123,8,"(1, 2)","1,346268735209112364892149013220"
scene_11580,7,"(2, 3)",630327423715596355732105960106927255
scene_13780,8,"(0, 1)","3,4"
scene_12834,8,"(5, 6)","1,2000100010101010010010011101100"
scene_14253,8,"(4, 5)","1,301972063697332100071892052004200"
scene_14223,8,"(1, 2)","1,22411190033796273113383451334"
scene_10413,6,"(2, 3)","1,308212328136525403321123173540"
scene_13860,5,"(0, 1)","1,2196112851153465221118263635"
scene_14881,8,"(0, 1)","1,234567891001234567234122100993423"
scene_11460,8,"(4, 5)","1,23694311353732060539745431352086"
scene_10040,8,"(2, 3)","1,21376693445759162626753083121721"
scene_13974,7,"(5, 6)","1,21431358123671690412555843566013"
scene_11853,7,"(1, 2)","1,2563685191436173449714162735"
scene_14340,7,"(5, 6)","1,3456789012346023456790123467"
scene_10184,6,"(3, 4)","1,22014100092682812159454184034553"
scene_13022,7,"(0, 1)","1,216666666666666722227891562597"
scene_11005,8,"(6, 7)","1,25627371122111123445326670445"
scene_11323,8,"(0, 1)","0,123456789112131416179189200210"
scene_14357,8,"(4, 5)","1,462302027771970945521180324190"
scene_11009,5,"(2, 3)","1,2180901426476712534263487366943"
scene_14887,8,"(3, 4)",5430410007527039442538661006004400513
scene_12165,8,"(3, 4)","1,2161320121341624033861429293640"
scene_13213,8,"(3, 4)","1,25435779308663137492900033311800120"
scene_14699,7,"(2, 3)","1,2423568561123111111231111111111"
scene_12108,8,"(1, 2)","1,316529507264318583243185232165"
scene_14720,7,"(0, 1)","1,230313214264213035214613032652"
scene_11200,8,"(2, 3)","1,41363822236222221536637867125314"
scene_13391,8,"(6, 7)","1667481,11987484341000358315389911"
scene_12689,7,"(3, 4)","1,325011134446675738067310814636230"
scene_10727,8,"(0, 1)","0,320149125874821859013085584843048"
scene_13820,7,"(0, 1)","1,462326307936974712390031553955"
scene_10450,7,"(3, 4)","1,273151239814998213181221459737"
scene_10114,8,"(3, 4)","1,24654266339875353479170643426"
scene_10546,8,"(0, 1)","1,21133131414084521243522518258348"
scene_13379,7,"(4, 5)","1,2197119811281031981272211519820712"
scene_11893,8,"(5, 6)","1,31207516052997957344378283379479"
scene_14545,8,"(5, 6)","1,21331180442337421359450036312"
scene_14196,8,"(0, 1)","1,201083423202020020202302023206"
scene_12383,8,"(1, 2)","1,386358058347082291479447702398"
scene_10733,8,"(1, 2)","1,42003004327120053124677023240029"
scene_11276,8,"(6, 7)","1,436132613543180946831565213290"
scene_10119,7,"(4, 5)","1,417031103211061348902941123310"
scene_14937,8,"(2, 3)","1,3113504468012023063203938451860"
scene_11108,8,"(0, 1)","2,3"
scene_12614,8,"(1, 2)","1,321302001123102062052273020100032"
scene_14740,8,"(0, 1)","1,381921568141405112320504023541"
scene_12190,7,"(4, 5)","1,212345678012341079012401234565"
scene_14755,7,"(3, 4)","1,2176801535200234018919931834521"
scene_10554,8,"(4, 5)","1,3000171491000694934301642819380"
scene_11710,8,"(4, 5)","1,3250277057911808186361910953800"
scene_14197,8,"(6, 7)","1,5018584521123198678527532188732"
scene_11774,7,"(4, 5)","1,41444356334115122233105219544"
scene_10705,7,"(1, 2)","1,41337382689188565468235681212"
scene_11684,8,"(6, 7)","1,213578304210541230733925143974"
scene_14715,7,"(4, 5)","1,311473190471240442969133911829"
scene_11686,8,"(3, 4)","1,362147291305814982659311526408"
scene_11107,7,"(3, 4)","1,21443590432100068341687723478219080"
scene_10039,7,"(3, 4)","1,2456789109111213514161718182022"
scene_13131,8,"(2, 3)","1,338061231573907771324641235198"
scene_11077,7,"(4, 5)","3,4162148210100001798918314485914"
scene_14065,8,"(3, 4)","1,2358092309037202112848727519680"
scene_13990,8,"(2, 3)","1,4694821093888411916821185614049"
scene_13639,7,"(4, 5)","1,230603682734370451145231382380"
scene_12419,7,"(4, 5)","1,31123454966621000043162917640"
scene_13335,7,"(0, 1)","30,039384787238241204179349021351379"
scene_12995,7,"(4, 5)","1,423634610001000403997947213010"
scene_13738,7,"(5, 6)","1,2201510110583573562136907195568"
scene_13343,8,"(0, 1)","1,327055731441107343230011283201"
scene_14248,7,"(1, 2)","1,489555545543182497732816119712317"
scene_11022,7,"(5, 6)","2,10002106332065402384697114676"
scene_13360,8,"(1, 2)","1,4381629407037081411235346046"
scene_10504,8,"(2, 3)","1,26214213013927318347302118341517"
scene_12152,8,"(5, 6)","1,26214365478431173148811967747"
scene_12450,8,"(0, 1)","1,31401480472008035112004400000545"
scene_14870,8,"(1, 2)","1,3202230821472124839152836546"
scene_13176,7,"(1, 2)","1,212345677891071101314158316191201"
scene_12504,6,"(1, 2)","1,3874162264213714619161486331638"
scene_12867,7,"(4, 5)","1,46210768392073143522258542224"
scene_13146,7,"(0, 1)","4,1103420473144870037213744869313316"
scene_12044,8,"(1, 2)","1,4"
scene_11376,7,"(0, 1)","1,2375234121838467917352943854923"
scene_11788,8,"(3, 4)","1,34562143731197894726948406704134"
scene_13712,7,"(3, 4)","1,4"
scene_12654,8,"(5, 6)","1,38623643222725239237231282243294"
scene_14394,8,"(4, 5)","1,236711234286741321867451243"
scene_13530,8,"(3, 4)","1,213456780124638270585295010"
scene_10888,7,"(2, 3)","1,24830423075791178985761409590"
scene_14761,7,"(0, 1)","3,57796889311343425697533056916"
scene_14363,6,"(1, 2)","1,464214121128275411934869169913411"
scene_14584,8,"(2, 3)","1,345636119445491136358791535112279"
scene_13729,8,"(5, 6)","1,22331535722443120412032164130"
scene_10250,8,"(2, 3)","1,34607533461205112174462105217"
scene_13736,8,"(5, 6)","1,2757766622789285781198695611156533"
scene_14001,8,"(6, 7)","10,21609023953848211933103174350"
scene_10263,7,"(3, 4)","1,2703641134203984353911989612486"
scene_10909,8,"(0, 1)","1,20004272812821074210107400456729"
scene_12813,7,"(5, 6)","1,21001116313071000912311343862"
scene_12909,7,"(1, 2)","1,1133174417804117319627016619831777"
scene_10044,8,"(2, 3)","3,16213411069355313015757032125"
scene_11195,8,"(6, 7)","1,34962345472367356573845782454"
scene_11313,7,"(5, 6)","1,363141628049478738021839296564"
scene_12537,8,"(4, 5)","1,2111121221111111111011000001111"
scene_11372,8,"(5, 6)","1,2135491743154878517477359496588"
scene_11899,8,"(6, 7)","1,01234567908912131543167917926"
scene_13104,7,"(1, 2)","1,3455972312473984450613024903116"
scene_11191,8,"(3, 4)","1,2155388020938072611000350514314"
scene_13078,6,"(0, 1)","1,21041074419431324742054493494833110"
scene_10126,8,"(4, 5)","1,286558722687291954451159847636"
scene_11568,8,"(1, 2)","1,213638404912462260627135384626"
scene_13743,8,"(5, 6)","1,2159674029787631607070433878529412"
scene_13923,8,"(1, 2)","1,3493838931425557813262648184705"
scene_11757,8,"(2, 3)","1,3700094801420084658930976210"
scene_13913,7,"(1, 2)","1,2692100425670210484399021580117"
scene_14643,7,"(0, 1)","1,2901024491672210302135331791196"
scene_12719,8,"(0, 1)","3,42119145123476352374986124567"
scene_12000,7,"(1, 2)","1,21006154233421643521074548641636"
scene_11139,7,"(2, 3)","3,190133042441322461254262814732"
scene_14025,8,"(4, 5)","1,4270348544628372365522357834319"
scene_12601,8,"(5, 6)","1,35521982202835381048301433105"
scene_11665,8,"(6, 7)","1,21201420132253341202523342117"
scene_10356,7,"(4, 5)","1,22015696172873164879333530123"
scene_14568,7,"(2, 3)","3,4180403258470011483510992399"
scene_11930,8,"(3, 4)","1,343321245433241267452735345728"
scene_14272,7,"(0, 1)","1,3234549808230754467468964729"
scene_14834,7,"(3, 4)","1,22463028722726423411031028313128"
scene_11488,8,"(5, 6)","1,41124353314738063108581236468"
scene_10729,8,"(2, 3)","0,201011011111100011010110101010"
scene_13208,7,"(5, 6)","1,345678901243915211963175498911"
scene_12855,8,"(3, 4)","1,370116211731023850113731501138"
scene_12825,8,"(2, 3)","1,246131243456716222311342544"
scene_14711,8,"(4, 5)","12,219867795590083206237644137753945"
scene_14955,8,"(4, 5)","1,345678901234890076543000221987"
scene_10082,7,"(3, 4)","1,37100416020718509162571208633927"
scene_11989,7,"(3, 4)","0,310937781321092723146091384584853"
scene_12999,8,"(0, 1)","1,24210243112621930210011285212"
scene_14146,7,"(4, 5)","1,38930345294130624091694730925068"
scene_12749,7,"(0, 1)","10,423423566111977834272162324671328"
scene_12053,7,"(3, 4)","1,07332331997132502380050122776"
scene_12824,8,"(5, 6)","1,242725412311145614150054400746714"
scene_12065,7,"(2, 3)","1,430153667842743667887743456756"
scene_12595,7,"(4, 5)","1,263101807198421462327395827022"
scene_10426,8,"(2, 3)","3,42110921887194729256884428319"
scene_11552,7,"(0, 1)","1,3116030145125518280431082132123"
scene_14162,8,"(0, 1)","1,356374804109212020122734351607"
scene_13080,8,"(1, 2)","1,2356280222538691462193304135235"
scene_12525,7,"(5, 6)","1,21492527031167008761435771588"
scene_12227,7,"(4, 5)","1,235463531389266430926004924198"
scene_13711,7,"(4, 5)","3,499938341340831934131411049548"
scene_11772,8,"(0, 1)","1,4351803294929213916810508374427637"
scene_13511,7,"(5, 6)","1,2180325635100615405341680226121102"
scene_11860,8,"(6, 7)","1,410784773110712711986710013037832"
scene_11345,8,"(2, 3)","1,36241221423111224014357722402"
scene_13697,8,"(4, 5)","1,2597617570292022003118331925524"
scene_11970,7,"(0, 1)","1,2"
scene_10416,6,"(1, 2)","1,329671531306969203980872080"
scene_14254,8,"(3, 4)","1,411145416455183314334437763116"
scene_10479,7,"(4, 5)","1,346249527672732502454351209"
scene_14718,8,"(5, 6)","1,22379955762059416991849235299"
scene_14744,7,"(3, 4)","5,42012790851287812891957790198957"
scene_10652,7,"(2, 3)","1,2000513035341114712345508675062"
scene_10669,7,"(1, 2)","1,384134307023772317980650706427"
scene_12877,8,"(4, 5)","1,435387686520721072515634237219"
scene_12858,6,"(3, 4)","16,1872209838232098382349671239"
scene_10535,8,"(5, 6)","1,21013022642233213310013411532141125"
scene_11240,8,"(6, 7)","1,377763402107266129742389821322023"
scene_12925,8,"(3, 4)","1,3771781200003340337935461193808"
scene_13815,8,"(0, 1)","1,2621491103062161114495177212"
scene_13644,8,"(3, 4)","0,1119953011985013453634295929"
scene_12923,8,"(2, 3)","1,37103113010004091811141722202107"
scene_11163,7,"(3, 4)","1,241334540514222564321375052795"
scene_12481,8,"(2, 3)","1,4342182841322354312032623040"
scene_10808,6,"(2, 3)","1,311345902387321546727961446269"
scene_10273,8,"(5, 6)","1,2141422376019610730447980305153"
scene_14459,7,"(0, 1)","2,331314933512016127511443511913277"
scene_12971,8,"(6, 7)","1,3145443341324345676589789210"
scene_12535,8,"(1, 2)","1,27713534565454734114669554567"
scene_11723,8,"(2, 3)","1,2456789012346790123467901234"
scene_11540,7,"(3, 4)","3,140000071106798312345676543210978"
scene_12459,8,"(5, 6)","1,4357217913079197168416717530577"
scene_10846,8,"(3, 4)","1,213543175432411062161569634210"
scene_11065,8,"(2, 3)","1,0123456780142246831203789312345"
scene_14390,8,"(5, 6)","3,420631302312149844297221094710"
scene_13031,8,"(3, 4)","1,2169770112787945113012199917"
scene_12410,8,"(6, 7)","0,1414730398731192308717568099"
scene_12095,8,"(6, 7)","1,2160784534355721434531646434690127"
scene_13148,8,"(4, 5)","1,211120655460344375913052094107312"
scene_10122,7,"(0, 1)","1,32657926410928426662419345460"
scene_11947,8,"(3, 4)","1,2362304345678049621229640765"
scene_10860,6,"(0, 1)","1,245744543210231342312352345214"
scene_10488,8,"(2, 3)","1,2062618923235402681122325050424"
scene_14049,8,"(2, 3)","1,4743590354627142621714224610749"
scene_12020,7,"(2, 3)","1,2341308522619312031301291311030"
scene_10212,7,"(0, 1)","1,221193012327727120217419231835"
scene_10630,8,"(6, 7)","1,512345678910121314151617181920"
scene_13165,8,"(3, 4)","1,2155161622172017167102021818317"
scene_12062,8,"(6, 7)","1,200028621130549315120124345342906"
scene_14607,7,"(4, 5)","1,22310314211221303210312013103"
scene_14484,7,"(0, 1)","1,369695119867208935349772809315"
scene_12567,8,"(5, 6)","1,23593763137944931103580342341"
scene_11110,6,"(4, 5)","1,2266392093493928278312781439128"
scene_14765,7,"(3, 4)","3,49054831190877480417925484315"
scene_12156,8,"(3, 4)","1,2112313142250610910880335241143466"
scene_14993,7,"(0, 1)","1,34311365314123456789135246210724"
scene_11988,6,"(1, 2)","1,223001000411020823009521004140"
scene_13527,7,"(4, 5)","1,21011120301432663224644783852"
scene_12874,7,"(2, 3)","1,320225374120692348162305530510"
scene_12082,6,"(4, 5)","1,374276062716166314003151205638"
scene_11993,8,"(6, 7)","1,343049151726301071081389949146"
scene_11011,7,"(3, 4)","1,47883048532333500348101449464"
scene_14947,8,"(5, 6)","1,21071316731945100062033021734502"
scene_10755,7,"(3, 4)","1,21373712141328935193074336850"
scene_13859,8,"(6, 7)","1,232112323423455426738137467980"
scene_13672,8,"(0, 1)","0,22854388990011234250739653858"
scene_14376,7,"(1, 2)","1,2180552967751000253843773921282639"
scene_13529,8,"(2, 3)","1,3000397854395017849028331433"
scene_14252,7,"(4, 5)","1,27264736614231773187321471355868"
scene_12511,7,"(1, 2)","1,235105044492964581947217544112"
scene_11549,8,"(2, 3)","1,4533712345352120846121384915679"
scene_11467,7,"(3, 4)","3,269342562159211089630168697914"
scene_13604,7,"(5, 6)","3,417533006977221021329895086119"
scene_11270,8,"(3, 4)","1,278791978276539564080384458607"
scene_12741,8,"(0, 1)","1,412345676421111226357700819202103"
scene_14101,8,"(0, 1)","1,200079652219561723202132042312"
scene_10637,8,"(5, 6)","1,42008102186112369418412080945"
scene_10579,8,"(4, 5)","0,02012021002120100201202200103103104205"
scene_10953,8,"(6, 7)","3,41115313231128919791978891164"
scene_11923,7,"(1, 2)","1,275437163413034848040626409375"
scene_10822,7,"(5, 6)","1,316949431668931138445337667099"
scene_13489,7,"(1, 2)","1,2731080122714434191416430323124"
scene_14894,7,"(2, 3)","1,4"
scene_10458,7,"(4, 5)","1,217024324638484717035350822412"
scene_10367,6,"(0, 1)","1,213435153463571321654567241235"
scene_12847,8,"(4, 5)","3,10787878787878787878787878"
scene_11029,7,"(3, 4)","1,23621081924994781567594451641912"
scene_11698,7,"(0, 1)","3,461815124101648689650223595"
scene_12483,8,"(1, 2)","1,21093310375862606922333974311"
scene_12979,7,"(0, 1)","1,31377839405345124233133873612"
scene_12580,5,"(3, 4)","1,276967542123540752719437962119"
scene_13796,8,"(0, 1)","1,270147975110230154223387787213"
scene_12924,8,"(5, 6)","4,10003169491703509247354672412435"
scene_10853,7,"(1, 2)","1,3647969274614216149849622035"
scene_13024,7,"(3, 4)","3,213345281257651041104165780441"
scene_11571,8,"(5, 6)","3,42130869003249646556848338214"
scene_14456,7,"(2, 3)","1,310711975271510308434521018088"
scene_10859,8,"(4, 5)","1,316211629812214305471146332014112"
scene_11133,8,"(5, 6)","1,54399008122119003693103936611"
scene_10072,8,"(2, 3)","1,21621411171067453165189762273707"
scene_13081,7,"(3, 4)","1,210042554344222192639103024416"
scene_12931,7,"(3, 4)","1,4202105116043415619387310621455"
scene_14426,8,"(3, 4)","1,1002230996214225521663913049075"
scene_13588,8,"(1, 2)","1,21335734734134734547355843744"
scene_13133,7,"(3, 4)","1,236041411231041196119846594619914"
scene_13490,8,"(4, 5)","1,21325111123434127353344214173404"
scene_13365,8,"(1, 2)","1,41858081097730248486572833393713"
scene_11840,6,"(3, 4)","1,41804572110004291128108061359339"
scene_11870,7,"(1, 2)","1,217342755838871265323452365535"
scene_12760,7,"(4, 5)","3,4229714326740884522081565060"
scene_12364,7,"(4, 5)","1,21122121323034450634567011010"
scene_13817,8,"(5, 6)","1,3119911021423311972619211932"
scene_12258,8,"(1, 2)","3,121001201210011120110111200110"
scene_14727,7,"(0, 1)","1,375109123058318517459811823538380"
scene_12796,8,"(2, 3)","1,4227221230345356112812443618923"
scene_10523,7,"(3, 4)","1,262201320435905373642233042826109"
scene_13383,8,"(2, 3)","1,21717173204336215273718051645"
scene_12910,6,"(4, 5)","1,38874720639113009121196375787970"
scene_11356,8,"(2, 3)","1,2"
scene_13458,8,"(6, 7)","15,3360981509300784034110820043694"
scene_11390,7,"(0, 1)","1,3120931241243611345112233326771322"
scene_10113,7,"(2, 3)","1,3886710054567383665353731000000"
scene_12541,8,"(5, 6)","1,23526213345345345312345346567123"
scene_13648,8,"(2, 3)","1,23721803817615679525225661032505"
scene_14604,7,"(4, 5)","3,461141238331022152151806077931"
scene_13291,7,"(4, 5)","1,321225666231129319792536472907227"
scene_12381,8,"(5, 6)","1,23019742663638135092421430159208"
scene_13627,7,"(3, 4)","1,223444920611112014999109319930"
scene_13077,8,"(6, 7)","1,31406233012351411301202905123"
scene_14218,7,"(1, 2)","1,235264059110119111143534452225"
scene_10130,8,"(3, 4)","1,43022358333320234112122253845"
scene_14446,7,"(4, 5)","1,219873694721105469221816219718715"
scene_10558,7,"(3, 4)","1,2169223935352606903649579259416"
scene_11420,8,"(2, 3)","1,213242353658111511998995272132"
scene_10687,8,"(2, 3)","1,215223481706111730415061147914"
scene_13690,7,"(4, 5)","1,2000212901000110907221220004401030"
scene_11719,7,"(4, 5)","1,4335291679135772714243027714"
scene_12274,8,"(3, 4)","5,289862215690781751183131543822"
scene_11577,8,"(3, 4)","2,51234567890123456789012345678910112"
scene_13170,8,"(2, 3)","3,4328773578311939981623302631184"
scene_13603,8,"(6, 7)","1,34567890123423789456720610801128"
scene_10531,8,"(1, 2)","1,214430821462129086235264140189"
scene_11060,7,"(5, 6)","1,2256345678901234234576478910123"
scene_12215,8,"(1, 2)","1,37719711154247965773732973359"
scene_13354,8,"(4, 5)","1,311110942114110102711031291119"
scene_12441,8,"(3, 4)","2,5391128415119034912316036236363663"
scene_13715,7,"(1, 2)","1,40420359478700773545848042788"
scene_10023,7,"(3, 4)","1,2123640345678873683327451577667"
scene_14303,7,"(0, 1)","1,2108558354340620067113567492563"
scene_13914,7,"(2, 3)","1,344141524471431648933837820162125"
scene_14987,8,"(5, 6)","1,23603456789101112131415161718"
scene_14403,7,"(3, 4)","1,26216900042170363393100073842405"
scene_13550,8,"(5, 6)","1,421357734537223534122310332716"
scene_14489,8,"(6, 7)","1,21454947310653454107348494307430"
scene_13788,8,"(3, 4)","1,312456216611126648413647880308"
scene_14356,7,"(3, 4)","1,329561000100011255094311431143"
scene_10929,8,"(5, 6)","1,311031202251412764351822644729"
scene_12400,8,"(6, 7)","1,21234567890123456789012113214135"
scene_14137,7,"(5, 6)","1,3034343541206273550173920915"
scene_10176,8,"(1, 2)","2,41594711122332484833821511844"
scene_13567,8,"(3, 4)","1,214921524640937140638935024"
scene_13518,7,"(0, 1)","1,2100851243604187636110373585935"
scene_13336,7,"(1, 2)","1,345621679208310676465362279"
scene_12166,8,"(4, 5)","1,32021067257112413236844354931"
scene_14112,7,"(4, 5)","1,216750213311133111231311131341525"
scene_10135,8,"(2, 3)","1,3621721192184463346280692543335"
scene_12222,7,"(0, 1)","1,2839841078213093996643277228"
scene_14512,8,"(6, 7)","1,23610344112312145273934567891012"
scene_11300,8,"(6, 7)","1,3143171143456712752314674313"
scene_12997,7,"(3, 4)","1,23562101101681512211012133341"
scene_10801,8,"(0, 1)","1,3456781012151927334567809112"
scene_10670,7,"(4, 5)","1,2243127345585634672968722753147"
scene_12463,8,"(3, 4)","1,218030652197930854173703893381173"
scene_13411,8,"(0, 1)","2,1623010833876478765745057551580"
scene_14656,7,"(5, 6)","1,2145311011208490282448204565"
scene_11048,7,"(1, 2)","1,5151193498550851421068356778367"
scene_13958,8,"(3, 4)","1,21342356515642134235651564213423565"
scene_13198,8,"(6, 7)","1,24494418192494453814140479762"
scene_12993,8,"(5, 6)","1,210010003000004234640004202107124"
scene_13006,7,"(1, 2)","1,43242340882761390419832943172714"
scene_13374,8,"(0, 1)","1,235112933672835122983214152317"
scene_11431,8,"(3, 4)","1,39037582703077123081218200796313"
scene_11973,8,"(6, 7)","1,212332352114352146965478987151827"
scene_11099,6,"(2, 3)","1,232317314151324123151234124435"
scene_11780,7,"(2, 3)","3,21354107433266916970590140544348"
scene_11494,7,"(4, 5)","1,3101030353441128431633163246"
scene_12851,8,"(5, 6)","1,458772488182899113120991044"
scene_12230,8,"(3, 4)","1,12063585369627715150263307617360"
scene_10851,8,"(5, 6)","1,2109786021151022607816228083000"
scene_12798,7,"(0, 1)","1,211621101017771381081205122107128"
scene_12895,6,"(2, 3)","4,63983223047297419671930803359"
scene_12288,6,"(4, 5)","1,2303524405167915271604345803148"
scene_14307,8,"(3, 4)","1,2163133456784567234840927658934"
scene_13887,7,"(2, 3)","1,2"
scene_10123,8,"(5, 6)","1,21141701304114311170982111411"
scene_10081,8,"(5, 6)","1,2206114051800837434545478444419"
scene_10442,7,"(3, 4)","1,23079287432463332841383849479"
scene_13184,7,"(4, 5)","1,31690701324350375217551076029"
scene_10028,8,"(0, 1)","3,13893457433848411211441809009"
scene_12515,7,"(4, 5)","4,5201311100040001001000150057002"
scene_14217,8,"(0, 1)","1,312478148112234132114861521452"
scene_10034,7,"(1, 2)","1,2141012921020430421111212025130"
scene_14563,7,"(5, 6)","1,216214674732135659117193769445"
scene_12437,7,"(5, 6)","1,2540346530123452968724370383245"
scene_11731,6,"(2, 3)","1,15000622437653034500471888712"
scene_13339,6,"(1, 2)","1,3123108538958260621423768317945"
scene_14191,8,"(5, 6)","1,217829030361967719621352273331356"
scene_10862,8,"(0, 1)","1,323110172818171450941132512732"
scene_11165,8,"(3, 4)","1,216726914111618192982174132824"
scene_14961,7,"(0, 1)","1,3505311234112618110214900810734"
scene_11461,8,"(6, 7)","1,26840568446960851191090141113"
scene_10649,8,"(5, 6)","1,2123456567101012151920233031"
scene_12187,6,"(0, 1)","1,26220223985196265033881558517"
scene_10024,7,"(3, 4)","1,381231981123149729841818210519"
scene_11082,8,"(1, 2)","1,0123456721109911312029191753"
scene_11459,7,"(5, 6)","1,4123122341234234567345673456745"
scene_12566,7,"(2, 3)","1,29989909314301710232062204132"
scene_11882,8,"(0, 1)","3,4"
scene_11024,7,"(0, 1)","1,312312471356141011234231243214"
scene_14820,8,"(2, 3)","1,4466371133717307982150253141704670"
scene_13319,8,"(6, 7)","1,2307230124100620020512012629437"
scene_10791,5,"(0, 1)","0,100021000000014413926101359154200"
scene_12138,8,"(2, 3)","1,21331721194710444043121302127"
scene_10491,8,"(2, 3)","3,473121336974243454533448236211"
scene_10111,7,"(2, 3)","1,37154271424388512007375181022"
scene_14322,8,"(3, 4)","3,40210102115432031108212431040"
scene_11833,8,"(1, 2)","1,31379311035371241434741515428"
scene_14760,6,"(1, 2)","1,33654062175043824345883903384418"
scene_10387,7,"(4, 5)","1,214514721136226212345233454565"
scene_11044,7,"(3, 4)","2,382134600983312321378241935"
scene_14256,7,"(4, 5)","1,23014671519317457828327674544"
scene_11061,8,"(5, 6)","1,31911213342312204121712311714012"
scene_12953,7,"(1, 2)","1,23810002000102030000101000100030"
scene_13905,8,"(1, 2)","1,214312345678045876412341357927"
scene_12219,7,"(1, 2)","1,2395131245066943291301827392064"
scene_10054,8,"(0, 1)","1,223535414867239188619211230539"
scene_14221,8,"(4, 5)","1,21010002105200620091012018120218"
scene_11245,8,"(6, 7)","1,362304028506493645292225499212"
scene_12133,8,"(3, 4)","1,231254696733682673401091935466"
scene_12284,8,"(4, 5)","1,3356940121231283721504386220041"
scene_14978,7,"(5, 6)","1,220033622433311143112214321413"
scene_13654,8,"(1, 2)","1,211121430859461411492366910318"
scene_14739,7,"(3, 4)","5,414036267949751328214722278496709"
scene_11321,7,"(4, 5)","1,5166240416392222721964347549"
scene_11579,7,"(1, 2)","1,26923702146210943821134063651535"
scene_10508,8,"(1, 2)","1,318039821519794392021190781878"
scene_11466,8,"(3, 4)","1,315103729635071930361466550880"
scene_14974,8,"(5, 6)","1,3102254130182714144118022372186"
scene_13659,7,"(2, 3)","1,234567879101213151619202225"
scene_14186,8,"(3, 4)","1,339444521123335326753335340257"
scene_14058,8,"(2, 3)","1,311554314122375756943220445414"
scene_14499,7,"(5, 6)","1,2757043831204184655432302531615"
scene_14276,8,"(0, 1)","1,214063463142563125399486815775"
scene_10286,7,"(3, 4)","1,2873584508420262943519042032"
scene_10205,7,"(2, 3)","1,31029243518110119873203152351000"
scene_14108,8,"(5, 6)","1,21354674311915446280182726235"
scene_14155,7,"(4, 5)","1,22623331201345631321540621630"
scene_14869,8,"(1, 2)","1,2"
scene_14167,8,"(0, 1)","1,2005287316501673634401796515436"
scene_11604,7,"(3, 4)","1,25383520298712185575541230"
scene_10844,8,"(2, 3)","1,2145659931154892306046535171648"
scene_10310,7,"(4, 5)","3,40734534258541914191439449477140"
scene_14236,7,"(2, 3)","1,37552100720214590101101081104116"
scene_12061,7,"(5, 6)","3,44094062843403308829558920835768"
scene_13430,8,"(3, 4)","1,34700003122385403040278475812"
scene_14323,7,"(5, 6)","1,3221621417895605702381123412852"
scene_14892,8,"(2, 3)","1,26210104352951830552607137291000"
scene_11502,7,"(3, 4)","1,12023774297316140212410070938918"
scene_11608,7,"(2, 3)","1,215534480311736238645508585611234"
scene_14745,7,"(1, 2)","2,9442689156970740211797252343060"
scene_11869,8,"(3, 4)","1,3236103362844318711256356280380"
scene_13681,8,"(6, 7)","1,390211344832987944477787075627"
scene_10140,8,"(3, 4)","3,4204623411020066630360011273190"
scene_10292,8,"(0, 1)","1,2133456790100111319234239404562"
scene_11799,8,"(1, 2)","1,2100351810234346299743973570848"
scene_14329,8,"(3, 4)","1,3178581313232164131835216326553"
scene_10272,7,"(4, 5)","1,4369366230345345345235034534534523"
scene_10784,7,"(2, 3)","1,2144242228731436237927997312"
scene_14274,7,"(4, 5)","1,211623019621341111083781505525"
scene_13084,8,"(2, 3)","1,26260800812891561515397062849"
scene_10753,8,"(5, 6)","1,2694562643349334628457411215"
scene_13071,8,"(2, 3)","0,10000010000100010011100000000000100"
scene_14764,8,"(0, 1)","1,41120235618714899313577294034579"
scene_13846,7,"(5, 6)","1,34568035621182131804349240540"
scene_10182,8,"(3, 4)","1,2255160427311007307945378934217"
scene_10785,7,"(2, 3)","1,43456789203011121145225691314"
scene_13616,6,"(0, 1)","1,273203987256270206286581302063568"
scene_10145,7,"(4, 5)","1,3456789012345679012345679012345"
scene_10979,8,"(6, 7)","1,21152674286727513376006693751404"
scene_11503,7,"(5, 6)","1,2202107352738395645259886894130995"
scene_11422,8,"(6, 7)","1,2102634457130303341124703453"
scene_14360,7,"(5, 6)","1,43090497211264782511021195311"
scene_12830,8,"(0, 1)","1,43003162248943137131216542016"
scene_12206,8,"(4, 5)","3,4402166448313765069247358689406145"
scene_13049,7,"(5, 6)","1,2100010001000111110001101001000"
scene_10016,8,"(3, 4)","1,4381322635484350281037845019"
scene_13190,8,"(6, 7)","1,2365347437275083816346948829239"
scene_10912,8,"(2, 3)","1,4489132662107683123642588248900"
scene_11393,7,"(1, 2)","1,872307515413072076221804888824"
scene_11064,8,"(4, 5)","3,1912012201100011010001106712345"
scene_10464,8,"(6, 7)","0,4186284869871387219832371454675"
scene_11216,8,"(2, 3)","1,2358790556667778743921731204290"
scene_11878,8,"(1, 2)","0,22018302118444025157316113797"
scene_12914,8,"(5, 6)","1,346175957345896828003959358816"
scene_13072,8,"(1, 2)","1,312563112192142441371124935277"
scene_10438,8,"(4, 5)","1,5100330011461300141737002940"
scene_10002,7,"(2, 3)","1,233342214553345262929314620010"
scene_10194,7,"(5, 6)","6,183202215123403141100934842073"
scene_14952,8,"(6, 7)","1,21302153831231462989076051548739"
scene_13169,7,"(5, 6)","3,41072611111111111111111111110"
scene_11343,8,"(6, 7)","1,23212212420221213123411231112211"
scene_12409,7,"(5, 6)","1,2154148429733262201133928527437"
scene_14733,7,"(5, 6)","1,22562112213403379234542246799"
scene_13237,7,"(1, 2)","1,2160367891121153592211616903389"
scene_14602,8,"(5, 6)","1,21719130120107221342023103161316"
scene_12205,8,"(0, 1)","1,437890162136314238119655419119"
scene_10812,8,"(5, 6)","1,313845101018806373110735192679"
scene_14090,7,"(5, 6)","1,42103146220267566151984324732"
scene_12122,8,"(0, 1)","1,36917206901082099994100181094732"
scene_13487,8,"(2, 3)","1,36994400354911350048437039026"
scene_13303,7,"(3, 4)","1,24982196332413456735941113077"
scene_10762,7,"(0, 1)","1,216030182017413092302155830725654"
scene_12775,8,"(4, 5)","3,41384975415050923412130283418179"
scene_14267,8,"(2, 3)","1,301128435595434272514436332969416"
scene_13207,8,"(5, 6)","1,21234554789450621837992733206"
scene_11341,7,"(1, 2)","1,398344486275345552547648078"
scene_10191,8,"(0, 1)","1,3"
scene_13745,8,"(2, 3)","1,3999417119287422672032643112"
scene_14712,8,"(2, 3)","0,11011010310041101111014901111101"
scene_14219,6,"(3, 4)","1,21563748459327781499212871961144"
scene_14559,7,"(1, 2)","1,2302213334422213243421872343456"
scene_10270,7,"(1, 2)","1,2621264034551044112312345677864"
scene_12275,7,"(1, 2)","1,35869267011288990320844107777"
scene_13195,8,"(6, 7)","0,1100020001000310010004000002"
scene_13687,8,"(4, 5)","3,40021243309948286670274831611"
scene_10001,8,"(2, 3)","1,21173762147314750715655811949"
scene_13038,8,"(4, 5)","1,478973124321301304815323064951128"
scene_11633,7,"(4, 5)","3,4142106280911011101330083110810"
scene_12139,8,"(2, 3)","1,2324912314043021325319431425"
scene_12426,6,"(1, 2)","1,37630145742130703130328743123"
scene_12684,7,"(2, 3)","1,330743228294284949399539962716"
scene_12116,8,"(6, 7)","2,11234087242123452343452443324123"
scene_13410,8,"(3, 4)","1,436834513640120872180652827971"
scene_13477,8,"(6, 7)","1,20003169379314211292171364621"
scene_14171,7,"(2, 3)","1,213466786734112394212337843589"
scene_10099,8,"(5, 6)","1,24612115371352130586292933647250"
scene_11398,7,"(2, 3)","1,2353110733109211041103148216910"
scene_13397,8,"(6, 7)","1,373172321104789174727488104778"
scene_12472,8,"(0, 1)","1,33536241538442815120214292914"
scene_14685,6,"(3, 4)","1,21063473046139377916657533040725"
scene_14226,8,"(0, 1)","1,230048075231963917395803100419406"
scene_12551,8,"(1, 2)","1,22043103455530218443013534545"
scene_13900,7,"(1, 2)","1,34567879491235672132411234567"
scene_10692,8,"(6, 7)","4,21210286713356944210415261682"
scene_14802,7,"(5, 6)","1,310351910239143444293107287839"
scene_10662,7,"(5, 6)","1,23510133526342112111522321123"
scene_12014,8,"(5, 6)","1,3160331223121091333109190534513"
scene_11676,6,"(3, 4)","3,46963886021302203828172053974109"
scene_13389,8,"(6, 7)","1,235401205272914513429200019732797"
scene_11770,7,"(4, 5)","1,32167849271733279483861535075230"
scene_13666,7,"(2, 3)","1,2200504062997769383115482813960"
scene_10815,8,"(0, 1)","1,213535344245252447134506942521834"
scene_11898,8,"(6, 7)","6,281562188728844701424781128129"
scene_12011,8,"(3, 4)","1,2176280533024359696858365630"
scene_10734,7,"(0, 1)","1,3972021766669695319822047513828"
scene_14139,8,"(2, 3)","1,426936362143806946111610101060"
scene_11361,7,"(4, 5)","1,335541367831201304475202393520"
scene_11301,8,"(0, 1)","1,47734534843486734146878198353600"
scene_14385,8,"(3, 4)","4,310814271846375404983348758899"
scene_11497,6,"(2, 3)","3,5"
scene_11555,8,"(5, 6)","1,217743153346237420482143826427"
scene_12913,8,"(5, 6)","1,24561073045131073359324834810711"
scene_10005,8,"(5, 6)","1,34562176836285458427905828826"
scene_11192,8,"(2, 3)","1,44561173353036833404760623022"
scene_14690,7,"(4, 5)","1,278938711235234132793173597944"
scene_11000,8,"(3, 4)","1,2318030343547250234264571311"
scene_14361,8,"(6, 7)","1,252354132572810463930205316"
scene_10756,7,"(5, 6)","1,3170122306230773536880001000225"
scene_11423,7,"(2, 3)","1,245842087522421222484757678780"
scene_14945,7,"(0, 1)","1,23456789012345678901234567890123"
scene_13108,7,"(5, 6)","1,53568345678907311492332122912"
scene_11056,7,"(1, 2)","1,37062190012441341990110934511226"
scene_12996,8,"(3, 4)","1,43706654251753125824725245989"
scene_14497,8,"(0, 1)","1,2620226332372548621697343033"
scene_14098,8,"(4, 5)","1,360216087132511435031983453916337"
scene_13920,8,"(4, 5)","1,299966160313412041107337851617"
scene_12134,7,"(2, 3)","1,2"
scene_10769,7,"(4, 5)","0,23130721238803993539270186658"
scene_12105,6,"(1, 2)","1,2184962767523513064714246735039"
scene_14033,7,"(5, 6)","1,419115887003446306232295452233"
scene_12016,7,"(0, 1)","1,4213701302312210710311351254110"
scene_13113,7,"(5, 6)","1,299941194130184040961592435134"
scene_14785,7,"(3, 4)","1,4100063893964301087127427739"
scene_10291,8,"(5, 6)","1,282313461104510992912301735"
scene_13802,8,"(2, 3)","1,4"
scene_11945,8,"(5, 6)","1,2151328352710711011084600674672"
scene_11385,7,"(3, 4)","1,47210304774878901510005234579418"
scene_14302,7,"(0, 1)","1,23974231324123832253221121311"
scene_12085,8,"(1, 2)","1,390492682124185612311349038048"
scene_10660,5,"(0, 1)","1,230401321196308686311652394315"
scene_11457,7,"(0, 1)","1,210011430250203313553854103779"
scene_14224,7,"(2, 3)","1,4200331840318645474232455954454"
scene_10512,8,"(3, 4)","1,210848853680314789075452233640"
scene_10271,7,"(0, 1)","3,429311719104713653205489876546716"
scene_13507,8,"(0, 1)","1,4236904912343889831421102310213"
scene_10259,8,"(1, 2)","1,372102859753142307205337700524"
scene_14115,8,"(4, 5)","1,245431267359814447835235678"
scene_10568,7,"(1, 2)","1,2351234536912747891126730128618"
scene_14933,8,"(3, 4)","2,43512163519781387345419102543"
scene_14624,7,"(3, 4)","1,210767681412674120774872757859"
scene_14154,8,"(2, 3)","1,20009217737918207294725618186235"
scene_13470,8,"(5, 6)","1,25460819154820631813554411102"
scene_13082,8,"(5, 6)","1,2662405241861337009663158613536"
scene_14105,6,"(4, 5)","1,246003134854110279345901212345"
scene_13557,8,"(3, 4)","1,423311114633799342143146473712"
scene_13386,7,"(4, 5)","1,2336214118434512434134886718797"
scene_11644,7,"(5, 6)","3,4126673190612366942830939789305"
scene_14035,7,"(5, 6)","1,4123450509110752831207762104"
scene_12536,8,"(1, 2)","1,463206393699320212317143392562156"
scene_14476,8,"(3, 4)","1,316218953368256265920163692574"
scene_10663,7,"(5, 6)","1,513220625101577702975619671967"
scene_11655,7,"(0, 1)","1,21681074316210746394041287080434386"
scene_11104,7,"(3, 4)","1,421471348312847439459487411739510"
scene_14908,7,"(4, 5)","1,474111331135126543554130586399"
scene_12444,7,"(3, 4)","2,16831325931001078132912471041539"
scene_11091,8,"(2, 3)","0,1000420010003100210000040406200"
scene_12763,7,"(0, 1)","1,3440000021792341000157000001000"
scene_13130,7,"(5, 6)","1,2034033175651091194201055966649"
scene_13212,8,"(2, 3)","1,0123456789101112131415161718"
scene_11952,7,"(1, 2)","1,31174920916313293592182512713040"
scene_11821,8,"(3, 4)","1,23020204020201920210903020180"
scene_13520,6,"(3, 4)","1,34567251234112444123123412341123"
scene_14131,8,"(1, 2)","1,4692310302618947923321984403101"
scene_10339,8,"(6, 7)","1,247232413637493793591041071345158"
scene_12527,6,"(2, 3)","1,220211110123454333744671123454380"
scene_14867,8,"(0, 1)","1,234212435606021461511353051011"
scene_11250,8,"(5, 6)","1,422390262366218502125662836281127"
scene_14392,8,"(2, 3)","3,42393592700094141483860298289299"
scene_14673,8,"(4, 5)","3,22137293881435221437234824523"
scene_12358,7,"(5, 6)","1,2356219213029021539281555898"
scene_11205,8,"(2, 3)","1,237535792311221091325561857611643"
scene_11775,8,"(0, 1)","1,4"
scene_13772,7,"(3, 4)","1,4067631597305112017025753222618"
scene_13152,8,"(2, 3)","1,2456781234347778561234774422"
scene_11589,8,"(1, 2)","1,422353112735022611281392221716"
scene_12178,6,"(0, 1)","1,254233791082448979409367938078716"
scene_10900,7,"(3, 4)","1,220028010001202301010204201227002"
scene_13032,7,"(0, 1)","1,39047845991444863402100000000"
scene_14007,8,"(5, 6)","1,2392212312221414121231222313414"
scene_14790,7,"(1, 2)","1,546125635377310361299661349"
scene_12894,8,"(5, 6)","1,296324859549274562329092231932"
scene_13324,8,"(5, 6)","1,213243023219514031726152859013"
scene_14663,6,"(4, 5)","1,299911231012320291205931231222314"
scene_13826,8,"(0, 1)","1,21563698162338404742203322423"
scene_13294,7,"(0, 1)","1,2"
scene_13873,8,"(6, 7)","1,40903729636130518492064871963"
scene_14846,6,"(2, 3)","3,470266390377332873945113120"
scene_12674,7,"(1, 2)","1,26663474311522183551231949549028"
scene_10871,7,"(1, 2)","1,222345315312513219533462313314"
scene_13420,7,"(4, 5)","3,21223040021107020200301828100302"
scene_13466,8,"(1, 2)","3,6190904039621749406498650319782"
scene_13449,8,"(0, 1)","1,21336429426177932081987006996750968"
scene_12428,7,"(4, 5)","1,23056231532647969669649145256363"
scene_14858,8,"(1, 2)","1,2397718066389024936563547466940"
scene_13399,8,"(4, 5)","1,319112315164872155430288253513"
scene_11550,7,"(1, 2)","1,250990363518345710004031283318155"
scene_12113,6,"(1, 2)","1,2164395110611247871123456795456"
scene_10752,8,"(2, 3)","3,410795210548452925614852814426950"
scene_13762,8,"(6, 7)","1,21474576557011231723914283571882"
scene_11588,7,"(1, 2)","1,200072147364547154631873443483686"
scene_12681,8,"(6, 7)","1,2496214731234567234567234567"
scene_14088,8,"(4, 5)","1,2892211245204563432989158934567"
scene_14457,7,"(0, 1)","0,130113837352799793156149793926"
scene_12297,7,"(2, 3)","1,3302621815856161925621075019612"
scene_13827,8,"(6, 7)","3,4911920212781521291321749041173"
scene_14577,6,"(1, 2)","1,21353132212066029213740612840314609"
scene_14508,8,"(1, 2)","1,21355059866400352369146222518"
scene_12911,8,"(4, 5)","1,300538484127172273641795561054"
scene_12666,7,"(2, 3)","1,1000119060761742443863143312623"
scene_13718,7,"(1, 2)","1,211538117116210389236745958455404"
scene_13266,8,"(0, 1)","1,343308028731687401401913923764"
scene_10937,8,"(5, 6)","1,5120719929992147826191001072468"
scene_11599,8,"(6, 7)","0,3290635352107323787552211083045"
scene_10344,7,"(0, 1)","1,212319258434670000333548760634"
scene_12510,8,"(1, 2)","3,433330342033333841203333223340"
scene_11102,8,"(0, 1)","1,20007808246212261481282320071805"
scene_10461,7,"(2, 3)","1,21331263001123134966626444571115"
scene_12718,4,"(0, 1)","3,4102200401193244272589262232727526"
scene_12200,6,"(4, 5)","1,31321115798457289533874956623093"
scene_13100,7,"(2, 3)","1,2196217834447365582275325919629"
scene_10452,7,"(0, 1)","1,2123455658391478406258011377311"
scene_14772,8,"(1, 2)","1,2901428943032545484612521513"
scene_11920,8,"(2, 3)","1,21043447212331368521353312134124"
scene_10063,7,"(0, 1)","0,2164296211618209429114831650184"
scene_11158,7,"(1, 2)","1,220722537283376351371929268115"
scene_14189,7,"(5, 6)","1,352341648844214152920149246672"
scene_13502,8,"(3, 4)","2,412234132342156101982175292617"
scene_13992,7,"(4, 5)","1,2808297729792636786725095024"
scene_13120,8,"(0, 1)","1,293456101114231253122256326041"
scene_11455,8,"(5, 6)","1,230523049297414031922660427130"
scene_12939,8,"(0, 1)","1,21352413420413978515078235291352750"
scene_11008,8,"(3, 4)","1,23748344215661979615411077822"
scene_12564,8,"(3, 4)","2,31081302142134210303482133423"
scene_12467,7,"(2, 3)","1,313575683120487485259342025347"
scene_12321,7,"(4, 5)","3,473927817444996031561642872181135"
scene_11338,8,"(4, 5)","1,2368883577774474262221231281101"
scene_11036,8,"(0, 1)","1,29330491862242029281193615340"
scene_11151,8,"(3, 4)","1,312412062335144958444618554901"
scene_12144,7,"(4, 5)","1,42371429631507311230192600419"
scene_11670,7,"(1, 2)","1,33164260035121941646459175726"
scene_10400,8,"(4, 5)","3,412345621234621452056784819433"
scene_13327,7,"(0, 1)","1,21011240611031214153540142132"
scene_12593,8,"(5, 6)","1,31458937673324305889890324597324"
scene_10019,8,"(6, 7)","1,216921208078748081814838151019"
scene_10736,8,"(6, 7)","1,5152153438311953354110048319832"
scene_12609,7,"(5, 6)","5,322621524841413173590111010"
scene_13227,7,"(4, 5)","1,1712217396219688931072212318824"
scene_12262,7,"(2, 3)","1,219039714923171935352135654776973"
scene_13480,8,"(3, 4)","1,36039430348155636267428176318"
scene_10384,7,"(5, 6)","1,313317908996016001021527621677"
scene_10287,7,"(0, 1)","1,21131112330561607296554671061809"
scene_12841,7,"(0, 1)","1,21453662323456743453431161000537"
scene_12944,8,"(3, 4)","1,21422500383037002334332303749"
scene_10341,8,"(6, 7)","1,37722526243570649922323245700"
scene_11137,7,"(3, 4)","1,21231473121523127121412541312"
scene_10354,8,"(3, 4)","1,23348563120831231314236211105"
scene_12399,7,"(5, 6)","1,510119611231981244153841942696398"
scene_12717,8,"(0, 1)","1,21371514114361742132152343030623"
scene_14671,7,"(3, 4)","1,21404061162260894052678120531662"
scene_11302,8,"(5, 6)","1,218031108747361978489358591465"
scene_12135,8,"(3, 4)","1,315678343577456627234441173848"
scene_10381,8,"(0, 1)","1,254028271734345297929438017349"
scene_12424,8,"(0, 1)","1,35435261602143289134841963852"
scene_10786,7,"(2, 3)","1,2202250258023525173253745126912"
scene_14019,7,"(4, 5)","1,2123456742134957621125431123123"
scene_12354,7,"(1, 2)","1,26280795514638832721419907028"
scene_14639,8,"(0, 1)","1,324430416478999334489358613314"
scene_14777,7,"(1, 2)","1,27827312021424435777012412686309"
scene_11741,7,"(2, 3)","1,3362137331201359661582231248339360"
scene_13438,8,"(4, 5)","1,395307221020101720636472830233"
scene_10289,7,"(5, 6)","1,31262118881416712847108474302873"
scene_11421,7,"(4, 5)","3,46230332567731115373311462810"
scene_14756,7,"(4, 5)","1,2"
scene_13646,8,"(5, 6)","1,2145367414519276467373762731469"
scene_10239,7,"(2, 3)","1,237012003123111538202616528308203"
scene_14198,7,"(3, 4)","1,3580400414310734411016382321915"
scene_14210,8,"(4, 5)","1,301303140520130214603113802101204200"
scene_10241,8,"(4, 5)","1,3333234234127551128444211235453"
scene_11743,8,"(2, 3)","1,4913231127212342231514521341"
scene_13586,7,"(3, 4)","3,420072008200420031305780070"
scene_11377,8,"(4, 5)","1,2222122343451123456719809506688"
scene_13867,8,"(4, 5)","1,22246327433241301941304346345"
scene_12417,8,"(3, 4)","1,212744442354123456569123784639"
scene_11259,8,"(0, 1)","1,3126247831472124345678910131516"
scene_14648,7,"(5, 6)","1,219981031071129200820203046810930"
scene_11640,7,"(0, 1)","3,41111011726621480392610791004"
scene_12694,8,"(6, 7)","1,2134302234212037223035413243"
scene_14434,8,"(5, 6)","1,25846364316433742859898816767"
scene_14243,8,"(5, 6)","1,3784112345513231123453452000245"
scene_12838,7,"(4, 5)","1,4358672036663442349783173832313"
scene_11265,7,"(5, 6)","1,21003115235713025140320193318739"
scene_14195,8,"(6, 7)","3,19969444767550997527265848560"
scene_11732,8,"(1, 2)","1,2183534692582113736472272770"
scene_14828,7,"(3, 4)","3,490062943535458330902650793256"
scene_14991,7,"(3, 4)","1,3733230234024101632513242100"
scene_13594,8,"(1, 2)","1,245678194301523521086479336219"
scene_11203,8,"(3, 4)","1,23523467745236402944140345623"
scene_12195,8,"(2, 3)","3,430217111120101436278681325423"
scene_14463,7,"(3, 4)","1,219015218764128962364735482838867"
scene_10796,7,"(3, 4)","3,42175553972246366212150721827"
scene_12950,6,"(3, 4)","1,21543011481922023112082734714639"
scene_10642,8,"(5, 6)","1,216435453112311427035311257743920"
scene_11309,7,"(0, 1)","1,254657988789013054165970478294"
scene_11081,7,"(2, 3)","5,2000000000921242027558337610464"
scene_12304,8,"(3, 4)","1,21071214510262104338216325312151"
scene_13101,8,"(2, 3)","1,31694112763777789413201443110"
scene_10538,7,"(5, 6)","1,4245170332210006431803074437475327"
scene_13587,7,"(2, 3)","1,316610590734527627228119570611797"
scene_13202,7,"(2, 3)","1,36541982122202665188119738784392"
scene_13866,6,"(1, 2)","1,22398000321304271919066054723834"
scene_12801,8,"(5, 6)","1,32113504462123537340470256546"
scene_10750,7,"(3, 4)","0,1014285714012033174482434918"
scene_12130,7,"(0, 1)","1,2201100010110110011010001012011100"
scene_14250,7,"(0, 1)","1,169277948814358066588642437535"
scene_11638,8,"(6, 7)","1,36224491238385120936373387970"
scene_10208,8,"(0, 1)","1,35110712435234843322204349356107125"
scene_12768,8,"(0, 1)","1,2336264179531918164927511968"
scene_10128,7,"(3, 4)","1,245678984123456789412345678984119"
scene_12473,8,"(0, 1)","1,245632106712437098934112359104789"
scene_14127,7,"(5, 6)","1,33100200015112931833330013800"
scene_13318,7,"(5, 6)","1,23342171084644712434455520278"
scene_13495,8,"(2, 3)","1,3055067342305132200751610712062"
scene_10571,8,"(6, 7)","1,2982323130331426198298352887751"
scene_13358,8,"(1, 2)","1,42144487431136304313763131471"
scene_12476,6,"(4, 5)","1,23021041011016216201021101082851"
scene_13017,8,"(0, 1)","1,21091162151231101121510152933"
scene_14158,7,"(4, 5)","1,211535376471190019209802581987"
scene_10797,8,"(4, 5)","1,29921101100915353430017203908001"
scene_10880,8,"(4, 5)","1,44304630212533813056200307243815"
scene_11939,7,"(2, 3)","1,20004544307412573078505948936"
scene_10921,8,"(5, 6)","1,3161109282120136102107133791651379"
scene_10405,7,"(0, 1)","1,262115302504633406064109182435"
scene_11258,8,"(3, 4)","1,2351113132123532321441121435"
scene_14716,8,"(2, 3)","1,36211112891111961093107107103108108"
scene_10059,8,"(6, 7)","1,3907751891657320359148029489013"
scene_11986,8,"(5, 6)","1,42250356739295843102854779319"
scene_14382,7,"(3, 4)","1,3103174431563518484537684122396"
scene_14531,7,"(5, 6)","1,310855237311127043324903326197"
scene_14188,6,"(0, 1)","1,21303021132022116903012010001098033"
scene_13582,8,"(2, 3)","1,362115112310764501912320221117"
scene_10378,8,"(4, 5)","1,31234567376578910126984313619146"
scene_14724,8,"(2, 3)","1,2147716579149782762240148002960"
scene_10830,8,"(2, 3)","1,38465841155443249633446245445"
scene_14717,7,"(0, 1)","3,41612304120551243920659275595"
scene_14843,8,"(4, 5)","1,42896910492322610211735789326489"
scene_10947,8,"(4, 5)","1,423130312020341001271135173022"
scene_14504,8,"(1, 2)","1,3327284120787123725117763521706"
scene_11147,8,"(1, 2)","1,23636357429307742201534920022"
scene_10678,7,"(5, 6)","1,4783510181904723486543199277107"
scene_12952,8,"(3, 4)","1,31390721522337521349152503599"
scene_14055,8,"(1, 2)","1,325023943162314431442153411214"
scene_12093,8,"(6, 7)","1,2109298273523935287518618330960338"
scene_11057,8,"(0, 1)","1,2110001000101231500030001101100"
scene_12542,7,"(2, 3)","1,26720662445232920634241076456"
scene_14294,8,"(6, 7)","1,3358516596317621667182393759"
scene_14264,8,"(4, 5)","1,216018203914687371803999131663"
scene_12973,7,"(2, 3)","5,112314434125759112554777894234234"
scene_13011,8,"(0, 1)","1,3"
scene_11879,8,"(6, 7)","1,2623018223349594119200141397"
scene_11328,8,"(2, 3)","3,27111769132432640394436012810913040"
scene_12869,7,"(4, 5)","1,33484119611902664911234559791123"
scene_11740,8,"(1, 2)","1,4985460050110780024234272652465"
scene_13455,8,"(6, 7)","2,47184561530772008044824120255347"
scene_14338,7,"(3, 4)","1,3592371434343115417835219028314315"
scene_11456,8,"(6, 7)","0,1201629922993885230340010200775"
scene_13521,7,"(4, 5)","1,2"
scene_10091,7,"(4, 5)","1,230446928197794622289318215307"
scene_14233,7,"(4, 5)","4,1196112319922341231126622563298"
scene_12307,8,"(5, 6)","1,3141241245342921775194362202408"
scene_13685,8,"(5, 6)","2,320118174411042723783865052582022"
scene_14562,8,"(4, 5)","1,2137421147341545263130543050"
scene_11427,7,"(0, 1)","3,49090300300010721101092018703000"
scene_14370,6,"(4, 5)","2,459101543686305802385901021201"
scene_12687,8,"(5, 6)","1,2999319621081389191435156660"
scene_12305,8,"(6, 7)","3,41851712547526114068324006434"
scene_10976,5,"(2, 3)","2,39938406219213219611943284962"
scene_11826,8,"(0, 1)","1,21358864494479291040031167864"
scene_10990,8,"(1, 2)","3,438351342927082424753514430612"
scene_12022,8,"(2, 3)","3,266803840522793487523310775840478"
scene_13284,7,"(5, 6)","1,2134351873456736178652546737345"
scene_13976,7,"(2, 3)","1,4181946387230204922391073914"
scene_13334,7,"(2, 3)","1,356782941107481398047981985055"
scene_10703,7,"(2, 3)","1,230435262523456746192713832609"
scene_10639,8,"(0, 1)","1,3900500021641648477386337293360"
scene_12856,8,"(1, 2)","1,212072027471402662602776440685"
scene_10290,8,"(6, 7)","1,34567896271348369473525134827"
scene_11496,7,"(1, 2)","1,2419611011092103784124842407"
scene_14523,7,"(4, 5)","1,23403117777223130211545463435"
scene_14435,8,"(5, 6)","1,4585082228232637079110346916914269"
scene_10175,7,"(3, 4)","3,42361243124315001447874140896"
scene_10852,8,"(0, 1)","3,42110111351031234834291030313485"
scene_13372,7,"(1, 2)","1,25837734667927305403774386911"
scene_13259,7,"(5, 6)","3,425496211181440835722377988413"
scene_14298,7,"(5, 6)","1,2391920307475266729461329637"
scene_10050,8,"(0, 1)","1,262326113376446353457237350063"
scene_13278,7,"(0, 1)","1,211391049221033669368894068047"
scene_14622,7,"(5, 6)","1,2202131990634030911024308590"
scene_13186,6,"(4, 5)","1,211234344455678901213161819620"
scene_12865,8,"(1, 2)","1,245678910821322634363844456781403"
scene_11206,7,"(3, 4)","3,435634252236345009602653190623"
scene_14368,8,"(3, 4)","1,543111111131213133132153333"
scene_14923,8,"(3, 4)","3,4693012931901000407762803359"
scene_10949,8,"(2, 3)","1,218714356723657246077681460269"
scene_10802,8,"(1, 2)","1,4122321132090585233940771976328"
scene_10767,8,"(2, 3)","1,25620821937336132466014433132"
scene_12331,5,"(2, 3)","1,3237143421151412153713706857973"
scene_10453,6,"(2, 3)","1,260584008235177762181700082717"
scene_12533,8,"(6, 7)","1,469225221133123761114314761129"
scene_11409,7,"(4, 5)","1,230234714939069280294531544364"
scene_13239,7,"(4, 5)","1,330081001108339664476263541649"
scene_14380,8,"(0, 1)","3,41234561177881244180098114059"
scene_11063,7,"(0, 1)","1,2244157923456748211943143559"
scene_14682,7,"(1, 2)","1,5235362190174844118380939350781128"
scene_13967,8,"(1, 2)","1,240523546958664162184031391096810"
scene_13066,7,"(4, 5)","1,1000200038064212831983167324518936"
scene_13429,5,"(0, 1)","1,314216190908341753091703302622211"
scene_10201,7,"(5, 6)","1,242793142634343531108654758006"
scene_12420,8,"(0, 1)","1,3354550435411997248479128100012"
scene_10216,8,"(2, 3)","2,170483236173031005441811379239234"
scene_13608,7,"(3, 4)","1,3113445145363840291032163369"
scene_12835,7,"(5, 6)","1,220031521100119755144268417727019"
scene_10680,8,"(3, 4)","1,314433107716411262202213923780"
scene_12669,7,"(3, 4)","1,24303225201429342053050025074895"
scene_10819,7,"(4, 5)","1,2623264617307913214332357581435"
scene_11325,7,"(3, 4)","1,2134231145591956116511234583530"
scene_13849,8,"(3, 4)","1,39033394023543505182531283470913"
scene_12804,8,"(2, 3)","1,316017281943160400000000000669"
scene_11154,7,"(1, 2)","1,21842137230332511759769621756"
scene_10090,7,"(4, 5)","1,50003332502878669102345212022"
scene_11255,8,"(0, 1)","1,313174232849421316179123354839"
scene_13705,8,"(2, 3)","1,27231124215813311279150003517"
scene_10340,7,"(3, 4)","1,25702981643330592444720002930"
scene_10728,8,"(0, 1)","1,212345678910111213141516171819"
scene_13016,8,"(2, 3)","1,372601390342288000250025226083"
scene_11347,7,"(5, 6)","0,13591773180426298319191942936"
scene_13749,8,"(5, 6)","1,211021534210342144222121111010110"
scene_13302,8,"(4, 5)","1,43118629098999635150352987440"
scene_10223,8,"(3, 4)","1,24513963697111092315093177967"
scene_14331,8,"(4, 5)","2,3341221344339176894398674911884"
scene_12699,8,"(5, 6)","3,4100034521361031124035256775"
scene_12292,8,"(2, 3)","1,213553206554239157625015261688"
scene_11995,8,"(0, 1)","1,5210917279047203582750794710710"
scene_12241,8,"(1, 2)","1,362105021053366786336203234513515"
scene_14706,8,"(3, 4)","4,182321502303514504352082314521"
scene_11834,8,"(4, 5)","1,20004617448633122623311931540"
scene_11437,8,"(0, 1)","1,342012343355421276521324351788"
scene_10737,8,"(0, 1)","1,273182107204532174119133301837"
scene_11620,7,"(1, 2)","1,24350454683017303545345351648"
scene_10075,7,"(2, 3)","1,264313423314321072643134233123120"
scene_11114,8,"(1, 2)","0,12955480636827872326145646409"
scene_14173,8,"(6, 7)","1,3101124013359970134218752770"
scene_12092,7,"(1, 2)","1,21331523468651182131424258714"
scene_12935,7,"(2, 3)","1,2252453001260752342132623272222"
scene_13394,7,"(2, 3)","1,4190374612109693521106109640763"
scene_13150,8,"(2, 3)","1,2343560312345670026109876479314"
scene_12986,8,"(0, 1)","1,300230153541000132156107487701442"
scene_12141,6,"(0, 1)","1,2621443146054756521486313223"
scene_10821,5,"(3, 4)","3,148310750894412078563365008600"
scene_11193,8,"(5, 6)","1,3"
scene_12528,7,"(3, 4)","1,213712122131421121022233443133"
scene_12761,6,"(1, 2)","1,56216935231035112413650602915"
scene_14411,6,"(1, 2)","1,52343526234253452634526234251323156"
scene_12998,8,"(3, 4)","1,21199189119629419169014113918"
scene_12316,8,"(4, 5)","1,23731476282234524683722103315"
scene_14341,8,"(5, 6)","1,3801203063119371617062951880967"
scene_10867,7,"(1, 2)","2,317131455011112814311521090312314"
scene_11465,8,"(4, 5)","1,26220621662151123111171112280118"
scene_12926,8,"(4, 5)","123,12021422221322123456782329081356"
scene_14747,7,"(5, 6)","1,2033019173320638782510712832713"
scene_12917,8,"(6, 7)","1,213424561254313211156237984340"
scene_10496,7,"(2, 3)","1,3201532421421791352335648930345"
scene_12584,8,"(0, 1)","1,42374237122351421462311053120"
scene_12063,8,"(3, 4)","1,216935412069138893629164884219"
scene_13504,8,"(6, 7)","1,3162556742161135278272913724"
scene_12892,8,"(5, 6)","1,34112212281731326453931373293147"
scene_11379,7,"(0, 1)","1,275892462802854304670975450924"
scene_12540,7,"(3, 4)","3,4771311221992845691983531401617"
scene_14889,7,"(0, 1)","1,266621387197030010001513087970"
scene_14857,7,"(3, 4)","1,22401111310393431111253798131010"
scene_13471,8,"(0, 1)","2,01994107231555153318031245678"
scene_12831,7,"(2, 3)","1,3578308341878214239451543292835"
scene_14316,7,"(4, 5)","1,31426221190210204382353142010"
scene_13478,7,"(3, 4)","1,2000234320741344814112314484023"
scene_13221,8,"(4, 5)","2,1679974394219849749679169031222"
scene_11958,8,"(3, 4)","1,41021145416169431614710310915102214"
scene_12736,6,"(3, 4)","1,216878762760561015481832478915"
scene_12414,8,"(2, 3)","1,220693912353087413262804220238"
scene_10430,8,"(0, 1)","1,41151071520176591514113471662201645"
scene_13419,8,"(3, 4)","1,2718633773600875794862017979377"
scene_14714,8,"(0, 1)","2,36612233642780004940007831035911714"
scene_14335,8,"(2, 3)","1,33027892156533947038537373268"
scene_10055,8,"(1, 2)","1,2000314022800220412101104300000700"
scene_13634,8,"(6, 7)","1,28745321013672000929200062164135"
scene_12096,8,"(4, 5)","1,2179807450344634495361978094034"
scene_13492,7,"(3, 4)","1,22364311221312230293133122013122"
scene_13894,7,"(5, 6)","1,22583809955094116018461501656"
scene_14550,7,"(2, 3)","1,3721023436345451253160762600603"
scene_11213,8,"(0, 1)","5,31081341110134734556467750599133328"
scene_10410,7,"(3, 4)","1,35124152634133109322903122263025"
scene_13149,6,"(0, 1)","1,234567895101112131415161819"
scene_12299,8,"(1, 2)","1,31977023211931679244259353100419654"
scene_13311,8,"(3, 4)","360,3000917821354421052618063224688478"
scene_14179,7,"(4, 5)","1,34568082301487302191489362166192"
scene_14364,7,"(3, 4)","0,10180235677812453679408299416"
scene_12334,7,"(4, 5)","1,31434062345678089380000784434"
scene_12845,8,"(0, 1)","123,214639621483113284862181403493"
scene_10575,8,"(3, 4)","1,320170004202113474074862946633100"
scene_13012,7,"(2, 3)","1,315969462246131959960110007922665"
scene_10668,7,"(5, 6)","1,2473264621136237721239288417"
scene_14778,8,"(2, 3)","1,43773525332300511246002793006300"
scene_11602,7,"(1, 2)","5,02792279188216377463319796441430"
scene_11180,7,"(2, 3)","1,21331315544233485431921971103132"
scene_11006,8,"(6, 7)","1,21472290114130184761906273010"
scene_11297,8,"(1, 2)","1,266473412273042022049484346788"
scene_14326,7,"(0, 1)","1,42313531101034398136562237713559"
scene_12416,7,"(4, 5)","3,43583403170302441922635566072090"
scene_13993,7,"(5, 6)","1,34828999999999995111210210119"
scene_14941,8,"(0, 1)","1,27027412042135905824510152235"
scene_12984,7,"(4, 5)","1,316495276721382733061426053864028"
scene_14569,8,"(4, 5)","1,28768454453576835481111458765"
scene_10644,7,"(1, 2)","1,39422505678782981678422564823"
scene_10982,7,"(2, 3)","1,272394957239289957051949980237"
scene_14096,7,"(2, 3)","3,4105421001201423123113011201022"
scene_12864,8,"(5, 6)","3,46115011341190027341005893630"
scene_14536,8,"(6, 7)","1,33302112199906223402423411234"
scene_14487,8,"(5, 6)","1,25131301234567241480453081767"
scene_14880,8,"(6, 7)","1,333933632023455502175661091503"
scene_13243,8,"(1, 2)","2,5792572141175943170722363716"
scene_12898,8,"(1, 2)","1,24130931210412030206320115367"
scene_14109,8,"(0, 1)","1,23313075147841142433029912119969100"
scene_11334,7,"(1, 2)","1,33423203156723706251163594211123"
scene_13460,7,"(2, 3)","1,23111121141105110380011110202"
scene_11687,8,"(1, 2)","1,226269688186896282826761963"
scene_11671,8,"(1, 2)","1,214017244179312181116561430385"
scene_12697,7,"(4, 5)","1,31296196310021439956162983146"
scene_10686,8,"(1, 2)","1,463150183413481241305431152968"
scene_10902,7,"(5, 6)","1,200077041411904700290312093142164"
scene_13008,8,"(0, 1)","1,214544118921175970708544379211"
scene_13424,7,"(1, 2)","1,3997586710088202715476319931911"
scene_11647,8,"(6, 7)","1,22130209317217193077811283591779"
scene_13039,7,"(5, 6)","1,311916361410998462142854209349"
scene_12991,8,"(3, 4)","1,2362144031144124913314111114324"
scene_11724,7,"(3, 4)","1,3000112811343233441556123214"
scene_10681,7,"(4, 5)","1,4962900488241325763533031365116104"
scene_10811,7,"(4, 5)","1,2362183156092017971288753452164300"
scene_12607,8,"(3, 4)","1,20414413178133550623061121889"
scene_14567,7,"(5, 6)","3,41231222642120278791105430182"
scene_14079,7,"(4, 5)","3,60030002001397992090210839234530"
scene_13422,7,"(5, 6)","1,41099111835592839543909635636"
scene_12906,8,"(5, 6)","1,214224654677225745130481584000"
scene_14391,7,"(4, 5)","1,36225931843157741208616424415"
scene_12090,8,"(2, 3)","1,210836247840439310736105341237533"
scene_12151,7,"(5, 6)","1,2123456763182622951258685312"
scene_11217,8,"(2, 3)","1,21131413521715182355113433124"
scene_12724,8,"(1, 2)","1,345785973105718999100048346208"
scene_14458,8,"(3, 4)","5,100062343002128462460031283826"
scene_11477,8,"(0, 1)","1,2609289635474677308452197505816"
scene_10506,7,"(3, 4)","1,4"
scene_12353,8,"(3, 4)","2,3211021041101081093109091071130"
scene_13724,8,"(5, 6)","1,220292010191321092219101116110"
scene_14306,7,"(2, 3)","1,3553252218761634352207895620524"
scene_10157,7,"(2, 3)","1,21091111344022611292623950517134"
scene_11603,7,"(4, 5)","1,2120183172818142938244082037"
scene_14372,6,"(0, 1)","1,314411043114510631030752613"
scene_12388,8,"(2, 3)","2,379693543180566026735271666378"
scene_10863,8,"(4, 5)","1,257613545831413631124958941035"
scene_12576,8,"(0, 1)","1,2743341121331264731147163432"
scene_10891,8,"(2, 3)","1,2336232134433154432423444420"
scene_14631,7,"(3, 4)","1,2345678910111213141516171819"
scene_12131,8,"(3, 4)","1,22393984313203534586375442647275"
scene_12563,6,"(0, 1)","1,273056934711914927000000003808"
scene_12392,8,"(0, 1)","1,32067345414716178844831506117"
scene_14997,7,"(2, 3)","1,35065157775817453553205949904"
scene_14640,7,"(2, 3)","1,3105367215504661189679817789175"
scene_10551,8,"(0, 1)","1,45140230562130103241124316"
scene_10284,8,"(5, 6)","1,41994416214731232036073146030199"
scene_14901,7,"(0, 1)","3,10001000431734193311124716725"
scene_10780,8,"(4, 5)","1,21353434543934567788994105111213"
scene_11404,8,"(4, 5)","1,343178220276716762835309564"
scene_13228,7,"(4, 5)","1,2356562112796660214723375337740"
scene_11068,7,"(3, 4)","0,116011546422801287159842291036"
scene_12982,7,"(3, 4)","1,26218003693167898525146971329"
scene_14890,7,"(4, 5)","1,252807711162701082372900725130535"
scene_12004,8,"(4, 5)","1,210710121091587619831839061043147"
scene_11854,8,"(6, 7)","1,2190120212044120478044654790"
scene_14044,7,"(5, 6)","3,16210426325434053790059201432423"
scene_12081,8,"(0, 1)","3,2613037544102047833331645061539"
scene_13293,8,"(3, 4)","1,277731223345674812255718712456"
scene_12938,7,"(4, 5)","1,211231535721424442119502558"
scene_12295,7,"(5, 6)","1,2242061044316613988017487736614"
scene_13155,8,"(1, 2)","1,22784295133622223587674799878"
scene_10848,8,"(2, 3)","1,22002346213330363271432425910054000"
scene_14681,8,"(4, 5)","1,2752729677546993985726392873"
scene_13510,8,"(3, 4)","1,411399809571193693147721562779"
scene_10789,7,"(4, 5)","1,3907618796124336493972151512960"
scene_12076,7,"(1, 2)","3,2"
scene_13180,7,"(0, 1)","1,2666772346884677932621040016614"
scene_11607,4,"(1, 2)","1,24883905947838352103203644334913"
scene_11225,7,"(0, 1)","9,57566109678921376410112899591428"
scene_12328,8,"(6, 7)","1,4742083693178880542691302780"
scene_12635,8,"(6, 7)","1,21443142141442134132413214144"
scene_13888,8,"(2, 3)","2,4131305436771253958204884114202"
scene_10725,7,"(5, 6)","1,2410622099701327747388633110550"
scene_10183,8,"(0, 1)","1,4111111111000111011010101000001"
scene_14972,7,"(4, 5)","1,74471389274492679267202834717977"
scene_12242,8,"(5, 6)","1,46667774150213523733861892781627"
scene_14905,8,"(1, 2)","3,114968134714226713467010317595"
scene_13161,8,"(0, 1)","1,200089369009413315381242183234"
scene_13614,4,"(0, 1)","1,2395723492945976445354843024"
scene_13047,8,"(5, 6)","1,34330322212218444489850867240748"
scene_10357,7,"(3, 4)","2,462321422171114874034306212"
scene_14912,7,"(3, 4)","3,112581423372654281600013500590"
scene_10419,7,"(4, 5)","1,22221299310714218123020412020212"
scene_11105,8,"(4, 5)","1,33252535346348355613284213494525"
scene_11475,7,"(4, 5)","1,515580314511824316238246781128302272"
scene_13754,7,"(1, 2)","1,3211031203040123456789470301609"
scene_13670,7,"(2, 3)","0,2103424411242008834100521735611"
scene_12579,8,"(2, 3)","2,161303718284576879341645064157"
scene_10375,7,"(2, 3)","1,3142121194213789213731283941238"
scene_13938,8,"(3, 4)","1,316980972000995000818025608682357"
scene_13771,7,"(3, 4)","1,328504833124231682347227873103"
scene_14034,8,"(6, 7)","1,25436003110102318271912345678"
scene_11596,8,"(2, 3)","1,29112651577953535341056405460"
scene_13280,7,"(5, 6)","1,31606630391169502355617253533"
scene_12074,7,"(4, 5)","1,2967535375770000281008253681758"
scene_13261,8,"(0, 1)","2,44802662802484918258478901823"
scene_11098,8,"(6, 7)","1,21233244255557325762134546224"
scene_14371,8,"(5, 6)","1,3166283873451197212345678904132"
scene_13613,8,"(5, 6)","1,27848453459320508634523654432"
scene_12557,8,"(2, 3)","0,11875581662817109446927633726009"
scene_12197,4,"(0, 1)","1,420231123114233556783134351564196"
scene_10351,8,"(2, 3)","46,3122190415622461564827973349782"
scene_14036,7,"(0, 1)","1,2123456700311990130135440093216"
scene_10761,7,"(4, 5)","1,225366630215000593327263369691248"
scene_13581,8,"(5, 6)","1,4887207345995064625020073988433664"
scene_11538,8,"(3, 4)","1,3"
scene_11458,7,"(2, 3)","1,21341242134520210750236025521516"
scene_14566,6,"(2, 3)","3,536331268345839318731543019622"
scene_12218,8,"(5, 6)","1,21643576749874317141632481605"
scene_13396,7,"(5, 6)","1,21531507692316491773144860215"
scene_12977,6,"(4, 5)","1,218031129311333211281151152180115"
scene_10121,8,"(6, 7)","1,391709933206352893001122104618"
scene_11337,8,"(1, 2)","1,34679673348457723983118374568"
scene_12224,7,"(2, 3)","1,248897656390112768481000771840"
scene_11396,6,"(0, 1)","1,36667452739932253407159704328"
scene_10311,7,"(4, 5)","1,218571864185733352195451086432"
scene_10951,8,"(5, 6)","1,346260040858830204766911111659"
scene_11791,8,"(1, 2)","1,4321304962255345612345679871908"
scene_10401,8,"(2, 3)","1,24147366216609107314941805246"
scene_10219,8,"(2, 3)","1,236264961574121410443399813610"
scene_11417,8,"(5, 6)","1,2176368568296938854552738384184"
scene_14193,8,"(5, 6)","1,20032445985607103204357628395204"
scene_10321,8,"(5, 6)","1,21742638131434571073213453543"
scene_12622,7,"(3, 4)","1,219112141434364973196237490217418"
scene_11573,7,"(1, 2)","2,5698765432112364312345164374132234"
scene_11359,7,"(4, 5)","1,21087776521021072708390021647893085"
scene_11594,7,"(5, 6)","1,5171093411723115298417184535786"
scene_10985,8,"(0, 1)","1,21502934645266158277139745503144178"
scene_12462,7,"(2, 3)","1,26912204588425891786743143787"
scene_13138,7,"(4, 5)","1,23952106218991128932818191434"
scene_10315,7,"(3, 4)","1,31453319741987100012021573454183"
scene_14629,7,"(5, 6)","1,28095674394867131630174028201"
scene_12651,8,"(6, 7)","1,3657314523452345236714536468"
scene_13716,7,"(2, 3)","1,22015594305804119543731053098113"
scene_13453,8,"(6, 7)","1,212417014356253358122111346112314"
scene_11289,6,"(1, 2)","1,314810310721360519921342342431514"
scene_12273,7,"(5, 6)","1,2000691465626225008428018508417"
scene_13759,7,"(5, 6)","1,41305179231491128002771548053899"
scene_14769,8,"(6, 7)","1,26213673942875218039857327710769"
scene_13863,8,"(5, 6)","1,227361064332636716430851183991"
scene_10190,5,"(0, 1)","1,2233453696110101231549231120214"
scene_12524,8,"(5, 6)","1,3488383042145480063567413854477"
scene_11948,7,"(5, 6)","1,2114570921234567962359915418423"
scene_13442,7,"(3, 4)","1,3521234223456789101113141517"
scene_10942,7,"(4, 5)","1,3456213316098528863799062389"
scene_10174,8,"(2, 3)","1,3"
scene_14742,8,"(0, 1)","1,2730529641025120380190160256885305"
scene_12615,8,"(2, 3)","3,41072618211073762352189488123650"
scene_14015,8,"(2, 3)","1,431371630084204291320458733947"
scene_14855,8,"(1, 2)","1,214595859582143043061301837048"
scene_12962,8,"(1, 2)","1,2560725315263127149380236871176"
scene_14409,8,"(2, 3)","2,412345190836496200893223330080"
scene_13965,8,"(6, 7)","1,211311143413314171433133745254"
scene_13998,8,"(3, 4)","1,3"
scene_14800,8,"(1, 2)","1,110001000111010110101100101000"
scene_14128,8,"(1, 2)","1,33934345112345172335563145423"
scene_12323,8,"(1, 2)","1,2111102211110112010920211111222"
scene_12421,7,"(1, 2)","1,21234312847264687913526851378464"
scene_14871,8,"(0, 1)","1,4186310311466151517926981741354"
scene_12493,7,"(2, 3)","1,2170235385520001922341199476444620"
scene_13640,8,"(6, 7)","1,24356701106213547156230487469106"
scene_12268,7,"(0, 1)","1,236041563246790112785434446289"
scene_10926,7,"(4, 5)","1,3303728252343172591111135023"
scene_14156,8,"(6, 7)","1,398142130133993369351659314713"
scene_11881,7,"(4, 5)","1,28045225812931501210934046668107"
scene_14471,8,"(6, 7)","1,44219301195210281579355779132"
scene_14660,5,"(0, 1)","1,21267777821202070095627098161157"
scene_13163,8,"(5, 6)","1,43521362784156188312746613322256"
scene_11626,8,"(2, 3)","1,2118473123456765435418673454123456"
scene_11095,8,"(6, 7)","1,3235615112210710410352164611464"
scene_12562,7,"(4, 5)","1,3952923548286463505442402882782"
scene_11034,8,"(1, 2)","1,2104352231327431331681205141224"
scene_13201,8,"(4, 5)","1,23587757612156736441231427478"
scene_12263,8,"(3, 4)","1,30001000435200031400000000000201"
scene_10610,8,"(1, 2)","1,2107111036221216034117231013518"
scene_10395,8,"(1, 2)","1,311410001000131024211141070135"
scene_10439,8,"(1, 2)","4,1302161316600011284103135213481"
scene_10735,8,"(6, 7)","1,2135231512345345656823456734523"
scene_12959,8,"(5, 6)","1,2100100110011101111010010101110"
scene_14074,7,"(4, 5)","1,211023013024120151102213021301201"
scene_10070,6,"(1, 2)","1,320721648628573153640467467643162"
scene_11175,7,"(5, 6)","49,1900350897134522887343473374738329"
scene_13321,7,"(3, 4)","0,1107070266518222344704611422"
scene_12617,8,"(0, 1)","1,3999173151920160357092927731485185"
scene_14447,8,"(3, 4)","1,2107698133110103511252178323410"
scene_11685,8,"(2, 3)","1,200092126810584400232831602412"
scene_12440,8,"(5, 6)","1,416935752374275544337954492814"
scene_12312,8,"(5, 6)","1,210869122220234378793904109767"
scene_14029,7,"(1, 2)","1,29921322959313454624384631947"
scene_13939,8,"(3, 4)","1,2313469045872111714903108140415"
scene_10247,7,"(4, 5)","4,23016570459318437313412354634057"
scene_12655,7,"(2, 3)","1,1917622753269256217912587409376"
scene_11868,7,"(5, 6)","1,25423442622352823628755847216"
scene_12072,7,"(3, 4)","1,2168334345693079675010383092"
scene_14775,8,"(1, 2)","1,214310860369026654834221022727"
scene_13621,8,"(4, 5)","1,2144124463312832012520331235125"
scene_14543,7,"(1, 2)","1,51621219408054821127112739128179"
scene_10278,6,"(2, 3)","1,3456789130223411591620774712"
scene_14573,7,"(3, 4)","1,213402061843534313249000620430"
scene_12506,7,"(1, 2)","2,112350200071754766867811283145285"
scene_11690,7,"(2, 3)","1,2106221435777637801821109045"
scene_14865,8,"(5, 6)","4,235672134458944233114489208298237"
scene_10198,8,"(4, 5)","3,4"
scene_10304,8,"(3, 4)","1,3196374610787549731647128036"
scene_10138,7,"(3, 4)","1,21205304311232206537170863847"
scene_13272,8,"(6, 7)","1,425330260419612704215484346565"
scene_10240,8,"(2, 3)","1,31000026867056836208542826314235"
scene_14290,8,"(6, 7)","1,2131195035290313912498354087450"
scene_12001,7,"(3, 4)","1,329805794904960173972090775420"
scene_12545,7,"(4, 5)","3,435197141228647115191010117314"
scene_10694,7,"(4, 5)","7,4111109059182322288117369877125"
scene_14492,8,"(3, 4)","1,2107331015348037475856100892579"
scene_10690,8,"(1, 2)","1,51974623773865917769113003256360"
scene_11888,8,"(6, 7)","1,431233101442323119842233212431"
scene_12010,7,"(1, 2)","1,219407119431628504910334410"
scene_14683,8,"(6, 7)","1,100010100001100101101100110010"
scene_11055,7,"(4, 5)","1,31799622441405634080413010718"
scene_13959,8,"(1, 2)","1,23674506618123347918781078968"
scene_12046,8,"(6, 7)","3,400313432223323434134328342354314"
scene_11007,7,"(2, 3)","1,2347567578292341198450001000497"
scene_14011,8,"(0, 1)","1,228847847656672553312028620468700"
scene_13425,6,"(3, 4)","1,21954110216723345528714897854145"
scene_11352,8,"(6, 7)","1,3072362375180658992164124968421"
scene_10804,8,"(2, 3)","2,11391327995503623966391525424313"
scene_10625,8,"(4, 5)","1,51131234523678392727108123026509"
scene_13930,7,"(0, 1)","1,52301383382191233007113001128120"
scene_13403,8,"(5, 6)","1,358721131320218821202742527512"
scene_12439,6,"(4, 5)","3,26210411235443324132747573359"
scene_13191,8,"(6, 7)","1,212345678910111213141516171819"
scene_10598,7,"(0, 1)","1,3350204894789225577030369080935"
scene_13803,8,"(2, 3)","1,23589363712609421206223140857"
scene_10187,8,"(0, 1)","1,212012167495356194119230886688"
scene_11696,7,"(1, 2)","1,224115192411021324264083826144"
scene_11282,8,"(2, 3)","1,3040174543187760651101204384883"
scene_11519,7,"(3, 4)","1,04979367133188937483057461703"
scene_13952,7,"(4, 5)","1,22551198749997138415611276480"
scene_11312,8,"(1, 2)","1,4112345567891012131415161719"
scene_14878,6,"(3, 4)","1,215013731210921323454561210112235"
scene_14013,8,"(0, 1)","1,3123921301432212345999999672111"
scene_12823,8,"(1, 2)","1,43133124226233212373328134629837"
scene_14774,8,"(6, 7)","1,236387310748884881865746471544"
scene_12101,7,"(3, 4)","168,10925421801579244246337213038150298"
scene_11474,7,"(2, 3)","1,317517220821077091545037385102918"
scene_12429,8,"(0, 1)","4,268392231202021761201907408198701"
scene_12705,7,"(3, 4)","2,5431249253421354633671446548219"
scene_11472,8,"(0, 1)","2,4681141323650948445351979617389"
scene_14969,8,"(3, 4)","1,3457422143613711211391124235"
scene_11910,6,"(4, 5)","1,30482833119214589634287921231"
scene_14788,7,"(2, 3)","1,38219730383724541304721326211"
scene_11160,7,"(1, 2)","1,12012202102225921789505233330"
scene_14172,8,"(3, 4)","3,4288702976734591962198394463333"
scene_12518,8,"(0, 1)","1,212345670110234567891011121314"
scene_14377,8,"(2, 3)","1,258294946236721003111111200310735"
scene_14362,8,"(1, 2)","1,238912841254010252119235827558"
scene_13893,8,"(0, 1)","1,32502762136813793814000805925"
scene_13650,8,"(2, 3)","1,214621426333225133244263342"
scene_14072,8,"(0, 1)","7,8100143451330522519423743245337"
scene_13901,8,"(6, 7)","1,26413040929226891283503746920003429"
scene_10868,6,"(2, 3)","1,38880231435236561784756723578"
scene_14169,7,"(1, 2)","1,21234567890362772132212761223424"
scene_11242,8,"(1, 2)","1,56215736302243637231329174730929"
scene_11364,7,"(0, 1)","1,211510621183906144420661196735"
scene_10856,8,"(2, 3)","1,511112133171613431390933706591"
scene_11964,8,"(6, 7)","1,2426218362129173464739382859"
scene_14579,6,"(3, 4)","2,33611330112345807417793196099876"
scene_10771,7,"(5, 6)","1,227078788022210014167411037319877"
scene_12750,7,"(1, 2)","1,3169361780641043849891451891745"
scene_13885,6,"(3, 4)","1,2123421321421121341121321125"
scene_11545,7,"(3, 4)","2,38007873114270349936277006459809"
scene_11100,7,"(4, 5)","1,30011621428436354219891542947"
scene_14574,8,"(0, 1)","1,21034018921609242429641546127"
scene_10781,7,"(0, 1)","1,3325478947535944912456781204752387"
scene_14913,7,"(0, 1)","3,4"
scene_14517,6,"(2, 3)","1,312345647868901234534678123467"
scene_14784,8,"(1, 2)","1,3000300020007996001000800030100"
scene_13229,7,"(1, 2)","1,3180201200011289781128378342176257"
scene_13838,7,"(4, 5)","1,22765833038004541104110377327"
scene_14310,8,"(5, 6)","3,42061184204211487364783239597"
scene_10833,7,"(4, 5)","4,256243239333594434252253524238"
scene_14821,7,"(4, 5)","1,23034542453436455278056132872149"
scene_14659,8,"(3, 4)","1,2353540120313942134071914252617"
scene_14287,8,"(0, 1)","1,2000110212049100021105130200470810"
scene_13142,7,"(2, 3)","21,34046410121431545322007016637858"
scene_12171,7,"(1, 2)","5317,30483119324846521107482935234"
scene_12857,8,"(2, 3)","1,3190183619006512197633500331349"
scene_11691,8,"(0, 1)","1,3931119093625611276715371241"
scene_12605,8,"(0, 1)","1,436115151622011402202220233014"
scene_12478,7,"(1, 2)","1,21292031071152303723589458962875"
scene_10592,7,"(3, 4)","1,2821091103400059266790451227"
scene_11232,6,"(4, 5)","3,46215892880878856162449625886"
scene_12803,7,"(3, 4)","1,6169148735876141396913775291484"
scene_14387,7,"(0, 1)","1,21928001294227447285309226843838"
scene_12987,8,"(0, 1)","1,13456212027384048621098412345"
scene_12204,7,"(3, 4)","15,317931122379367212336192763112"
scene_10754,7,"(4, 5)","1,318732607912192689787371379437"
scene_11542,6,"(4, 5)","3,4214492324346542143544342224234"
scene_12859,8,"(0, 1)","1,2002123432151146119854113533785"
scene_10612,7,"(5, 6)","1,310628140767284311981231130119338"
scene_13793,7,"(4, 5)","1,42108890973666976122257815886128"
scene_11706,8,"(4, 5)","1,2123535467639352735541349618"
scene_13105,8,"(1, 2)","1,2276142740514160300318001917819"
scene_12149,7,"(5, 6)","1,21313243452132456234565431132"
scene_14087,7,"(1, 2)","1,38926215399906031951664888912715"
scene_11411,8,"(2, 3)","1,33549471127310545871126414795312"
scene_10192,7,"(3, 4)","1,314569644028774434864831396523"
scene_14817,7,"(0, 1)","1,217035821115782392112107742640"
scene_14968,8,"(4, 5)","1,216170614321836900636318614964"
scene_11750,8,"(2, 3)","1,23455678910121314151617181922"
scene_12921,8,"(1, 2)","1,412225331135291352632445353245"
scene_13525,8,"(4, 5)","3,110501338751265358559373643968"
scene_13651,8,"(3, 4)","1,249357069710542713055561256004"
scene_11128,7,"(1, 2)","1,320345678111011152041124334552"
scene_11231,8,"(5, 6)","1,34678345273277621023101567845"
scene_11694,8,"(5, 6)","1,2141817914342229826298334415663"
scene_10906,8,"(0, 1)","1,214757826314777753130284541970"
scene_13656,8,"(4, 5)","1,3125221535142502529351731083615"
scene_13508,8,"(2, 3)","1,211110107011161021111112001202007"
scene_12433,8,"(0, 1)","1,2171565931231463814234123134542"
scene_14251,7,"(4, 5)","1,235454110471123135021071820418223"
scene_11314,7,"(4, 5)","1,412212672112320985417631278993"
scene_11307,7,"(4, 5)","1,375713274628772124115778881726830"
scene_13807,8,"(6, 7)","1,3318927731859379999360039256"
scene_14726,8,"(4, 5)","1,3089345110225974167732392232"
scene_13664,7,"(4, 5)","1,3456789107111213141516171819202"
scene_14561,7,"(0, 1)","1,36211310487926651046187617513"
scene_10231,7,"(3, 4)","1,4238613931373801483555330958448"
scene_13756,8,"(6, 7)","1,23454567689012131416179192022"
scene_14451,7,"(3, 4)","1,210720111982133102227472758309"
scene_10960,8,"(0, 1)","1,2245406230103850313531409904332"
scene_14439,8,"(5, 6)","1,3122130454422743179533407698201"
scene_14825,7,"(3, 4)","1,31510802372771521760303537148203"
scene_13014,7,"(2, 3)","1,2312312345674567654564674567"
scene_11003,7,"(2, 3)","1,2345671980495911962181198530947"
scene_13752,7,"(5, 6)","1,39120112021904120152510003133122"
scene_14995,7,"(0, 1)","3,51512356731333187194333394654741"
scene_10137,8,"(2, 3)","1,210112345679162078931467889415"
scene_10414,7,"(0, 1)","0,318019421811214276052802784331"
scene_12916,8,"(2, 3)","1,411021154306213151368428314213"
scene_10845,7,"(1, 2)","1,66220142017585844600311358280022"
scene_13050,7,"(5, 6)","1,362206881217805278330292369406"
scene_13683,8,"(5, 6)","1,2101121074112312513134251422215243"
scene_11718,7,"(5, 6)","1,2307218758132110210808104900000"
scene_10131,8,"(0, 1)","1,34591198052314492105263590530523"
scene_10463,8,"(6, 7)","1,2621474903777430621427356214"
scene_14787,8,"(4, 5)","1,3453439212841442218662731767315"
scene_11130,7,"(5, 6)","1,22551176859144585507150311962610"
scene_10636,7,"(2, 3)","1,275493593132356810531714003456"
scene_12802,8,"(1, 2)","1,3186215519493493149473863430526"
scene_11887,7,"(0, 1)","1,22512022661838203182525083130"
scene_13572,7,"(2, 3)","1,2199170454883896601588233621478"
scene_14216,8,"(4, 5)","1,2147338298219173548265741038164"
scene_11554,7,"(2, 3)","1,26213567634031072331123194236215"
scene_12179,7,"(5, 6)","1,42000205430171091486320172905201"
scene_13948,8,"(1, 2)","1,4211013951034504034521412729730"
scene_13747,8,"(6, 7)","1,3201230415451961941521306215857"
scene_14526,8,"(6, 7)","1,5144787302514094132251701151824"
scene_13898,8,"(5, 6)","1,21353811211234589321012268413"
scene_10093,8,"(3, 4)","1,21322123133134141321314213141516"
scene_10014,8,"(5, 6)","1,2190115321234997384519104682331"
scene_14999,8,"(3, 4)","1,37734567421395898067345371495"
scene_10522,7,"(5, 6)","1,2623231122034520742031421243423"
scene_14670,8,"(1, 2)","1,21370130741822414272898423412344"
scene_13917,7,"(1, 2)","0,2125549571260691131230346412"
scene_12201,8,"(0, 1)","1,416910421121205552981791615458216"
scene_10732,8,"(5, 6)","1,29872774130806891883087848044813383"
scene_10486,8,"(6, 7)","1,2206241120141430061203201152014"
scene_11425,7,"(3, 4)","2,310010009042146543188619827928"
scene_10545,7,"(0, 1)","4,2996225312210404277271910002851828"
scene_12209,8,"(2, 3)","1,21669907353811336218303427232"
scene_14043,8,"(1, 2)","1,209364311241311341241208493234"
scene_11539,8,"(0, 1)","123,14214344772143542143234456732"
scene_11547,8,"(6, 7)","1,3211533173534236230779121144"
scene_13843,8,"(1, 2)","1,21334023345678058844150610739528"
scene_13980,7,"(0, 1)","3,292123034200021142622082021280"
scene_13590,6,"(2, 3)","1,246789366674345651766931123078"
scene_14538,5,"(2, 3)","1,469711073208830235134812504000"
scene_10555,6,"(4, 5)","1,2511131122133141335216271722118"
scene_13986,8,"(3, 4)","1,142011201220141442013201201501"
scene_13322,8,"(6, 7)","1,535183202163426762429525133553"
scene_13097,8,"(4, 5)","1,235278456264396735452212460819"
scene_14707,8,"(3, 4)","1,3041667482089425592631301065"
scene_11934,7,"(2, 3)","1,23062141817171362593181148560"
scene_10282,8,"(0, 1)","1,2103619301234744260361363922112"
scene_10246,7,"(5, 6)","1,4270191020043237213050202000000"
scene_14027,7,"(1, 2)","1,225973458197759750142533274869"
scene_10261,8,"(2, 3)","1,2101190100011961196119611961"
scene_12820,8,"(2, 3)","1,310211211422350134323344455678"
scene_14827,8,"(6, 7)","1,2311475110345627890451129156714"
scene_13362,7,"(0, 1)","1,333363716920610675061450808797"
scene_10299,8,"(6, 7)","1,44841055852151400071195013313119"
scene_10893,8,"(5, 6)","1,3105101041121084672010361752410"
scene_10012,7,"(2, 3)","1,269237831692901493835259781592348"
scene_14549,8,"(2, 3)","1,3691375338205815641093871562227"
scene_13382,7,"(0, 1)","1,3456782351102062871921493847360564"
scene_13929,8,"(6, 7)","1,345782314425136814300312345680"
scene_11263,8,"(2, 3)","1,362165744896433693137352546817"
scene_11894,8,"(3, 4)","1,2111111141122453161002271541333"
scene_13423,7,"(3, 4)","1,2133333334349876546670614983213"
scene_14983,8,"(5, 6)","1,2643602288711994359348239942200"
scene_13361,7,"(3, 4)","1,215027711930165052539561571507"
scene_12638,8,"(3, 4)","3,41216434621234234432621243241"
scene_14125,8,"(2, 3)","1,102047373318321404221128428835"
scene_14423,8,"(1, 2)","1,435175577621371452305331652759"
scene_10541,7,"(3, 4)","5,184757949250199967531231199629"
scene_12930,7,"(5, 6)","3,42122101973125372844356192205336"
scene_10227,8,"(3, 4)","1,20008893142502683190463303421"
scene_11825,7,"(2, 3)","1,220171906573000621830633123448"
scene_13373,8,"(6, 7)","1,678746873484910924131091436125"
scene_14278,8,"(4, 5)","1,2771542273003517831168253291098"
scene_14383,8,"(2, 3)","1,31238079198392314151124906563818"
scene_10842,7,"(0, 1)","1,3904451042614583397112981011062"
scene_10477,8,"(5, 6)","1,301549982383897835212570247544308"
scene_14126,8,"(3, 4)","1,31009538731587753698768344532"
scene_14899,7,"(0, 1)","1,2583133657363520617011224710534"
scene_13260,8,"(3, 4)","1,217127468402132876258974443096"
scene_14605,8,"(4, 5)","1,21313235521124151652113702443683"
scene_10614,8,"(6, 7)","1,218111712481938381250003082519"
scene_14230,6,"(1, 2)","1,243133132541214223044622413"
scene_14697,8,"(4, 5)","1,310246403144200041052812045364"
scene_10829,8,"(2, 3)","1,51583772735128035266911067300629"
scene_13153,7,"(2, 3)","1,42223411311053252182132214716"
scene_12244,7,"(0, 1)","1,290122363455678561823456713"
scene_10252,8,"(0, 1)","1,2213086143457942851261691846028"
scene_10460,6,"(2, 3)","1,4211982323427262476737142981930"
scene_12311,7,"(5, 6)","3,407791833443802110781005605638"
scene_10319,7,"(2, 3)","1,235863004000425670927155565732"
scene_11482,8,"(2, 3)","2,10461236104448353340884547"
scene_12164,8,"(3, 4)","1,4174311018226422786744481195667"
scene_14245,8,"(4, 5)","1,469104930131196281532211022298"
scene_13331,7,"(5, 6)","4,23789457214785353840561275323"
scene_10335,8,"(3, 4)","1,236916211677389442031124686707423"
scene_11014,8,"(1, 2)","2,120114212021202112491440030614"
scene_10895,7,"(5, 6)","1,232678310100011011122233292100115"
scene_13782,7,"(3, 4)","1,345678901234569876543210987634"
scene_11929,8,"(2, 3)","1,3721555312345290735806310613183"
scene_14477,7,"(3, 4)","3,4983763100052318000283994547944316"
scene_13612,8,"(0, 1)","1,401035202045125892343235676448"
scene_11531,8,"(5, 6)","1,3222334132115421411672356557"
scene_14708,8,"(6, 7)","3,584783481139384811754410433107"
scene_10628,8,"(2, 3)","3,413690981371122527827982673046"
scene_11959,8,"(4, 5)","1,23333413241324423242352144434"
scene_10548,8,"(3, 4)","1,23456789261672937110200411221649"
scene_14319,8,"(2, 3)","1,210769274028892804139178848622"
scene_10905,8,"(5, 6)","1,2456783014692512673310273897"
scene_13541,6,"(0, 1)","1,2623059867330212064891342561283"
scene_12456,6,"(0, 1)","1,33567423661403784103518151195255"
scene_14748,8,"(5, 6)","1,331241804362045166393828943154"
scene_14666,6,"(3, 4)","1,2503326214241445121354745012210"
scene_12822,7,"(2, 3)","1,3223105686213871902294121593677"
scene_12452,8,"(4, 5)","1,66681079101053380467853202565"
scene_12715,7,"(5, 6)","1,31077864315467311238878871076478"
scene_11257,8,"(5, 6)","1,23023317354619235679408446213320"
scene_11907,7,"(1, 2)","1,4213035697678984110921921201"
scene_10485,8,"(0, 1)","2,540037269441128432411327080107446"
scene_14399,8,"(1, 2)","2,3742074354234444474344773447"
scene_13359,8,"(6, 7)","1,3493022243189416983964722429"
scene_11473,7,"(4, 5)","1,266699709318888070031085217181000"
scene_14910,8,"(5, 6)","1,33546108242348896205831986956254"
scene_10046,7,"(3, 4)","1123,1126325213416521953305163254"
scene_12347,8,"(0, 1)","1,2"
scene_14227,8,"(1, 2)","1,300379045477044632004132426921"
scene_11237,8,"(0, 1)","1,316339962250859034140264263190"
scene_13253,7,"(1, 2)","3,24311171711342253130421433133"
scene_11094,7,"(5, 6)","0,149534054784662531887482743909"
scene_11830,7,"(2, 3)","1,234112431405156415743591362423"
scene_10965,8,"(2, 3)","1,2652612022445434633023106225172"
scene_14548,8,"(3, 4)","1,214322132411245234113587423313"
scene_11069,8,"(4, 5)","1,24567891011121314151617181920"
scene_10027,8,"(0, 1)","1,21231035111113012442702651140435"
scene_13734,8,"(4, 5)","1,210722354941523435261612040700345"
scene_11326,7,"(1, 2)","1,59023221374318623027273318839"
scene_12500,6,"(3, 4)","1,211528704130250230283486419859"
scene_10576,7,"(2, 3)","3,42170157111628879000266790037747"
scene_14655,8,"(2, 3)","1,2"
scene_10391,8,"(3, 4)","1,2777977901068154983323892247"
scene_13505,7,"(0, 1)","1,216029074218698332412356490845"
scene_14956,8,"(4, 5)","0,19999999988861283767200080029315"
scene_13010,8,"(1, 2)","2,4346553521379169661088641442"
scene_14017,8,"(4, 5)","1,41103521121903401211403621211"
scene_14750,7,"(2, 3)","1,2133122211992211412013310573581"
scene_11661,7,"(3, 4)","1,2356213484649854542612353452187"
scene_10719,8,"(2, 3)","1,21691144111099002067883031855"
scene_10792,8,"(5, 6)","3,42336467454139374785666180454713998"
scene_12326,7,"(2, 3)","1,205171247065677783559798315523612"
scene_14228,8,"(1, 2)","2,4227336225905601101107723105804"
scene_11381,8,"(0, 1)","0,4000100040002400200030005010005"
scene_13829,7,"(0, 1)","1,2135162149334845358045620821221"
scene_12889,8,"(5, 6)","1,358771691054848010328618894120"
scene_11054,8,"(1, 2)","1,41802822721728891830083305567"
scene_11880,7,"(3, 4)","1,314414165368097724765353040157142"
scene_13823,8,"(4, 5)","2,4212089331236007839108886284"
scene_11355,8,"(3, 4)","1,3865097876782849216099222976914"
scene_10462,8,"(4, 5)","1,217360809123420980621114892734"
scene_10790,8,"(0, 1)","1,46471324316234741212348767654"
scene_13126,7,"(2, 3)","36,11283180123182928420434772135278246"
scene_11918,8,"(6, 7)","1,3377693982921434140342043483754647"
scene_12665,8,"(2, 3)","1,34443536094794941222751022360328"
scene_10550,7,"(5, 6)","1,3982324134214800313420234832"
scene_12848,7,"(3, 4)","1,2109787747311378542926671447723"
scene_12598,7,"(1, 2)","1,3211423133314353517067290715"
scene_14638,8,"(4, 5)","1,557621135399342767235159387968"
scene_11862,7,"(2, 3)","1,345678113202163047013269167625"
scene_14212,7,"(5, 6)","1,510221121547829398715112829857133"
scene_11373,8,"(3, 4)","1,28399993117487248015430422074522"
scene_14257,6,"(1, 2)","1,2105511953996130071495796462968"
scene_12946,6,"(0, 1)","1,20001193903468790110907003107300"
scene_12327,8,"(1, 2)","1,213531107423411743244111241111"
scene_14824,8,"(6, 7)","1,38035428486200775187744522358112"
scene_10037,8,"(0, 1)","1,23568721655304764016504069797"
scene_10153,7,"(3, 4)","1,20148119335039651002798478945"
scene_13928,8,"(1, 2)","1,43079271424332261364012359764"
scene_14136,8,"(5, 6)","1,282271223241304943911557186487"
scene_12030,8,"(3, 4)","1,21143422843112142312210542733"
scene_13764,7,"(0, 1)","1,2357874382762192611247953109789"
scene_10148,7,"(5, 6)","3,2135197629732635001530012353015"
scene_10721,7,"(2, 3)","0,162141254131254211254202112"
scene_11712,8,"(5, 6)","1,2391107432054762840751488703364"
scene_13009,8,"(2, 3)","1,300041721118076889571120071412"
scene_14924,8,"(5, 6)","1,100033284523221232093078143423"
scene_12192,7,"(0, 1)","1,26866763678690520618111403109"
scene_14050,7,"(4, 5)","1,3556762521074912343454269740045934"
scene_13537,7,"(4, 5)","1,2445701027536026368174803637"
scene_10366,8,"(2, 3)","1,212110302110122021030120302102"
scene_10242,7,"(2, 3)","1,31373374335552303726293641723"
scene_14590,8,"(6, 7)","1,3933281202143543128079663280"
scene_13609,8,"(1, 2)","1,3369471159314841486769419480024"
scene_11177,8,"(5, 6)","3,411961196216617183526325264"
scene_10817,6,"(1, 2)","1,21024994789291031891173168844192"
scene_14703,8,"(6, 7)","1,2067119239309110251164946680427"
scene_14914,8,"(2, 3)","12,1336279435304533674471429415817"
scene_11667,7,"(4, 5)","1,13118252851428571202833461818"
scene_10647,7,"(1, 2)","1,220212215319231213098732157310294"
scene_12255,8,"(0, 1)","1,494167318492919723528339022125"
scene_13089,8,"(1, 2)","0,41063789233414048741837204693"
scene_14623,7,"(1, 2)","0,1152831156995488923151297985184"
scene_14008,8,"(1, 2)","1,2722410717495782261123456411302"
scene_11935,7,"(3, 4)","1,418779311221755802747354742579"
scene_14758,5,"(0, 1)","4,21827143079396318919644347842"
scene_11693,8,"(2, 3)","1,320081352341314730268868351985"
scene_14728,6,"(4, 5)","1,262195420396662475789771868198"
scene_13482,8,"(4, 5)","1,494353543309002841883149982195"
scene_10954,8,"(2, 3)","1,2246336993135467639357671518938540"
scene_14204,8,"(3, 4)","1,212345678901111133141516171819"
scene_13991,8,"(6, 7)","5,2"
scene_13021,8,"(4, 5)","7,862530252133404985883331325616"
scene_10994,7,"(1, 2)","1,2994332495429777420336768867"
scene_10981,8,"(4, 5)","1,2111306112102423121083121112"
scene_12404,7,"(0, 1)","1,20008272108262547216225851408117"
scene_10448,7,"(0, 1)","3,420136213551121831102311984288"
scene_13440,6,"(2, 3)","1,417621557596494552762170639977"
scene_11113,7,"(3, 4)","1,2122101076453982234222133320314478"
scene_12303,8,"(5, 6)","1,21963156265218083433792329283"
scene_11111,7,"(5, 6)","1,4197678926110437213618267961390"
scene_12207,4,"(1, 2)","4,147840443510103332772314627"
scene_14939,7,"(4, 5)","1,2135752513312034288048483459"
scene_14668,8,"(3, 4)","1,6141322031397239151255724531545"
scene_11963,8,"(6, 7)","1,2"
scene_11051,7,"(3, 4)","1,2135504172838396755048107270871"
scene_13325,8,"(6, 7)","1,360631815633014357847002210"
scene_11419,7,"(4, 5)","3,423425353670103387493169436215"
scene_12799,8,"(0, 1)","1,3106222236161128263577393146384325"
scene_14645,8,"(1, 2)","1,3191028133944876551793102387"
scene_14813,8,"(2, 3)","1,1357935804313032615732078918687"
scene_12860,7,"(5, 6)","3,42012212006622213561543091890398"
scene_13363,8,"(0, 1)","1,235353537486166977881231562028"
scene_14883,8,"(3, 4)","1,4175120443111191420441131124859"
scene_13830,7,"(3, 4)","3,423554713011023776338514652512"
scene_14736,6,"(4, 5)","1,446938663517163563378232843538"
scene_12988,8,"(2, 3)","1,2213363042146424156714462318"
scene_13407,8,"(1, 2)","1,210056821003093100500031176115128"
scene_13074,7,"(4, 5)","1,423567223456741543641631121315"
scene_13561,8,"(5, 6)","1,27106342891190546405728101062"
scene_11121,7,"(4, 5)","1,21007914551195261486120853771201"
scene_12296,7,"(1, 2)","2,31665057913747519630001122384286"
scene_11429,7,"(1, 2)","1,419821756637971128530214610738971"
scene_11966,7,"(3, 4)","1,462122411264533552225858552753"
scene_14960,8,"(4, 5)","1,22221451461110207933110362730849"
scene_12003,8,"(6, 7)","1,21803662105926229911211284825"
scene_13020,8,"(0, 1)","1,4342302141623925384614530421835"
scene_11184,8,"(6, 7)","1,2201620171192233972052133186197"
scene_11220,8,"(0, 1)","1,351101173121414441123157812848"
scene_10922,5,"(1, 2)","1,2360828314751240270314707912"
scene_14255,8,"(2, 3)","1,31828768907082352636744063575668"
scene_13618,8,"(1, 2)","1,21306172141849113027351981922"
scene_11143,8,"(1, 2)","1,6383309016513012016392133180627"
scene_11010,8,"(2, 3)","3,423413211273335671422305858765"
scene_10788,8,"(5, 6)","1,265726142745634211031447250576"
scene_12745,7,"(1, 2)","1,2393543404651234536382567891146"
scene_13804,8,"(2, 3)","1,31451320418277829278300775724506"
scene_11083,7,"(4, 5)","1,2738049704582145447584666837"
scene_11452,8,"(2, 3)","1,210544232638133286546003129288434"
scene_12238,7,"(0, 1)","2,310001000123121301347204021123"
scene_11403,7,"(2, 3)","1,203454567901234768112836235486"
scene_12184,7,"(1, 2)","3,401211112213234063403195671727359"
scene_13968,8,"(5, 6)","1,23671324144915237635691188015"
scene_14345,8,"(4, 5)","1,497200736325236213677776005226"
scene_11286,8,"(2, 3)","1,31213244131642012421191190111010"
scene_13182,7,"(1, 2)","1,32041713592933662490091100435877"
scene_14898,7,"(5, 6)","1,349254950000000011211897899595"
scene_14478,8,"(2, 3)","1,298528629477051915769138556221368"
scene_14490,8,"(4, 5)","2,301010142027611961101104511229"
scene_13532,7,"(4, 5)","1,57375899876786333927598564936"
scene_10850,8,"(0, 1)","0,12014124273294921900284711534412"
scene_12125,8,"(4, 5)","1,218234210684253814962451671653"
scene_10566,7,"(5, 6)","1,3521442067024411231149193525905"
scene_10255,7,"(1, 2)","1,3207762112731069883123451025160"
scene_14350,7,"(4, 5)","1,23603602107354025129214601546"
scene_12505,7,"(4, 5)","1,2674150311982204206204630771404"
scene_13862,7,"(1, 2)","01,039925000000000539960342480401"
scene_11681,7,"(1, 2)","1,213312943611212343546297634546"
scene_12743,7,"(5, 6)","1,2363480433374526421972191201545"
scene_11692,7,"(4, 5)","1,235294902280357245930010764575639"
scene_10621,7,"(5, 6)","1,4360217513578911267462952845196"
scene_11716,8,"(4, 5)","1,280998038149699715629492544013"
scene_11285,7,"(2, 3)","1,26299981387673307451202113120"
scene_14441,8,"(6, 7)","2,438714772947913585461754394716"
scene_13087,7,"(4, 5)","1,33620132563672191019183722201"
scene_10782,8,"(0, 1)","1,23533113314613913151414711213"
scene_14343,8,"(6, 7)","1,24764034032005203741448181077"
scene_12346,7,"(0, 1)","1,32067875711284190998411039197639"
scene_10129,8,"(0, 1)","1,34567806102117313243112745591345"
scene_10993,7,"(0, 1)","1,210104350911242052037433017365"
scene_10606,7,"(5, 6)","1,3121327198311732275764191788"
scene_13428,8,"(6, 7)","1,23423446712474988014080476399"
scene_14798,7,"(4, 5)","1,235104105506258901504023611273034"
scene_14722,8,"(2, 3)","1,3999345678102112761731122458"
scene_12148,8,"(5, 6)","1,21012030613467102913933811110722115"
scene_10699,7,"(1, 2)","1,350747535211978036481258868695"
scene_11968,8,"(6, 7)","1,2135229039118363363117836074556"
scene_13103,6,"(4, 5)","1,23069531328833112743137985123739"
scene_13559,8,"(3, 4)","3,4201318847292303075407834521403"
scene_10933,8,"(4, 5)","1,21354467476946238543558333110"
scene_12366,5,"(0, 1)","1,213438471453903276146139183546"
scene_12370,8,"(3, 4)","3,46210458080762829150260083011"
scene_11088,8,"(5, 6)","1,3131793528229841001200220214495"
scene_11944,8,"(4, 5)","1,255555555555555555555555555"
scene_13064,8,"(2, 3)","1,3107297228530263180748556266427"
scene_13117,7,"(5, 6)","1,213577372130253392162303280811586"
scene_14909,7,"(2, 3)","1,2901599763339101154612069754398"
scene_11261,8,"(3, 4)","1,200091094514631139451206857099"
scene_14129,8,"(1, 2)","1,3108133245298471355046635375815"
scene_12765,7,"(5, 6)","1,21415369962159629134056723761"
scene_10449,7,"(3, 4)","1,2872861414012848922821030953627"
scene_11357,8,"(2, 3)","1,2000723412498340973533012845445"
scene_11509,7,"(3, 4)","1,588986220212068529843279316915"
scene_10068,8,"(0, 1)","1,212345678910311213141516171819"
scene_11946,8,"(5, 6)","1,311577107976230956715211285762"
scene_11228,8,"(0, 1)","1,43536250216032977290614181678"
scene_12306,6,"(1, 2)","1,259621248344600319173250937669"
scene_14996,7,"(3, 4)","1,2123456791123412231123455679112"
scene_12181,6,"(3, 4)","10,1107491542892528439767517908832"
scene_12088,8,"(3, 4)","1,2139287433621993142178015511316"
scene_12078,7,"(3, 4)","0,2155472162039673571128303810437"
scene_11378,8,"(1, 2)","8,1101105410532022201243150734558"
scene_13667,8,"(2, 3)","1,325874312299533182537122154735"
scene_13951,7,"(4, 5)","1,2297790373053731603477399732464"
scene_14630,7,"(1, 2)","1,30005224466317500167969323421166"
scene_11610,6,"(2, 3)","3,4143246121725388383333333333"
scene_14237,8,"(6, 7)","1,2134456790486339210188298576423"
scene_14609,8,"(5, 6)","3,46962134332542934411091871318"
scene_14301,8,"(2, 3)","1,21001222223344445666111082223937"
scene_12951,8,"(5, 6)","1,216988686667223385198891864672"
scene_13791,8,"(6, 7)","1,27732423651071212112234567870329"
scene_13597,7,"(2, 3)","3,490316895345561711408226971786045"
scene_14263,8,"(3, 4)","1,3700455000316217294400055208700"
scene_10611,8,"(1, 2)","2,332633835152569323355721393527"
scene_13945,7,"(2, 3)","1,210910604745345325310382863026"
scene_12128,7,"(4, 5)","1,411100081443962107867991584811"
scene_11941,8,"(4, 5)","3,2013021044112544116421784421552275"
scene_13799,7,"(0, 1)","1,33817285563177514513742050318"
scene_14719,6,"(2, 3)","1,4355425267869534345513527512306"
scene_14848,8,"(1, 2)","1,31247533546826144714517525623614"
scene_12676,7,"(3, 4)","1,21051872783579151020301213702197"
scene_10164,8,"(0, 1)","1,436213969011986205507711397115438"
scene_12049,7,"(2, 3)","1,31461750595403181373847914354615"
scene_11645,7,"(3, 4)","1,231234567891234567456424356878"
scene_12086,8,"(1, 2)","3,13011711911210002962131438587"
scene_14284,8,"(1, 2)","1,314213101255655110211133111152"
scene_13942,7,"(0, 1)","1,24547856273489098267345353835"
scene_14059,7,"(0, 1)","1,24875134028731573995356146617"
scene_11498,7,"(2, 3)","1,2169474562242866281759709596"
scene_14344,8,"(3, 4)","1,35419361131122534578947371681"
scene_12970,8,"(6, 7)","1,400350947271000515100071000940041"
scene_11529,7,"(4, 5)","1,223536941532415344812412481393"
scene_11614,7,"(3, 4)","1,34638493945031975398538934565"
scene_12722,8,"(1, 2)","1,28731191449132142013454711077201"
scene_10528,7,"(1, 2)","1,2852345711931490781394373669"
scene_10487,6,"(2, 3)","1,26212338742146217336126216467"
scene_12503,8,"(4, 5)","1,345627131362154891528241461"
scene_14047,8,"(5, 6)","1,2580031421451123158524314062870"
scene_13760,8,"(2, 3)","1,213312344567789012456712343184"
scene_13234,8,"(1, 2)","1,21331083112362003012414536096102"
scene_11845,7,"(1, 2)","1,2256789390803965878305197177090"
scene_12066,8,"(3, 4)","1,224318113150142943847654054714239"
scene_14596,5,"(3, 4)","3087,4389286477074207064182818279"
scene_13641,8,"(3, 4)","1,61241173160438270540425774938211"
scene_11183,8,"(2, 3)","1,213530631916350026065187650227"
scene_14653,8,"(3, 4)","0,11083372421363136243123423750260878"
scene_11485,7,"(0, 1)","1,213251081662322329230477353677"
scene_10798,8,"(0, 1)","1,2111222324351436105916271039"
scene_12302,7,"(3, 4)","1,43342111211211211341233411211"
scene_12336,7,"(4, 5)","1,46870473333025022100102006101118"
scene_10209,7,"(3, 4)","1,3698800984210563636001212926"
scene_13385,7,"(1, 2)","4,517043454791954670871443144944"
scene_13790,7,"(1, 2)","1,2303301211121152339314315629064166"
scene_12679,8,"(4, 5)","897,315610665584191745904120358"
scene_11652,7,"(2, 3)","1,21124237133354679445573161694318"
scene_13833,6,"(0, 1)","1,2250242110112529011923420129350656"
scene_14781,8,"(0, 1)","1,21802762161122256357314683534"
scene_10549,8,"(2, 3)","1,218119931862929403550879379611"
scene_11766,7,"(3, 4)","1,2904212431184342158737892959"
scene_10441,7,"(4, 5)","1,202621141322014271523121328014"
scene_14269,7,"(5, 6)","1,4033021262784101208280103803242"
scene_14348,8,"(5, 6)","1,3367543291143523871109458752264"
scene_14904,7,"(3, 4)","3,422676213009221632319922002023"
scene_11928,8,"(2, 3)",4991222721559773134810732169139392339
scene_12680,7,"(4, 5)","1,210314842376144483453672438403"
scene_12448,7,"(0, 1)","1,6903363534100072967621322811963829"
scene_12028,8,"(6, 7)","1,378753130211211288135166977819"
scene_11153,8,"(0, 1)","1,4197227719422997140218637946828"
scene_12721,8,"(3, 4)","1,28800881041308434313221761966"
scene_10199,5,"(1, 2)","1,311110780928214786214354330760311"
scene_13579,8,"(2, 3)","1,21243412143123421123412211234"
scene_12390,8,"(5, 6)","2,443012013700719631241073110521"
scene_13615,7,"(2, 3)","4,162175268597360941200000003173"
scene_13977,8,"(6, 7)","1,325315341253364561048298113214"
scene_13162,6,"(3, 4)","7,245171814334576189400456723328"
scene_14534,8,"(2, 3)","1,2253731146319220620372133114448938"
scene_11611,8,"(0, 1)","1,3213314501435175567106211922"
scene_10368,8,"(3, 4)","1,319983770110925015311027006094"
scene_14875,8,"(0, 1)","1,2311112214431555221196231123456789"
scene_13835,8,"(4, 5)","1,269117330353231231303931471575"
scene_13451,7,"(4, 5)","3,4773615487348784109164976469799627"
scene_12043,8,"(1, 2)","1,436218182022181930813253210942"
scene_14220,8,"(2, 3)","1,4812146535422467253168948030348"
scene_12109,7,"(4, 5)","1,23308487281921122802474347638"
scene_12041,7,"(2, 3)","1,21000100010001000100010001"
scene_10653,6,"(0, 1)","1,4207819431626146216022081310"
scene_13740,7,"(3, 4)","3,46028360815635932085114169765"
scene_13776,8,"(4, 5)","1,210835452334681803452043974344"
scene_12367,6,"(3, 4)","3,496329137111876107954426974324198"
scene_14384,8,"(6, 7)","1,236122465213267831356892534107"
scene_10655,8,"(4, 5)","1,2147260001123108393923151102260"
scene_11017,8,"(2, 3)","2,4362108182272186621621703544915"
scene_11713,7,"(4, 5)","1,214312412356724256895406320812"
scene_13090,8,"(5, 6)","1,29310853448677875341948626937"
scene_11574,8,"(4, 5)","1,3953575229142053374361508564611"
scene_11189,7,"(0, 1)","1,23634356431234567782313559315"
scene_14792,7,"(1, 2)","1,3476260608664000005307388119"
scene_10397,8,"(0, 1)","1,22910199214715800540123455337873"
scene_10578,7,"(3, 4)","1,2145135047811321819083493116227"
scene_11016,7,"(2, 3)","1,22063020245832587433384101909"
scene_14215,8,"(6, 7)","1,216212195472716433064738377557"
scene_13702,8,"(2, 3)","1,2134456767142849521234323112"
scene_10502,8,"(4, 5)","1,2162301317901443102631916219109"
scene_11911,7,"(2, 3)","1,22130793591417291330812050829716"
scene_13940,7,"(1, 2)","1,344120822222470141452812345678931"
scene_13421,6,"(1, 2)","1,2135231422984345621052325714"
scene_10435,7,"(4, 5)","1,30262439366212156363458828404"
scene_14110,7,"(4, 5)","1,2901968014235468557514054805"
scene_12110,8,"(3, 4)","1,36230342142179450437073360845944"
scene_14694,7,"(4, 5)","1,225032343185580622476672595067483"
scene_14261,7,"(0, 1)","1,234567862101114151619222527"
scene_13599,8,"(0, 1)","1,2137270270120151067502018113343371"
scene_11415,8,"(0, 1)","4,2183133132101143562022100113715"
scene_14971,7,"(1, 2)","1,2107735566488888840283594068"
scene_13593,7,"(5, 6)","1,21251009242123011012018102301629"
scene_14406,8,"(2, 3)","1,216045456533180318984365484418"
scene_12485,8,"(6, 7)","1,315105220450830530166145345308147"
scene_11394,8,"(3, 4)","1,2234343351672345657890139211"
scene_10836,8,"(4, 5)","1,25688843044304430080261126845"
scene_11903,8,"(3, 4)","1,242941883922778621422137292737"
scene_11984,7,"(1, 2)","1,3306472807682290084708236720835"
scene_14240,8,"(4, 5)","1,31131331341124133134112411141113"
scene_11801,8,"(4, 5)","2,4235172618356714759643178725346"
scene_14073,7,"(1, 2)","1,323153435213214234223452446525"
scene_14181,7,"(2, 3)","1,22635236216121940198413529587"
scene_10298,7,"(4, 5)","1,215015516025530219331271199210232"
scene_14206,8,"(2, 3)","1,49514423049892391312145171310"
scene_11219,8,"(1, 2)","1,25230116317311236331128252612"
scene_12928,8,"(3, 4)","1,2141415172931417421819172215"
scene_11004,8,"(4, 5)","1,225634569013787924751000190887"
scene_11979,8,"(5, 6)","1,3577216924433234934175313262278"
scene_13795,8,"(6, 7)","1,213367531091407901984636352630"
scene_12630,8,"(2, 3)","1,311429390110681974201234403413"
scene_11187,8,"(4, 5)","1,336342614484532532746145560543"
scene_12956,7,"(2, 3)","1,273479401389930211063963142076"
scene_12569,8,"(4, 5)","1,4112311115114115210059208310320"
scene_12040,8,"(6, 7)","1,279508134483697128152413331093"
scene_10124,8,"(4, 5)","1,358214488019814488034286634811"
scene_13070,8,"(4, 5)","1,225524134374562200413527279769"
scene_13185,7,"(3, 4)","1,131128967213417292411353364118"
scene_13048,7,"(5, 6)","1,22120694759320420868155245005019"
scene_12344,8,"(4, 5)","1,26296950434523866458787912128"
scene_10864,8,"(2, 3)","1,39091122725874711919334869566"
scene_12668,8,"(3, 4)","1,10008528750361033454567137939"
scene_11085,8,"(6, 7)","1,37800870311074729111004708922335"
scene_12363,8,"(0, 1)","1983,107618939927121342893811989235"
scene_12628,7,"(2, 3)","1,413332682110262143917330363437"
scene_13450,7,"(2, 3)","1,42881843646419282356288853139"
scene_10332,8,"(5, 6)","1,21911298413536342187504262141961194"
scene_10116,8,"(0, 1)","1,219625031335211986220981482732"
scene_13296,8,"(3, 4)","1,2621313480896358624821763187442"
scene_14664,7,"(4, 5)","1,35613731639425057963524575935926"
scene_11383,7,"(2, 3)","1,215436187299200997231105102511509"
scene_13405,7,"(5, 6)","2,363574263390236974661021167"
scene_14762,8,"(6, 7)","1,37209933820421906251345621047"
scene_13657,8,"(5, 6)","1,218638047315486215971409282726"
scene_14324,8,"(5, 6)","1,230434562251173463576273431081"
scene_13367,7,"(0, 1)","0,2369236745432830634414673274875"
scene_12379,8,"(4, 5)","1,4456301790480821132222203126210"
scene_12425,8,"(3, 4)","2,154314537841123412312123003456"
scene_10691,8,"(2, 3)","0,3140228704256395146245775591702849"
scene_12626,7,"(5, 6)","1,47727031230332616721182311284755"
scene_12059,8,"(6, 7)","1,2313032342214131415183672222"
scene_13216,7,"(4, 5)","1,21343567452132722223211344312"
scene_14037,8,"(4, 5)","1,21231222843132144332354332546"
scene_12517,8,"(1, 2)","1,42563333333334353636383944046"
scene_13323,8,"(5, 6)","1,2137412044070431702625741034568"
scene_12561,7,"(0, 1)","1,4365380486920611288604683282"
scene_10513,7,"(4, 5)","1,2164321352627726484718315418917338"
scene_13000,7,"(3, 4)","1,21331235412063703489654722256288"
scene_12257,8,"(1, 2)","2,49212468948614721259186234957589"
scene_12602,8,"(4, 5)","1,235630934562367118184679331447"
scene_10805,8,"(5, 6)","30,210711302854523395920737628027"
scene_13698,8,"(5, 6)","1,274353738124422263524163218"
scene_12960,8,"(4, 5)","3,41930131287341411204772280134"
scene_14083,8,"(6, 7)","1,2387873327331498229001821481441"
scene_12126,8,"(6, 7)","1,21934413214145280433426424027"
scene_11418,8,"(3, 4)","4,3666666666666719047619047619"
scene_10924,8,"(1, 2)","1,222189189111961326156702133789055"
scene_11322,8,"(6, 7)","0,1985677754741972318144813719128"
scene_14121,7,"(5, 6)","1,294336760971932782141339385407"
scene_10675,8,"(1, 2)","3,413721354112313212462311234567"
scene_11246,8,"(0, 1)","1,21186563154314724173314152112"
scene_13352,8,"(4, 5)","1,2003122120144211030201211212210"
scene_12123,6,"(0, 1)","1,2435298173214283679398911"
scene_10509,8,"(1, 2)","1,21626428721135711926155627629"
scene_14585,7,"(0, 1)","1,4123105782563134202480270703103456"
scene_14510,8,"(3, 4)","3,4432773155217807869134894123"
scene_14292,8,"(2, 3)","1,210345849094125316732493251209"
scene_13231,7,"(3, 4)","1,262647600011913232849989000633"
scene_10746,8,"(1, 2)","5,46984180684872235321331894846613"
scene_12408,7,"(3, 4)","1,10007103168511843420661031307"
scene_12621,7,"(5, 6)","1,37312542741554998652635390493184"
scene_13610,8,"(1, 2)","1,369783829890291114203805602339"
scene_10526,8,"(3, 4)","1,38078135872707743075447744763"
scene_11412,8,"(4, 5)","1,237212511610492736142521321173"
scene_12120,7,"(4, 5)","1,2721234352357336467456871124"
scene_12787,8,"(3, 4)","1,24130102335262512313771347112"
scene_11909,7,"(5, 6)","2,481231106423172473128672212432"
scene_11844,7,"(5, 6)","1,310611626410848879483107602293201"
scene_12872,7,"(0, 1)","1,420082397799596217651018632285"
scene_12632,8,"(5, 6)","4,2122178290623318708684180251215677"
scene_11299,7,"(1, 2)","1,2546746384765480511432841341"
scene_10514,7,"(4, 5)","14,39855204200049381015423019208"
scene_13956,8,"(1, 2)","1,2101101429051005934503573123000"
scene_13933,8,"(4, 5)","1,234567810111214151719222526"
scene_11678,7,"(2, 3)","4,9120950086007192461063537147666789"
scene_13171,7,"(5, 6)","1,24567891011121314151617202130"
scene_12154,6,"(3, 4)","1,3728022154110513641638231394"
scene_13005,8,"(4, 5)","1,211634236318222431440667180535"
scene_12896,7,"(3, 4)","1,2186353754918424089600132208918"
scene_14620,7,"(2, 3)","1,331321015101911492841121414"
scene_13254,8,"(1, 2)","1,5836423512631649264537344395478"
scene_10353,8,"(3, 4)","3,245211916792856473433305314299"
scene_12879,7,"(4, 5)","1,50003101128189798671138069003201"
scene_10532,7,"(2, 3)","1,345678991413703614898878664784"
scene_12260,8,"(4, 5)","1,427880357570316111529164045115"
scene_11915,7,"(2, 3)","2,323634946839842985592169733923"
scene_11512,7,"(5, 6)","1,2356212821431411717961406100918"
scene_12345,8,"(6, 7)","1,0123456340213210488221567812643"
scene_13036,8,"(6, 7)","1,4333802831027611323755274411718"
scene_11479,7,"(5, 6)","1,28635163211034369014152483512"
scene_14537,7,"(5, 6)","1,31503300008092745391699195075"
scene_13344,7,"(5, 6)","1,3208541321125771239431221664617"
scene_10970,7,"(5, 6)","4,213311199666511900818106331760527"
scene_13533,7,"(2, 3)","4,222110194312570892037593533870"
scene_14288,8,"(4, 5)","1,2647063810914940565558749789627"
scene_10498,8,"(3, 4)","5,6162152201221013020057284294961414"
scene_13547,8,"(1, 2)","1,1000422938621981802786152130669"
scene_12084,8,"(1, 2)","1,3166285620731145629594119230146"
scene_11481,8,"(2, 3)","1,26264141526131482642258940314"
scene_14975,7,"(4, 5)","2,76488237196260829410005498741176428"
scene_14107,8,"(2, 3)","1,3722411473457858512511418511305339"
scene_14990,7,"(1, 2)","1,20002331304315119123552254264"
scene_11229,7,"(2, 3)","1,214534342324629245370734307435"
scene_11190,8,"(6, 7)","123,12736152882227632031295840425112822"
scene_12221,7,"(2, 3)","2,41734263544936815789538521050"
scene_12253,8,"(5, 6)","1,3841715103842821127271561039728"
scene_10265,7,"(1, 2)","2,40598478214464731482593141830686"
scene_14234,8,"(5, 6)","1,2585230135212413143423167013"
scene_12737,7,"(5, 6)","1,2561918112821434544411211111322"
scene_11310,6,"(3, 4)","1,2120232411064113132342112523"
scene_12795,7,"(2, 3)","1,37220012028078476455081222134150"
scene_10359,8,"(3, 4)","1,21434253467114593139265647527"
scene_11824,7,"(2, 3)","1,36920492814041565591934617219505"
scene_10708,8,"(4, 5)","1,21612023223333444421234646567"
scene_13313,7,"(5, 6)","1,390996330507380249121771034030"
scene_13316,8,"(2, 3)","1,31067562102853487763317389453197905"
scene_13781,8,"(2, 3)","0,10008009021331318716044112345427548527"
scene_10503,7,"(0, 1)","1,23582714071938383048544144735"
scene_14692,7,"(4, 5)","1,3147882973180822881574182748"
scene_14346,7,"(5, 6)","1,368743622950322380239752842778"
scene_14321,7,"(4, 5)","3,12020628731564222847198851219"
scene_11170,7,"(3, 4)","1,2119849921814717228414493560"
scene_12507,8,"(3, 4)","0,1102565627037320165478404483423"
scene_10879,7,"(2, 3)","3,42061969058337773157839961734248"
scene_11828,7,"(1, 2)","1,23050992022151000953394877045650"
scene_11067,8,"(2, 3)","1,21056510462782254962109088526"
scene_14700,7,"(0, 1)","1,216824363435691384261610008228"
scene_14807,8,"(2, 3)","1,3141323130851421473123456789012"
scene_14057,6,"(0, 1)","1,2310423353445677487238811012345"
scene_11586,8,"(2, 3)","1,3999495392112606391873254602532"
scene_12121,8,"(3, 4)","1,465832133662136547722650486545"
scene_14625,8,"(5, 6)","1,211431413453567877657331915224"
scene_14315,7,"(2, 3)","2,5109076342652864207903528047480"
scene_10106,7,"(5, 6)","1,4202101501203041615633178423721"
scene_10465,7,"(3, 4)","1,345678901234567890123435210688123"
scene_14953,8,"(1, 2)","1,363705040000145420000277271315"
scene_13538,7,"(1, 2)","1,27365684731032048114475283568"
scene_12661,8,"(6, 7)","1,419610011234014013638101823400349"
scene_11288,7,"(4, 5)","1100,4140303462170508384332446211"
scene_14495,8,"(2, 3)","1,2135451473644916213416244412023"
scene_14767,8,"(4, 5)","1,3207901206536369617224570212314"
scene_12169,7,"(5, 6)","3,4107137932632213367821457648079"
scene_13099,7,"(2, 3)","1,41242350365727095568594688016"
scene_14539,8,"(1, 2)","1,27769407340221113304576612126"
scene_13308,8,"(0, 1)","1,3133130374562748395420654112"
scene_13057,8,"(4, 5)","1,3130211314421200312210427405339204"
scene_11524,8,"(5, 6)","5,119793413229206138614373340013"
scene_13778,8,"(4, 5)","20,3170444849721315134112481628"
scene_13295,8,"(1, 2)","7,219530134190230744132482356673587"
scene_12783,8,"(1, 2)","0,2120031346196119317212572713057"
scene_10629,7,"(0, 1)","1,276772345911998692188221374322"
scene_13290,7,"(5, 6)","1,212345679012587112345956432123"
scene_10132,7,"(4, 5)","1,23969850078964112318871796591917264"
scene_12324,8,"(1, 2)","1,3"
scene_11569,8,"(5, 6)","1,30096066915219890490102800169104198"
scene_11484,6,"(1, 2)","1,4111403305350813312011128101328"
scene_11501,8,"(0, 1)","2,35200419842002422239256219213"
scene_12643,7,"(0, 1)","5,22342222211223322213522142312"
scene_10967,7,"(3, 4)","1,32012000602764560460210911410128"
scene_10275,7,"(2, 3)","1,2361144441101000550900713110280970"
scene_14075,7,"(5, 6)","1,491125112578547715575332933662035"
scene_10142,8,"(3, 4)","1,235811234567217689135174232635"
scene_11795,8,"(0, 1)","5,21431113534192862257794293089"
scene_13457,7,"(5, 6)","1,2123456711623279213267347729"
scene_12489,8,"(6, 7)","3,418112110214356264451386134168"
scene_14211,8,"(1, 2)","1,22379381074811500884201412708723"
scene_13652,7,"(0, 1)","1,23422335544623671112303334434"
scene_10656,8,"(4, 5)","1,3101243971327461007021303052927"
scene_12784,7,"(1, 2)","1,7774433385315184831807563085023"
scene_12102,8,"(3, 4)","1,21206347405221116811229011440625"
scene_14796,7,"(5, 6)","1,32015359432015952198617079391111"
scene_11664,8,"(3, 4)","1,27750011234567673610812431037"
scene_12612,7,"(3, 4)","1,3114098752515852981903311072924"
scene_12751,8,"(5, 6)","1,27539218078903345870128572610925"
scene_10307,7,"(1, 2)","1,23342147351431023141519834413615"
scene_10234,7,"(2, 3)","1,21996640262573452532731435927"
scene_13731,8,"(2, 3)","1,31373973172934621436109048433"
scene_13925,8,"(2, 3)","1,201083109911301049131101372348"
scene_11782,6,"(0, 1)","1,299793014063532812531690212845"
scene_13919,8,"(6, 7)","1,36688842918776209119331777660"
scene_11445,8,"(0, 1)","4,335111143139222100082645354426"
scene_13415,8,"(5, 6)","1,319294953487104570313660928714720"
scene_11832,7,"(4, 5)","3,4523090401223029049270651051607"
scene_11440,6,"(1, 2)","1,2"
scene_11819,8,"(4, 5)","1,2234567906210134105798392630"
scene_12827,8,"(5, 6)","1,2123645610123002037624682212432"
scene_10683,7,"(5, 6)","1,38316126782780606482078645847"
scene_11746,7,"(0, 1)","3,120010001343090114526688771005"
scene_12941,8,"(1, 2)","0,1211111111111561111111111112"
scene_14906,8,"(3, 4)","1,2362076381000163022123456946435"
scene_14598,8,"(6, 7)","1,4211973001036093129815174700635"
scene_11256,7,"(1, 2)","3,9692684397975322025944657061"
scene_11211,8,"(0, 1)","1,21093112586620111303456222852319"
scene_13961,8,"(6, 7)","1,44563462301128935218018160040625"
scene_13892,7,"(3, 4)","1,4201415639293642154387210730894"
scene_10327,8,"(6, 7)","1,27160268423100048452540164544"
scene_13134,8,"(3, 4)","1,21274534512345678208796343541309"
scene_11316,7,"(1, 2)","1,2843047172664146118920527216660"
scene_11204,8,"(5, 6)","1,2143560212316073345202312380671"
scene_12235,8,"(6, 7)","1,212113423451125267392461567880327"
scene_10740,8,"(2, 3)","1,37624365361828972989391119211"
scene_13353,8,"(0, 1)","0,14723890611240896914689672562"
scene_13431,8,"(0, 1)","2,219112421142011000231035161143"
scene_13983,7,"(2, 3)","1,23002200119611951100022003190"
scene_11739,8,"(4, 5)","1,490982605763620621860755230770"
scene_10338,8,"(4, 5)","1,223315000017266131308210503912"
scene_14494,7,"(0, 1)","1,243751827829722455641151431617"
scene_12127,7,"(2, 3)","1,2376120320173518190807751714772101"
scene_14698,8,"(2, 3)","1,33054409669320685680949846438"
scene_13433,8,"(3, 4)","1,2198419841984198419841984198"
scene_12836,7,"(5, 6)","3,44801107963413579741396912085212"
scene_14611,7,"(4, 5)","1,230794835356945356955366985"
scene_14524,6,"(4, 5)","4,122591671166831211523985768040"
scene_13602,6,"(3, 4)","1,214724575993835840037223372227933"
scene_13987,8,"(1, 2)","1,2162000100010001000100010001"
scene_14028,8,"(6, 7)","1,2113456312342378476215896411"
scene_11639,8,"(4, 5)","1,42018201319862014196102017200"
scene_11790,8,"(3, 4)","1,21253745260100010300000001132300"
scene_11508,7,"(2, 3)","3,42231803201010202022282120902"
scene_10510,8,"(1, 2)","1,2001108302935371421736521874713"
scene_13516,8,"(6, 7)","1,2199814761008702366689672743616"
scene_14071,7,"(0, 1)","1,2130112314421817542341874714"
scene_12686,8,"(2, 3)","1,262239446316630821411420271229"
scene_13073,7,"(1, 2)","1,26584674213019831396085551221938"
scene_14636,8,"(5, 6)","1,330012012135671204303845112312507"
scene_11172,8,"(3, 4)","1,3456789710111213141617181920"
scene_10783,8,"(5, 6)","1,23331241322143123111542532411253"
scene_12650,8,"(2, 3)","1,225833436662211231775451238195448"
scene_10149,8,"(5, 6)","1,230110310910111210042002120720"
scene_11038,6,"(1, 2)","1,3295927342474712437200047357535"
scene_14619,7,"(0, 1)","1,21030820211211234552021108111246"
scene_12225,7,"(5, 6)","1,319612413292054576647232793985"
scene_14520,8,"(2, 3)","1,24313451622213041643156722131"
scene_12112,8,"(6, 7)","1,43462703401218103526005103902108"
scene_13236,8,"(2, 3)","1,22083817351059324147549223518"
scene_14794,7,"(4, 5)","59,332569442225823711006380481062"
scene_10171,8,"(5, 6)","3,413920263041123115034221216211"
scene_13143,7,"(1, 2)","1,210735853083128261403030174013"
scene_10179,8,"(1, 2)","1,21485207217972874313093111180"
scene_10826,8,"(4, 5)","2,37130340433223763834626485406"
scene_14334,6,"(3, 4)","1,2253113467928012355112820125940"
scene_14076,7,"(3, 4)","1,21457743546191314881130627443214"
scene_11875,8,"(4, 5)","1,21151212000000000119790232024"
scene_12934,7,"(2, 3)","1,423570432074234510644546198439"
scene_13801,6,"(0, 1)","1,311929838086557300310011996378"
scene_14805,8,"(3, 4)","1,4190353421433028308090475983314"
scene_10747,8,"(5, 6)","1,23650213718413038111071104111999"
scene_12588,7,"(0, 1)","1,2756210731709154951422651570"
scene_14141,7,"(1, 2)","2,3353374243036185660742743447"
scene_12850,7,"(1, 2)","1,290430205475413029234754529749"
scene_11904,8,"(3, 4)","1,633189421025101231444286514717"
scene_12806,8,"(2, 3)","1,432133421433431221112113242134"
scene_14838,8,"(1, 2)","1,21773742408521486222222222222"
scene_13841,8,"(0, 1)","1,2345672143454621436231344556637"
scene_14199,6,"(2, 3)","1,388179963919998100010001000400"
scene_12237,8,"(3, 4)","1,3144304670234567292297287809208"
scene_13904,8,"(1, 2)","3,448056361515393667842777233346"
scene_10181,7,"(3, 4)","1,5143198014813235223132236726"
scene_10547,8,"(6, 7)","1,23062146313435186143627513211"
scene_11362,7,"(2, 3)","1,22221231245834133163527633244306"
scene_13013,7,"(2, 3)","1,230101413207719483362641073"
scene_12384,8,"(2, 3)","2,3101121091234202615113042812418"
scene_13658,8,"(4, 5)","32,214132361404121348642618437036"
scene_13890,8,"(5, 6)","1,312857884220187321439071501610414"
scene_12692,7,"(4, 5)","4,31011626031323835626478431215"
scene_13004,7,"(0, 1)","1,23529302935621683464423953565"
scene_10988,8,"(2, 3)","1,21601023424423520012011112351002"
scene_11413,8,"(5, 6)","1,234567891121314151617181920"
scene_10276,8,"(2, 3)","1,4494650113627445354670207260"
scene_14582,8,"(5, 6)","1,2512237413628696918112181972140"
scene_10066,7,"(1, 2)","1,4123124314123434231231324345"
scene_11039,8,"(0, 1)","1,2478134132327390921428911259"
scene_11530,8,"(5, 6)","1,43213081267431342563415225378124653"
scene_11585,8,"(0, 1)","1,339877328749429516735791060834"
scene_12604,8,"(3, 4)","1,34567822907846331527586829225"
scene_13172,8,"(2, 3)","1,2346456213543119353441128713"
scene_11926,7,"(1, 2)","1,2687713492065104511226265030"
scene_11600,7,"(3, 4)","1,219985043962326476237279711232"
scene_14327,7,"(5, 6)","1,344331244102260000049262317923"
scene_12270,7,"(4, 5)","1,20008189789000000212092938756195"
scene_13194,7,"(5, 6)","2,41364275090186118977621413340"
scene_13317,8,"(6, 7)","1,2893247321831383316431871761874"
scene_12229,7,"(2, 3)","2,112345670112364321219451496723"
scene_13676,8,"(5, 6)","1,47100010001000100030003001010"
scene_10277,6,"(0, 1)","1,23621093415942187641932673632026"
scene_11478,8,"(5, 6)","1,10001123454883123611451196634"
scene_12145,8,"(2, 3)","5,14512806215381224922215628012"
scene_10350,7,"(2, 3)","2,41447334390243454465679082375"
scene_12739,8,"(4, 5)","1,21674735252615862033643002408"
scene_14613,7,"(1, 2)","1,39012345678889107101314151719"
scene_14986,7,"(1, 2)","1,4332728245052332417193142851803"
scene_11707,7,"(1, 2)","1,236388426767824900813715929408"
scene_12338,7,"(3, 4)","7,32130259499761871362346008233903"
scene_10986,8,"(1, 2)","4,177368490681345484473740354"
scene_11446,8,"(3, 4)","3,42853282911122923861312923243"
scene_12519,8,"(5, 6)","1,38019234250394273431101242515"
scene_10006,6,"(4, 5)","0,11348000804148816033863857360"
scene_13408,8,"(2, 3)","1,41196211833132541151176083878165"
scene_11194,7,"(3, 4)","1,372301545232100050861914516789"
scene_10589,8,"(5, 6)","1,34549356716791493142116042896"
scene_14032,7,"(4, 5)","1,315695797731286583148014791416"
scene_10991,7,"(3, 4)","1,3000112345674487288253455202145"
scene_12356,8,"(6, 7)","1,287109873111244545471848240606"
scene_12111,8,"(4, 5)","1,3823022135110958049156093715"
scene_12589,7,"(5, 6)","1,341326512893021914271198613528"
scene_10067,6,"(1, 2)","1,2807924429731221906510001082270120"
scene_12196,8,"(6, 7)","1,4301071324411154541301504483"
scene_14859,8,"(1, 2)","1,3113709575730847767153730947767"
scene_12048,8,"(5, 6)","2,300894783201561626342909046658"
scene_14768,4,"(2, 3)","3,422218385604054144543838461841"
scene_14804,6,"(0, 1)","1,2870063309910009312598652809198"
scene_11873,7,"(4, 5)","1,31452629779081324361447488342200"
scene_12552,8,"(3, 4)","1,2303141256273456145068292073849"
scene_13950,7,"(4, 5)","1,2114115416182269116391832294201"
scene_14040,8,"(5, 6)","1,247744132933717804130351628115"
scene_10977,8,"(2, 3)","1,298743207300124719522206240212996"
scene_10195,8,"(0, 1)","1,21808017443948761906646262475"
scene_14731,7,"(4, 5)","5,330981105117112000224731214198213"
scene_11234,5,"(0, 1)","1,4999312345263527894716534047"
scene_10974,7,"(0, 1)","1,420113713211764379856097310538292"
scene_11181,7,"(4, 5)","1,210966185691476948818798051724723"
scene_10456,8,"(4, 5)","1,41761087316872970310723444747124"
scene_14415,8,"(1, 2)","1,290580671124541835800077462284"
scene_12162,7,"(4, 5)","1,2230431256701289243181254634103"
scene_12494,8,"(4, 5)","1,245734587012031198302169296014"
scene_13660,8,"(1, 2)","1,39906743221344711391236252612"
scene_14279,7,"(1, 2)","1,37202620350142962135269038838"
scene_10613,8,"(2, 3)","1,23616200011233094312311412012431"
scene_10884,7,"(4, 5)","1,211315742418142297543137213210"
scene_13356,7,"(3, 4)","1,5483243118649521342655146917935"
scene_10077,8,"(0, 1)","1,210738364120191104558269049314"
scene_10324,8,"(5, 6)","3,11271122141533221313222436542426"
scene_14113,8,"(1, 2)","1,21453110145313247311065511271564"
scene_12521,7,"(5, 6)","1,21234567891012031351516171925"
scene_11838,8,"(4, 5)","1,216536152234884921091254191099"
scene_13156,7,"(3, 4)","1,241105210160211036110120110200340"
scene_12891,8,"(0, 1)","1,2"
scene_14592,8,"(4, 5)","1,43019233511527941011551424926"
scene_12853,8,"(3, 4)","1,225020617304912450034030421515"
scene_11936,7,"(0, 1)","1,42013129413012060621244920410080"
scene_13535,6,"(3, 4)","1,2136511578674314047534034035240"
scene_10156,8,"(1, 2)","1,232312012120210610810061031096401"
scene_13199,8,"(4, 5)","1,3"
scene_10599,7,"(3, 4)","3,4473032442702145628392145628"
scene_11374,8,"(3, 4)","1,300021234578913146723312561432"
scene_14676,8,"(4, 5)","1,21861767482342832423119424564313319"
scene_12929,7,"(0, 1)","1,2456281230345673456782110274345"
scene_13765,7,"(4, 5)","1,412211513344073016336981974170915"
scene_11306,7,"(3, 4)","4,13202102352213313198529215825000"
scene_14281,8,"(5, 6)","4,2339162100445162816260332180223010"
scene_10920,7,"(2, 3)","1,22610716557761214901968950028396"
scene_13995,8,"(5, 6)","1,236421431943507305825083683425"
scene_13475,7,"(0, 1)","5,29272024571795237065333333"
scene_14152,7,"(3, 4)","1,393169169274742913974092682734720"
scene_10966,7,"(2, 3)","1,20400000000046003000770004200110"
scene_11532,8,"(6, 7)","1,3144121022142335335212241214"
scene_12057,8,"(0, 1)","1,362120042333140048120206654521"
scene_11624,8,"(5, 6)","1,3299556738458932588473101123892"
scene_10218,8,"(1, 2)","1,29632354299492034550501843120"
scene_13767,7,"(4, 5)","1,27143111149361204128147192389"
scene_10109,7,"(0, 1)","1,235134567898765432110916467311952"
scene_13366,8,"(0, 1)","1,3786210626481050648314926437"
scene_11848,7,"(3, 4)","1,212312311234154213212121121123"
scene_10910,7,"(2, 3)","5,3202154518162345634543105025"
scene_13499,8,"(5, 6)","1,29428431273175611021244640216"
scene_14985,8,"(0, 1)","1,21334532059672678412051072394854"
scene_10604,4,"(2, 3)","0,1157295337639255910228537257485"
scene_13668,7,"(0, 1)","3,2601135184515597066794687284"
scene_14135,8,"(0, 1)","1,32819753593055550411064582565"
scene_11118,7,"(3, 4)","1,41031053120721830168947081726909"
scene_14721,6,"(0, 1)","1,2113422312654345630587095667"
scene_13127,7,"(2, 3)","1,21341126314431271638479440110"
scene_10343,7,"(3, 4)","3,427017349324035558133241010000379"
scene_13164,7,"(1, 2)","1,345284022270424921729610716759"
scene_14454,6,"(1, 2)","1,2420694225631563112812895185956110"
scene_12114,8,"(6, 7)","1,2621926213949492414507334487678"
scene_12915,6,"(3, 4)","1,210100021031042118082119110346111"
scene_14265,8,"(2, 3)","1,3197029736033448308544037260325"
scene_14481,7,"(3, 4)","3,415624458690351289082645456264"
scene_11521,8,"(3, 4)","1,21542464676223341301648451263"
scene_14320,8,"(6, 7)","1,2842279704317918933466733848509"
scene_12627,8,"(3, 4)","1,23432136545472112345454721123"
scene_10213,8,"(3, 4)","1,215621741155440894515194421643"
scene_14751,7,"(0, 1)","1,234567810111213141618192330"
scene_14837,8,"(5, 6)","1,217082890372313952818449345"
scene_14282,7,"(5, 6)","1,335141955815098970112544216633550"
scene_10818,8,"(6, 7)","7,4893695554196031423079694268765"
scene_10664,8,"(4, 5)","1,2600010004000202269000501800"
scene_11715,8,"(1, 2)","1,3"
scene_12161,7,"(5, 6)","1,3128423520272020234791906561633"
scene_14300,7,"(2, 3)","1,21401334230421447747413274815"
scene_11565,7,"(0, 1)","1,254910739003837211040078226110"
scene_11155,6,"(1, 2)","1,211312222434567678902213241130124"
scene_14159,7,"(4, 5)","1,21311971000416913319229513575868"
scene_14810,7,"(3, 4)","1,2593074270364621035483915417"
scene_14741,8,"(4, 5)","1,02172980342317271412121197558"
scene_13250,6,"(1, 2)","1,27330385762131558791201836822"
scene_11507,8,"(5, 6)","1,2304101162180000041110001776599"
scene_13368,8,"(1, 2)","1,3199802318102135324027736593705"
scene_11922,7,"(0, 1)","2,413737112146781734563839512175213"
scene_11268,8,"(6, 7)","1,3311222411431234413214223013"
scene_14295,7,"(0, 1)","1,362593526445627385567313410727380"
scene_14148,8,"(2, 3)","1,23445671012389911197572830536"
scene_10959,7,"(3, 4)","1,37430012014231528832141526202"
scene_13338,8,"(5, 6)","1,2995452345421676462532963140055"
scene_13068,8,"(5, 6)","1,3643547314315134120631273542764"
scene_13083,8,"(4, 5)","1,22911943308887130670111134112317"
scene_11168,6,"(3, 4)","1,2183106223769157565591931403325"
scene_14980,8,"(4, 5)","1,31669567511931915061141456087540"
scene_11820,8,"(3, 4)","1,010110001000110010000001001110"
scene_10973,8,"(6, 7)","1,23545566487901391311011271062398"
scene_12949,8,"(1, 2)","1,3622006137251568365432847823"
scene_13840,8,"(1, 2)","1,62701667131789270305227285053940"
scene_11493,7,"(3, 4)","1,2358544582805256789023811292047"
scene_13566,8,"(2, 3)","3,427122220117213542120292401029"
scene_14094,8,"(1, 2)","1,3541243402550743130541687014"
scene_14502,8,"(2, 3)","1,2204302631127426134282637128435"
scene_13560,7,"(1, 2)","3,426092342117210290407202346345"
scene_10679,8,"(5, 6)","1,216923870828058132423625046439"
scene_13713,7,"(0, 1)","1,22022775021071462162405351128122"
scene_13160,7,"(0, 1)","3,4206223486662252678628053957104"
scene_14046,8,"(6, 7)","1,462113970505597747011030530200"
scene_10741,8,"(5, 6)","1,33262128174916133771342771232003"
scene_10665,8,"(3, 4)","1,562252637233404998224310759079"
scene_10632,7,"(4, 5)","1,210612112100031344042503130010"
scene_11544,8,"(6, 7)","1,21739017503192659341700748535109"
scene_13626,8,"(0, 1)","1,21234567803901708628312069916271"
scene_10537,6,"(1, 2)","3,220215643596235317359491971709"
scene_13395,7,"(1, 2)","1,2398230796655492406804983681"
scene_14130,8,"(0, 1)","1,26927933457933556826921138126"
scene_11380,7,"(0, 1)","1,2586058247866146334556243233"
scene_14654,7,"(4, 5)","1,273172211318182232035254952368"
scene_13312,7,"(0, 1)","1,225561346563414214803324247143290"
scene_13217,7,"(3, 4)","1,245678901234672689108978304255"
scene_13027,7,"(4, 5)","1,21603920469294462993029984843319"
scene_12211,7,"(5, 6)","1,3"
scene_13159,8,"(5, 6)","1,2657718791874233483785481745"
scene_12080,8,"(6, 7)","1,23601021726112857151723533191256364"
scene_14759,8,"(0, 1)","1,21093583115351324127797564517112614"
scene_13932,8,"(1, 2)","1,21610413050225384716213218277"
scene_10316,7,"(5, 6)","1,23462890315126181738625341166053"
scene_14475,7,"(0, 1)","1,2672391886107422110041243475934"
scene_14684,7,"(3, 4)","1,313011281160107919377104212318"
scene_10928,8,"(3, 4)","3,4397867418370397853103996511062"
scene_10787,8,"(1, 2)","1,2360314345353346327401241729875"
scene_11992,7,"(4, 5)","1,31097735384811585603543913317737"
scene_13140,7,"(1, 2)","1,4107133180242894422813237604430"
scene_11400,8,"(6, 7)","1,4622023072201324393511052631858"
scene_10878,7,"(0, 1)","1,421438062039542761410332233467"
scene_13517,8,"(1, 2)","1,215892110308455414131592457624"
scene_13513,7,"(4, 5)","4,2133549359841171021134132119795"
scene_13805,7,"(2, 3)","1,213595448395233250867119451941974"
scene_10074,8,"(1, 2)","1,254236225429842962178948112466"
scene_13601,8,"(6, 7)","1,37220622430111710310561765533"
scene_12083,7,"(5, 6)","1,5977594653973454800176763346"
scene_11735,8,"(4, 5)","1,29023421202345784512361210012"
scene_13777,8,"(2, 3)","1,21002051242001199520000038100350"
scene_13279,8,"(4, 5)","1,21453015245039201738441242063410"
scene_10383,8,"(4, 5)","1,36988116213214413211332117312"
scene_12157,7,"(5, 6)","1,330405210972130597616386220"
scene_12809,7,"(2, 3)","1,31809024141234234798235834565"
scene_14270,8,"(1, 2)","3,12021234167714294012731076712"
scene_14244,8,"(2, 3)","1,445995828709366404694270626326"
scene_13850,8,"(1, 2)","1,4"
scene_10524,8,"(5, 6)","1,51091285173112667454523634567"
scene_13710,8,"(4, 5)","45,2311240941827123511211582349201"
scene_13653,8,"(1, 2)","1,289641410559773443198657371459329"
scene_11543,8,"(3, 4)","1,300092000018400000011300211690"
scene_12290,6,"(2, 3)","1,278914735621963117455019138540"
scene_14737,8,"(2, 3)","2,414735272107485716456780144900"
scene_13483,8,"(0, 1)","1,217434110020071093388281202027"
scene_12905,7,"(4, 5)","1,21281232101111981142115811235130"
scene_12438,8,"(4, 5)","1,22761111342214135271222415154236"
scene_10529,8,"(5, 6)","1,2107003145161412934592136034812"
scene_11606,8,"(1, 2)","4,13025285360943530473084312349"
scene_14586,7,"(5, 6)","2,2355105032031112666711142231163"
scene_12862,8,"(5, 6)","1,280604839516948908176402623960591"
scene_12688,8,"(3, 4)","1,3456785110121617182227413033"
scene_13381,7,"(4, 5)","1,3726628140214423718105787331834"
scene_11433,7,"(3, 4)","3,462121623348391020656115093014"
scene_10580,7,"(0, 1)","1,8115507866315034301655479685132"
scene_14084,8,"(2, 3)","1,18330831830113782031130807700"
scene_12387,8,"(5, 6)","42,4671104203531323371844006567934"
scene_10333,7,"(5, 6)","1,4200094297931432004827209600"
scene_11366,7,"(3, 4)","1,210083931854083130187077620276309"
scene_10616,7,"(4, 5)","1,27423484658487284477552311028089"
scene_12469,6,"(2, 3)","1,2149272231847233147655230624833"
scene_13549,8,"(5, 6)","1,2480411252197100010002030196303"
scene_12966,7,"(3, 4)","1,212313341201741324125001249913441102"
scene_11033,5,"(3, 4)","1,39345521532114792640399933124"
scene_11164,7,"(1, 2)","1,4431512213162024473224133312"
scene_11584,7,"(2, 3)","1,222621342300023741462150026"
scene_12780,7,"(3, 4)","1,29999999951571859914181881448919"
scene_12286,6,"(1, 2)","1,218066666666666710080985161128434"
scene_10388,8,"(6, 7)","1,210011013253541203032016049941116"
scene_14436,7,"(4, 5)","1,219985396830806924862756984380"
scene_13636,8,"(3, 4)","2,40112184028403404090344041204"
scene_11371,8,"(1, 2)","1,26740127470303246721331267434"
scene_12652,8,"(6, 7)","2,445612291483207428429194552780"
scene_14296,7,"(1, 2)","1,42494628201086711161048541233"
scene_13235,8,"(2, 3)","1,3123457823642110353442116302"
scene_13680,7,"(5, 6)","1,735752222449288423342088835200"
scene_12449,7,"(1, 2)","1,21304427904434448569042371045535"
scene_12782,8,"(6, 7)","1,2353223130243132313221123541"
scene_11386,8,"(3, 4)","1,2135154631143523111221063101482"
scene_13174,8,"(0, 1)","1,218110343123455516287719025889329"
scene_11675,7,"(4, 5)","3,2180167332715444608457805454282677"
scene_11587,8,"(3, 4)","1,2149346982767190042452164900839"
scene_11159,8,"(3, 4)","1,275793010010006107173200820516"
scene_11528,7,"(4, 5)","1,2353567414213571357926841593"
scene_11491,7,"(4, 5)","1,20002123454345344303423502810"
scene_10651,8,"(1, 2)","1,20008431192815174340500100067"
scene_12498,7,"(3, 4)","1,2333333343434344444333334345"
scene_12142,8,"(1, 2)","2,3487731448863010452035153089"
scene_13384,8,"(2, 3)","1,21171793524772328864040256563130"
scene_14920,8,"(1, 2)","1,3862930223945862335618006530"
scene_11794,8,"(2, 3)","1,278172515239920203510070775739"
scene_12900,8,"(5, 6)","1,23421304214213412031303204112"
scene_11015,7,"(0, 1)","2,32782501203483511521812328415"
scene_14450,7,"(3, 4)","1,281044315827328715531084821491230"
scene_10707,8,"(6, 7)","1,3610112102132914288112391312"
scene_12647,8,"(2, 3)","3,422222108472048363539445683569"
scene_14408,8,"(0, 1)","1,2123456722811234567785634567233"
scene_10345,8,"(4, 5)","3,4306285124681062244190577313537"
scene_12927,6,"(1, 2)","1,2842356469517958219786702692781"
scene_11407,7,"(0, 1)","1,4171626982251190107108381309075"
scene_10424,7,"(2, 3)","1,236210918061177201118340211823120"
scene_11846,8,"(3, 4)","1,311445675014141373663162431595"
scene_10253,8,"(5, 6)","1,11234562884567234644420641165142"
scene_14763,6,"(4, 5)","1,22628101234567942334534506798"
scene_12054,7,"(4, 5)","1,3456789012131415161823476280"
scene_11949,8,"(0, 1)","1,232617510009802230026194211001204"
scene_14677,7,"(0, 1)","1,3452682238317231201438434845929723"
scene_11317,8,"(1, 2)","1,41232034731731238613085907076"
scene_10772,7,"(4, 5)","1,34567890123431256890123456780931"
scene_12670,8,"(5, 6)","1,220221028546044454311184902188"
scene_12342,8,"(5, 6)","1,398807890364898013157581651225"
scene_11843,7,"(4, 5)","1,2789653543453346557419271727"
scene_10168,7,"(1, 2)","1,236626159239488010130473417424429"
scene_13578,7,"(3, 4)","1,2206125623931037523016115784388"
scene_13246,8,"(1, 2)","1,320214349020402197213531104925"
scene_14936,8,"(6, 7)","1,21875144315322136221229341013"
scene_12378,8,"(2, 3)","1,21756915063033334447461750017"
scene_11896,8,"(2, 3)","1,260741956130037633431231506110"
scene_11575,8,"(0, 1)","1,412931141263133138313831523533"
scene_12077,8,"(1, 2)","1,2"
scene_12434,8,"(1, 2)","1,351209435415713237463568318699"
scene_13662,7,"(5, 6)","1,2996673111303939463314981237"
scene_13832,6,"(0, 1)","1,2802989149350792883120440470617"
scene_14194,7,"(5, 6)","3,41589929031479132423418061924"
scene_10314,8,"(6, 7)","2,31922443129314271181325217013"
scene_11176,7,"(3, 4)","1,236403849891854827468223839540"
scene_14266,7,"(1, 2)","1,488132582925323180011552009402"
scene_10233,8,"(5, 6)","1,490316306146912474534352872250"
scene_10154,8,"(4, 5)","1,29201919314003116401023973337"
scene_13665,8,"(5, 6)","1,51111256366218135800324462341"
scene_11892,8,"(1, 2)","1,41999838024805223084218531827"
scene_11272,7,"(3, 4)","1,214310234022123325323311271331235"
scene_10303,8,"(1, 2)","1,2115405664388312140414931533"
scene_13552,7,"(4, 5)","1,23062107150210119211911920210713"
scene_11442,8,"(2, 3)","1,2232400010001000100110012002"
scene_10230,7,"(2, 3)","1,21956277382543177895623936540287"
scene_14551,8,"(3, 4)","1,2144356738304628206145021001123"
scene_11126,7,"(3, 4)","3,4345292843628432048571321467"
scene_13999,8,"(4, 5)","1,27894360210011011052623507882548"
scene_11241,7,"(5, 6)","1,342001389128214933642324110888"
scene_12587,7,"(2, 3)","1,320037934536262264219031153619"
scene_11812,8,"(2, 3)","1,3154144653702736163343162108205160"
scene_14473,7,"(2, 3)","3,116922363273613767313215199907"
scene_10279,7,"(2, 3)","1,236847929909436456072291740942"
scene_11802,8,"(4, 5)","1,5623023628444715956241691901833"
scene_10619,8,"(3, 4)","1,214723744313930262287204278193060"
scene_11295,7,"(3, 4)","1,3130120151726012015401198530218"
