scenario,seq_len,ground_truth,answer,lpips,seq_lpips
scene_14124,7,False,no,0.068232,0.150085
scene_10696,7,True,yes,0.229447,0.163694
scene_14922,8,True,yes,0.163542,0.297995
scene_14012,8,False,no,0.111775,0.262413
scene_14779,7,False,yes,0.073117,0.136032
scene_13854,8,False,no,0.319949,0.238441
scene_14696,7,True,no,0.076829,0.261796
scene_11199,8,True,no,0.069885,0.301398
scene_10716,6,True,yes,0.115730,0.112523
scene_12474,7,False,no,0.132346,0.183218
scene_11448,8,False,yes,0.081286,0.172920
scene_13886,8,False,no,0.144652,0.213972
scene_14268,7,False,no,0.030309,0.167057
scene_10493,7,True,no,0.261895,0.265864
scene_13918,6,False,yes,0.179476,0.148127
scene_10362,8,False,no,0.044303,0.324718
scene_12332,8,True,no,0.080803,0.210206
scene_11032,6,True,no,0.050812,0.123206
scene_12897,8,True,no,0.135262,0.216707
scene_12742,7,True,no,0.110801,0.182832
scene_13909,6,True,no,0.106237,0.117575
scene_11971,7,True,no,0.168380,0.222516
scene_11590,8,False,no,0.107337,0.266409
scene_12129,8,False,no,0.168779,0.214902
scene_10165,8,False,no,0.288638,0.220670
scene_12672,8,False,yes,0.101791,0.203073
scene_14293,8,False,no,0.141601,0.210828
scene_11020,7,True,no,0.105038,0.201587
scene_13493,8,True,no,0.095486,0.175636
scene_13462,8,False,no,0.127042,0.196347
scene_12228,8,False,no,0.140108,0.285980
scene_10964,7,False,no,0.281788,0.252160
scene_11140,7,False,no,0.082638,0.176243
scene_14516,7,True,no,0.308933,0.327477
scene_12025,7,False,no,0.031479,0.141468
scene_14735,8,False,no,0.129236,0.260382
scene_10015,8,False,no,0.134948,0.282208
scene_11410,7,False,no,0.083208,0.236394
scene_14626,8,True,no,0.141158,0.280132
scene_13868,8,False,no,0.110754,0.185780
scene_13307,8,True,no,0.277131,0.292521
scene_11525,7,True,no,0.151609,0.138849
scene_13673,7,True,no,0.083866,0.144438
scene_14389,7,False,no,0.121331,0.149333
scene_12832,7,False,no,0.119398,0.130416
scene_10770,8,True,no,0.158066,0.190418
scene_12886,7,True,yes,0.048956,0.220063
scene_10596,8,True,no,0.180864,0.196554
scene_14118,8,False,no,0.234774,0.160411
scene_13834,7,True,no,0.186975,0.273594
scene_14713,7,False,no,0.096224,0.134970
scene_14373,8,False,no,0.189534,0.242149
scene_12294,8,True,no,0.120003,0.184075
scene_10831,7,False,no,0.041446,0.157478
scene_12560,8,True,no,0.274421,0.308444
scene_10594,8,True,no,0.094596,0.141967
scene_10701,7,False,no,0.130325,0.224646
scene_14856,7,True,no,0.060057,0.182347
scene_14556,7,True,no,0.081054,0.151956
scene_12373,8,True,yes,0.076232,0.160472
scene_14305,8,True,no,0.090003,0.174214
scene_10155,8,False,no,0.177673,0.203476
scene_14004,8,True,no,0.092658,0.191238
scene_10018,8,True,no,0.265879,0.260686
scene_14886,8,True,no,0.102790,0.240824
scene_12582,8,False,no,0.122067,0.218482
scene_12994,7,True,no,0.175268,0.165745
scene_13671,5,True,no,0.042585,0.062910
scene_11122,7,False,no,0.036275,0.112434
scene_14068,7,True,no,0.070942,0.203279
scene_13770,8,False,no,0.094876,0.250056
scene_12870,8,True,no,0.100949,0.186432
scene_14943,7,True,no,0.071949,0.126488
scene_14868,8,False,no,0.101403,0.227886
scene_14200,8,False,yes,0.216128,0.303407
scene_14133,7,False,no,0.035496,0.294163
scene_13915,7,False,no,0.184210,0.178670
scene_14388,7,True,no,0.015035,0.288549
scene_13881,8,True,no,0.135151,0.194541
scene_11689,8,False,yes,0.214866,0.251939
scene_13872,8,False,no,0.182805,0.271866
scene_14560,8,True,no,0.137388,0.190444
scene_11597,8,True,no,0.044324,0.165899
scene_13643,7,True,no,0.156084,0.113596
scene_11135,6,False,no,0.033143,0.072993
scene_11891,8,True,no,0.103753,0.180269
scene_13015,7,False,no,0.068240,0.130770
scene_14580,7,False,yes,0.085876,0.132446
scene_11251,8,True,yes,0.215128,0.214741
scene_11492,8,True,no,0.217821,0.219311
scene_14918,8,False,no,0.173533,0.275069
scene_10724,8,True,no,0.223442,0.270151
scene_10238,8,False,no,0.196290,0.278176
scene_14358,8,False,no,0.073417,0.219965
scene_13330,8,False,no,0.206407,0.265368
scene_12701,8,False,no,0.096161,0.223990
scene_13902,7,True,no,0.140308,0.177349
scene_12339,8,True,no,0.137911,0.169909
scene_11553,8,False,no,0.136033,0.259811
scene_10296,8,False,no,0.166930,0.254312
scene_10544,7,False,no,0.077478,0.129953
scene_12943,8,True,no,0.132493,0.265530
scene_13555,8,True,no,0.119952,0.229308
scene_14782,8,False,yes,0.101690,0.134889
scene_11835,7,True,no,0.086712,0.149788
scene_12333,8,False,yes,0.084002,0.215043
scene_12625,8,False,no,0.089323,0.189031
scene_13647,8,False,no,0.199958,0.218449
scene_10251,7,True,yes,0.174561,0.256971
scene_14652,8,True,yes,0.108745,0.180193
scene_11662,8,True,no,0.162216,0.258433
scene_13286,8,False,yes,0.161708,0.256392
scene_11066,6,True,no,0.020505,0.091990
scene_14552,7,False,no,0.078026,0.226901
scene_10758,7,False,no,0.064976,0.112890
scene_13966,5,False,no,0.031243,0.065527
scene_12106,8,False,no,0.210501,0.246772
scene_11912,8,True,no,0.189348,0.289225
scene_11866,8,False,yes,0.147998,0.193773
scene_14091,7,True,no,0.104207,0.145291
scene_11679,6,True,no,0.274810,0.286934
scene_13645,8,True,no,0.232513,0.249117
scene_14641,8,True,no,0.193585,0.237461
scene_13642,6,True,no,0.162982,0.146009
scene_14928,8,True,no,0.083793,0.233243
scene_13988,6,False,no,0.162392,0.172874
scene_13584,8,True,no,0.103359,0.153983
scene_12646,7,False,no,0.133089,0.198218
scene_10673,6,True,no,0.126417,0.158770
scene_11677,7,True,no,0.155882,0.234455
scene_10794,6,True,no,0.062934,0.153492
scene_10590,8,False,no,0.229902,0.231101
scene_11002,8,False,no,0.231830,0.402075
scene_10640,7,False,no,0.058680,0.208232
scene_14797,7,True,no,0.131085,0.147884
scene_12019,7,False,no,0.287950,0.301543
scene_14016,7,True,no,0.089742,0.144588
scene_10957,7,False,yes,0.101841,0.170283
scene_14182,8,True,yes,0.239871,0.319449
scene_14170,7,True,no,0.075789,0.120132
scene_13204,8,True,no,0.168437,0.229283
scene_10961,6,False,no,0.041943,0.066424
scene_14081,8,True,no,0.089993,0.277683
scene_10588,8,False,yes,0.251923,0.321475
scene_11650,7,False,no,0.043113,0.165239
scene_11856,8,True,no,0.190920,0.282969
scene_10832,8,True,yes,0.228940,0.291092
scene_11967,7,True,no,0.054466,0.138380
scene_11476,8,True,no,0.122911,0.323980
scene_14734,8,False,no,0.108998,0.190884
scene_13927,8,True,no,0.153003,0.250502
scene_10839,8,False,no,0.059389,0.123821
scene_14884,7,False,no,0.140946,0.305393
scene_11931,7,True,no,0.190078,0.227311
scene_13839,7,False,no,0.077676,0.129129
scene_14879,7,False,no,0.081125,0.190861
scene_12785,8,False,no,0.301385,0.311153
scene_14864,7,False,no,0.216919,0.229984
scene_11106,8,True,no,0.084203,0.295437
scene_14207,7,True,no,0.075424,0.098953
scene_10394,7,False,no,0.239836,0.212965
scene_11012,8,True,yes,0.328172,0.304686
scene_10810,8,False,yes,0.256315,0.347995
scene_12023,8,True,no,0.123129,0.220515
scene_12513,8,False,no,0.184248,0.283302
scene_11138,8,True,no,0.110228,0.203861
scene_13137,8,False,no,0.075100,0.205888
scene_14021,8,False,no,0.082719,0.300931
scene_11972,7,False,no,0.036544,0.172737
scene_12817,7,False,no,0.125422,0.195956
scene_10180,8,True,no,0.088059,0.222123
scene_12508,7,True,no,0.253273,0.196260
scene_11026,7,False,no,0.202799,0.218257
scene_10854,8,False,yes,0.141092,0.232938
scene_10202,8,False,no,0.071526,0.157407
scene_13177,8,True,no,0.188141,0.272609
scene_11224,8,True,no,0.133956,0.237901
scene_11609,7,False,no,0.065544,0.106139
scene_10256,7,True,no,0.029463,0.204790
scene_13390,8,True,no,0.174591,0.285902
scene_12396,6,True,no,0.271988,0.255235
scene_11162,8,False,no,0.108405,0.194622
scene_10693,7,True,yes,0.138641,0.205190
scene_14823,8,False,no,0.100504,0.285803
scene_12376,7,False,no,0.187678,0.288437
scene_11103,7,False,no,0.094077,0.129074
scene_12677,8,True,no,0.344018,0.313830
scene_14213,7,True,no,0.149973,0.218982
scene_11040,8,False,no,0.194582,0.271842
scene_10163,8,True,yes,0.182001,0.221230
scene_14405,7,True,no,0.169485,0.214406
scene_14595,8,True,yes,0.138132,0.407626
scene_11996,8,True,no,0.068323,0.174712
scene_10000,8,False,no,0.166479,0.315553
scene_14469,8,True,yes,0.115074,0.251335
scene_11291,7,False,no,0.114097,0.170016
scene_13985,8,True,no,0.127153,0.242623
scene_14117,7,False,no,0.150967,0.211168
scene_11284,7,False,no,0.144568,0.135180
scene_10875,8,True,yes,0.074390,0.234030
scene_10559,8,False,no,0.105860,0.217368
scene_12707,7,True,no,0.099904,0.172908
scene_10294,8,False,no,0.170083,0.278831
scene_12516,8,False,no,0.103294,0.233910
scene_11174,7,True,yes,0.092357,0.140869
scene_13936,7,True,no,0.096582,0.189792
scene_12729,8,False,yes,0.192992,0.298396
scene_12340,7,False,no,0.140988,0.198732
scene_10022,5,False,no,0.043151,0.058541
scene_13931,8,False,no,0.084634,0.165825
scene_10146,8,True,no,0.083689,0.218356
scene_12947,7,False,no,0.157361,0.243153
scene_11018,8,False,no,0.084651,0.208675
scene_10117,7,True,no,0.202787,0.218757
scene_13443,7,True,no,0.161611,0.296736
scene_12767,7,False,no,0.023695,0.247910
scene_14591,6,True,no,0.250588,0.202044
scene_14149,8,False,no,0.177714,0.264840
scene_14249,6,False,no,0.056504,0.175312
scene_13962,7,True,yes,0.002646,0.113233
scene_10717,8,False,no,0.229563,0.392510
scene_14558,8,False,no,0.157117,0.236622
scene_14866,8,True,no,0.073830,0.158420
scene_11874,8,True,no,0.148595,0.253497
scene_10071,8,True,no,0.060966,0.155536
scene_13454,8,True,no,0.126235,0.291120
scene_10061,8,False,no,0.292198,0.381876
scene_12223,8,False,no,0.142916,0.182783
scene_13500,8,True,no,0.135588,0.271490
scene_12375,7,True,no,0.059154,0.163617
scene_11745,7,True,no,0.075993,0.107719
scene_10042,7,True,no,0.198872,0.247133
scene_14150,7,False,no,0.153602,0.209410
scene_14528,7,False,no,0.073365,0.137222
scene_12051,8,False,no,0.191129,0.200065
scene_10331,7,False,yes,0.085985,0.189512
scene_14981,7,True,no,0.168834,0.199277
scene_10377,7,True,no,0.165786,0.205997
scene_14275,7,False,no,0.052779,0.088555
scene_13257,8,False,yes,0.058054,0.202588
scene_14749,7,False,no,0.175307,0.214259
scene_10915,8,False,no,0.181425,0.240614
scene_12619,8,True,no,0.145288,0.214098
scene_10436,7,False,no,0.128797,0.210361
scene_10730,6,True,no,0.038437,0.089949
scene_13768,8,False,yes,0.092964,0.216967
scene_14465,7,True,no,0.119106,0.213671
scene_11145,8,False,yes,0.119381,0.208296
scene_12094,8,False,yes,0.054028,0.111955
scene_14942,8,True,no,0.124205,0.276642
scene_13122,8,False,no,0.223603,0.285771
scene_14532,7,False,no,0.148050,0.209893
scene_11089,8,False,no,0.092542,0.173522
scene_10088,8,True,no,0.259271,0.192252
scene_14665,8,False,no,0.096392,0.258739
scene_14888,8,False,no,0.092100,0.144432
scene_10221,8,True,no,0.064160,0.183767
scene_11248,7,False,no,0.021355,0.117766
scene_11201,7,False,no,0.048576,0.101220
scene_14789,8,True,no,0.211525,0.260106
scene_14187,8,False,no,0.103775,0.208068
scene_11058,8,True,no,0.337892,0.405877
scene_10133,8,False,no,0.159387,0.184832
scene_10032,7,True,yes,0.043880,0.214557
scene_11480,7,True,yes,0.206900,0.158947
scene_10225,7,True,no,0.276674,0.244074
scene_10858,8,True,no,0.220052,0.244792
scene_11076,8,True,no,0.091382,0.227768
scene_10870,8,False,no,0.289648,0.384111
scene_14309,6,True,no,0.020116,0.179238
scene_11156,7,True,no,0.054856,0.234530
scene_14271,8,True,no,0.068679,0.185788
scene_11803,7,True,no,0.275412,0.213013
scene_12675,7,True,no,0.083668,0.188183
scene_11905,7,True,no,0.051955,0.215941
scene_10297,7,True,no,0.088543,0.136581
scene_13978,8,False,no,0.190511,0.233356
scene_10631,8,True,yes,0.216284,0.286032
scene_10371,8,True,no,0.185615,0.260872
scene_11340,8,True,yes,0.112793,0.147594
scene_10030,8,False,no,0.118773,0.227442
scene_12769,7,True,yes,0.218597,0.214279
scene_14893,8,False,no,0.106455,0.215360
scene_12731,7,False,yes,0.192523,0.232412
scene_13763,8,False,no,0.222566,0.336269
scene_13675,7,True,yes,0.154177,0.215684
scene_13214,7,True,no,0.183763,0.240726
scene_11669,7,False,no,0.090530,0.103167
scene_14606,8,False,yes,0.103073,0.371116
scene_14814,7,False,no,0.141329,0.208487
scene_13794,8,True,no,0.154130,0.316173
scene_13607,8,False,no,0.135253,0.229660
scene_12252,8,False,no,0.089102,0.256970
scene_14258,8,True,no,0.056655,0.115031
scene_11637,7,True,no,0.267485,0.276449
scene_10047,8,True,no,0.276309,0.333154
scene_10676,7,False,yes,0.173306,0.178658
scene_13446,8,False,no,0.073701,0.181066
scene_11783,8,False,no,0.125685,0.154263
scene_14082,6,False,yes,0.191239,0.168484
scene_11462,8,True,no,0.132547,0.289109
scene_11616,7,False,yes,0.040612,0.129852
scene_11315,7,True,no,0.152307,0.246250
scene_10432,8,True,no,0.139703,0.226417
scene_13699,8,False,yes,0.070953,0.207149
scene_14468,7,True,no,0.324231,0.306688
scene_13351,7,True,no,0.180970,0.200530
scene_10901,7,False,yes,0.071778,0.090555
scene_13219,7,False,no,0.045492,0.201748
scene_10723,7,False,yes,0.223872,0.275688
scene_10337,8,False,no,0.328106,0.323913
scene_12185,8,False,no,0.222657,0.292783
scene_10996,8,True,no,0.133731,0.262526
scene_11279,8,False,no,0.093504,0.166146
scene_13268,8,True,no,0.173157,0.311349
scene_13043,8,False,no,0.098911,0.149233
scene_13861,7,True,yes,0.079245,0.169439
scene_11182,7,True,no,0.063943,0.101773
scene_11330,8,True,yes,0.127454,0.229809
scene_13912,7,True,no,0.080663,0.179057
scene_13452,7,False,yes,0.102778,0.157815
scene_11275,7,False,no,0.213379,0.231277
scene_13836,8,True,no,0.065100,0.136013
scene_14066,6,False,no,0.106077,0.156667
scene_10876,7,False,no,0.014101,0.124386
scene_13484,8,True,no,0.108537,0.226112
scene_10293,8,True,no,0.153806,0.243650
scene_10056,8,False,no,0.089708,0.201846
scene_10474,8,False,no,0.201439,0.269154
scene_13053,7,False,yes,0.000845,0.139554
scene_10918,8,False,yes,0.088170,0.182635
scene_14815,8,False,no,0.080873,0.257133
scene_11730,7,True,no,0.265852,0.235254
scene_13934,8,False,no,0.123992,0.168211
scene_14160,7,True,yes,0.135146,0.184327
scene_10348,7,False,no,0.092785,0.162986
scene_13481,7,True,no,0.117582,0.175024
scene_14038,7,False,no,0.066587,0.204098
scene_11157,8,False,no,0.078296,0.323449
scene_13350,8,False,no,0.049554,0.197431
scene_11447,6,False,no,0.277736,0.252940
scene_10418,7,False,no,0.116593,0.208330
scene_10712,8,False,no,0.158308,0.251053
scene_12150,8,False,no,0.070718,0.175474
scene_14803,8,False,no,0.074815,0.135151
scene_11658,8,False,no,0.180078,0.292876
scene_14570,7,False,no,0.304279,0.330063
scene_10101,7,False,yes,0.301465,0.301364
scene_11613,8,False,no,0.149912,0.166525
scene_11434,8,False,no,0.138471,0.345754
scene_10759,8,True,no,0.183997,0.296363
scene_14903,8,False,no,0.078365,0.203138
scene_13166,7,False,yes,0.214984,0.208405
scene_13197,8,True,no,0.161908,0.297917
scene_12357,8,False,no,0.060959,0.180677
scene_11071,8,False,no,0.141608,0.243754
scene_12893,8,True,no,0.094752,0.180791
scene_11097,7,False,no,0.075467,0.134021
scene_12756,7,True,no,0.266106,0.212486
scene_12143,8,True,no,0.161515,0.225803
scene_12216,7,True,no,0.001168,0.252071
scene_12710,7,True,yes,0.086518,0.122455
scene_13240,8,True,yes,0.198710,0.261332
scene_11982,8,True,no,0.104460,0.225045
scene_11453,8,True,no,0.046309,0.284761
scene_10389,7,True,no,0.211992,0.277260
scene_13393,8,False,no,0.158552,0.241545
scene_10934,7,True,no,0.031349,0.249431
scene_14851,7,False,no,0.062819,0.229711
scene_14921,8,True,no,0.127852,0.148181
scene_10433,6,False,no,0.191446,0.173091
scene_13545,8,True,no,0.125302,0.204081
scene_13692,7,True,no,0.060491,0.138559
scene_10078,8,False,no,0.274593,0.223376
scene_13463,8,False,no,0.158508,0.160319
scene_14709,8,True,no,0.088170,0.196254
scene_14100,7,False,no,0.026337,0.129549
scene_11244,7,False,no,0.111309,0.301054
scene_10402,7,False,no,0.027601,0.238048
scene_13002,8,True,no,0.086414,0.182466
scene_11188,8,True,no,0.064984,0.260489
scene_14099,5,True,no,0.053354,0.052203
scene_12758,6,False,no,0.168385,0.187233
scene_12055,8,False,no,0.119817,0.195855
scene_14882,7,False,no,0.178663,0.189640
scene_10010,8,False,no,0.216549,0.279772
scene_13109,8,False,no,0.205697,0.268837
scene_12828,8,False,no,0.165182,0.264178
scene_12610,8,False,yes,0.130642,0.344377
scene_14932,7,False,no,0.099018,0.156958
scene_10847,8,True,no,0.147984,0.238978
scene_13605,8,True,no,0.304878,0.260494
scene_12397,8,True,no,0.074110,0.156653
scene_12464,7,True,yes,0.051571,0.103036
scene_12849,8,True,no,0.225750,0.284212
scene_13721,7,False,no,0.295601,0.348637
scene_13304,8,True,yes,0.149457,0.196445
scene_10892,8,False,no,0.138240,0.195186
scene_11714,8,True,no,0.262127,0.257209
scene_10364,7,True,yes,0.056936,0.143175
scene_11748,8,False,no,0.276323,0.367724
scene_14205,7,True,no,0.052731,0.080618
scene_13269,8,True,yes,0.124109,0.224996
scene_12104,7,False,no,0.142187,0.194673
scene_13544,7,False,yes,0.132640,0.157134
scene_14950,5,False,yes,0.140923,0.117969
scene_14030,8,False,no,0.141897,0.255976
scene_13784,7,True,no,0.054910,0.090922
scene_14542,7,False,yes,0.166859,0.176768
scene_10428,7,True,no,0.178273,0.171237
scene_13964,8,False,no,0.121390,0.190160
scene_12774,8,False,no,0.233332,0.320472
scene_10799,8,True,yes,0.135025,0.265323
scene_10743,6,True,yes,0.057278,0.138815
scene_10084,7,True,no,0.114742,0.148706
scene_10096,8,False,no,0.130685,0.227137
scene_13220,5,False,no,0.035745,0.074391
scene_12888,7,False,no,0.036770,0.220250
scene_12740,7,True,yes,0.256887,0.276669
scene_12792,8,True,no,0.085120,0.258606
scene_13095,8,False,no,0.091753,0.153269
scene_10552,8,False,no,0.232503,0.303422
scene_13922,8,False,no,0.184074,0.210273
scene_11981,5,True,no,0.041988,0.061210
scene_10268,7,True,no,0.044294,0.186301
scene_12180,7,False,no,0.157272,0.165234
scene_11075,8,True,no,0.255128,0.257788
scene_12380,8,False,no,0.121203,0.203890
scene_14241,7,False,no,0.095579,0.138454
scene_12486,7,False,no,0.257129,0.317687
scene_11953,7,True,no,0.065406,0.141975
scene_11319,7,False,no,0.163222,0.195264
scene_13994,7,True,no,0.121919,0.282695
scene_12611,8,False,no,0.115588,0.237987
scene_11636,8,True,no,0.066972,0.197455
scene_13098,8,True,yes,0.179702,0.261405
scene_14461,5,True,no,0.077002,0.089252
scene_13067,8,True,no,0.093550,0.243325
scene_13563,8,False,no,0.221388,0.239290
scene_10052,8,False,no,0.124745,0.269811
scene_10473,8,False,no,0.128483,0.286666
scene_12249,7,True,yes,0.204817,0.241549
scene_12599,8,False,no,0.123862,0.256762
scene_12193,6,False,no,0.072866,0.086017
scene_14863,8,False,no,0.068772,0.205199
scene_11900,8,False,yes,0.085588,0.260715
scene_13121,7,False,yes,0.014498,0.271315
scene_10320,8,True,no,0.061296,0.197475
scene_13851,7,False,no,0.208346,0.246043
scene_10873,8,True,yes,0.070340,0.162168
scene_12243,8,True,no,0.100947,0.156853
scene_10097,6,True,no,0.094807,0.117394
scene_11150,6,True,no,0.078097,0.151194
scene_13258,8,False,no,0.156607,0.251501
scene_13620,7,False,no,0.143154,0.204452
scene_13206,7,True,no,0.189156,0.208104
scene_14314,7,False,yes,0.127254,0.169342
scene_11408,8,True,no,0.102889,0.212261
scene_11399,8,True,no,0.122043,0.273664
scene_13441,8,True,no,0.084787,0.247516
scene_12415,8,False,no,0.234793,0.344298
scene_11197,7,True,no,0.094545,0.156821
scene_11708,7,False,no,0.109170,0.192918
scene_13528,7,True,no,0.121155,0.185362
scene_10196,6,False,yes,0.000849,0.060104
scene_13677,8,True,no,0.088160,0.224616
scene_12624,8,True,no,0.111584,0.174734
scene_14097,7,False,no,0.048586,0.104211
scene_12269,8,True,yes,0.125490,0.166604
scene_10490,8,True,no,0.168627,0.283500
scene_14425,8,True,no,0.150110,0.298649
scene_12840,8,True,no,0.072360,0.214721
scene_11623,7,False,no,0.211728,0.239692
scene_13707,7,True,no,0.080598,0.147176
scene_11682,7,True,no,0.180091,0.280087
scene_13635,8,False,no,0.128073,0.186281
scene_11581,8,True,no,0.177505,0.189774
scene_11116,7,True,no,0.229263,0.286552
scene_13726,7,True,no,0.144731,0.197970
scene_10392,7,True,no,0.100195,0.179223
scene_13418,8,False,no,0.206008,0.316291
scene_10086,7,False,yes,0.342626,0.316430
scene_11335,8,False,no,0.215556,0.264061
scene_13596,7,True,no,0.043233,0.227282
scene_13543,7,True,no,0.120062,0.147719
scene_11141,7,False,no,0.001895,0.128998
scene_13376,7,False,no,0.190773,0.264879
scene_13822,7,False,yes,0.101001,0.155498
scene_10650,8,False,yes,0.182862,0.238067
scene_12902,7,False,no,0.001258,0.170734
scene_11917,8,True,no,0.072195,0.135010
scene_14578,7,True,yes,0.267991,0.256756
scene_13824,8,False,yes,0.134134,0.282962
scene_13996,6,True,yes,0.237253,0.219171
scene_14766,8,False,yes,0.084298,0.288268
scene_10041,7,False,no,0.150078,0.217424
scene_14853,7,False,no,0.148416,0.220880
scene_13797,8,True,no,0.075008,0.198297
scene_14312,8,False,yes,0.221436,0.174950
scene_14438,8,True,no,0.117138,0.166115
scene_10999,7,False,no,0.021561,0.290759
scene_10073,8,True,no,0.156758,0.225152
scene_12932,7,True,no,0.110800,0.206227
scene_13093,8,True,no,0.137537,0.166346
scene_14134,8,True,no,0.225707,0.211874
scene_11405,6,True,no,0.055363,0.127770
scene_12160,7,True,yes,0.131130,0.221133
scene_11975,7,False,no,0.095856,0.115275
scene_11831,8,True,no,0.115392,0.197615
scene_13856,7,False,no,0.157062,0.211850
scene_13055,8,True,no,0.185577,0.212260
scene_11767,7,True,no,0.219653,0.175498
scene_12454,8,False,no,0.090920,0.277013
scene_12350,7,False,no,0.137505,0.201608
scene_12983,8,True,yes,0.075605,0.235296
scene_13086,8,True,yes,0.299595,0.364226
scene_12482,8,True,no,0.141421,0.198505
scene_13168,8,False,no,0.175956,0.265682
scene_14308,7,True,no,0.115371,0.198357
scene_14313,8,True,no,0.102024,0.175426
scene_10484,7,True,no,0.060412,0.203765
scene_11983,8,False,no,0.181997,0.199205
scene_10861,8,True,no,0.210449,0.274245
scene_10482,8,True,no,0.085853,0.235445
scene_14757,7,False,no,0.208166,0.284682
scene_13539,6,True,no,0.046952,0.070140
scene_12496,8,True,no,0.082020,0.155085
scene_10266,7,True,no,0.125325,0.258864
scene_14627,7,True,no,0.136782,0.171415
scene_12565,8,True,no,0.053579,0.231751
scene_10431,7,True,no,0.080452,0.126875
scene_14379,8,True,no,0.075404,0.265832
scene_13158,8,False,no,0.094782,0.310483
scene_11028,7,False,no,0.274896,0.260363
scene_11744,7,False,no,0.128303,0.206752
scene_12451,7,False,yes,0.054103,0.154366
scene_10931,6,True,no,0.038293,0.079491
scene_12203,8,True,yes,0.100496,0.157561
scene_12115,8,False,no,0.099515,0.136939
scene_12314,7,False,no,0.151071,0.148708
scene_11533,6,True,no,0.089664,0.082792
scene_12920,7,False,no,0.000812,0.134369
scene_14166,8,False,no,0.098791,0.224320
scene_11651,7,False,no,0.169390,0.165260
scene_11358,7,False,no,0.057370,0.106930
scene_13821,8,True,yes,0.188724,0.222291
scene_13679,8,False,no,0.205442,0.302374
scene_12948,8,False,yes,0.049935,0.149537
scene_11663,7,False,no,0.044878,0.130530
scene_13265,8,False,no,0.074210,0.266827
scene_12377,8,True,no,0.103367,0.138818
scene_12073,8,False,no,0.093808,0.181920
scene_11709,8,False,yes,0.092473,0.214307
scene_10036,7,False,no,0.182966,0.239238
scene_11080,8,False,no,0.189736,0.253566
scene_14153,7,True,no,0.089633,0.179106
scene_13432,8,False,no,0.107181,0.182440
scene_12863,7,False,no,0.174559,0.229958
scene_11292,4,False,yes,0.052832,0.040589
scene_12976,7,False,no,0.197362,0.177432
scene_12639,8,False,no,0.088556,0.260472
scene_10143,7,False,no,0.274925,0.248343
scene_12881,6,True,no,0.061578,0.132379
scene_13869,7,False,no,0.172256,0.241396
scene_14809,7,True,no,0.247646,0.293570
scene_14862,8,False,no,0.114722,0.295342
scene_12075,8,False,yes,0.197435,0.293379
scene_11699,7,True,no,0.256853,0.291510
scene_10897,8,True,yes,0.147794,0.240313
scene_14587,6,True,no,0.087536,0.093457
scene_13085,7,True,no,0.235432,0.218622
scene_11755,8,True,yes,0.065368,0.165081
scene_12773,7,True,no,0.268067,0.302881
scene_10283,6,True,no,0.191983,0.167333
scene_12754,7,True,yes,0.133950,0.208521
scene_10065,8,False,no,0.230446,0.289922
scene_11059,8,False,yes,0.081362,0.254977
scene_12744,8,True,no,0.108065,0.180007
scene_10305,8,True,no,0.155940,0.254073
scene_12488,7,False,no,0.136341,0.203823
scene_14977,8,True,no,0.190333,0.264452
scene_11354,6,False,no,0.042357,0.112748
scene_13222,8,True,no,0.145294,0.252189
scene_10007,8,False,no,0.252229,0.311723
scene_10104,8,True,yes,0.086854,0.299182
scene_11406,7,False,no,0.118708,0.181107
scene_10534,8,False,no,0.062156,0.188687
scene_14829,8,True,no,0.139374,0.235872
scene_13798,8,False,no,0.067304,0.209309
scene_13270,8,True,no,0.195952,0.276127
scene_11851,8,True,no,0.096817,0.232657
scene_13540,8,True,no,0.128674,0.228962
scene_13709,8,True,yes,0.143978,0.269262
scene_12251,7,False,no,0.058556,0.258799
scene_12887,8,False,no,0.140980,0.278877
scene_12183,7,True,no,0.180132,0.188857
scene_12393,8,True,no,0.089034,0.196202
scene_13878,8,False,no,0.146066,0.253829
scene_12575,7,True,no,0.190253,0.243878
scene_10008,6,True,no,0.058830,0.067716
scene_14114,8,False,no,0.148185,0.244490
scene_14080,8,True,no,0.134464,0.294490
scene_13209,8,True,no,0.129271,0.237563
scene_11768,6,True,yes,0.276394,0.262915
scene_12036,8,False,no,0.099548,0.244770
scene_14959,7,True,no,0.089270,0.105523
scene_12234,6,True,no,0.238820,0.202337
scene_11239,7,False,yes,0.106438,0.137316
scene_10825,8,False,yes,0.201809,0.287743
scene_10894,8,False,no,0.168987,0.225586
scene_12940,8,False,no,0.102134,0.199635
scene_14897,8,True,no,0.143939,0.223789
scene_12972,7,False,no,0.061796,0.096959
scene_14168,8,True,yes,0.184845,0.215996
scene_14424,8,False,yes,0.058132,0.142505
scene_10916,8,False,no,0.142481,0.175619
scene_11370,7,True,no,0.081399,0.158762
scene_11855,6,False,no,0.091152,0.081741
scene_10092,7,False,no,0.079342,0.135472
scene_13079,8,False,yes,0.254253,0.279978
scene_10167,7,False,no,0.163307,0.191652
scene_10709,8,True,yes,0.094158,0.188102
scene_10923,7,True,no,0.085189,0.281766
scene_14836,7,False,no,0.296768,0.272770
scene_11954,8,True,no,0.142535,0.229554
scene_14564,7,False,no,0.237203,0.302818
scene_10969,8,False,no,0.141733,0.251759
scene_12664,7,True,no,0.277309,0.314097
scene_14132,8,True,no,0.203551,0.280801
scene_10814,8,True,no,0.063807,0.173627
scene_11705,8,False,no,0.149662,0.183579
scene_11169,8,False,no,0.100050,0.210164
scene_12097,8,False,yes,0.108800,0.239758
scene_11132,8,True,no,0.197151,0.340051
scene_11167,7,False,no,0.274838,0.266446
scene_12728,8,False,yes,0.086218,0.168519
scene_13786,7,True,no,0.229853,0.232840
scene_13553,7,True,no,0.092033,0.108596
scene_11450,6,True,no,0.076813,0.109981
scene_11515,8,False,yes,0.155856,0.306626
scene_10837,8,True,no,0.176033,0.205511
scene_10051,8,False,no,0.142193,0.235743
scene_11514,8,True,no,0.251324,0.274284
scene_12293,8,True,no,0.121789,0.215693
scene_14239,8,False,no,0.133964,0.244106
scene_11776,8,True,no,0.176151,0.242182
scene_14705,8,False,yes,0.097168,0.235316
scene_14297,8,True,no,0.203147,0.220173
scene_12107,8,True,no,0.138914,0.216333
scene_14651,8,False,no,0.182913,0.248802
scene_10583,8,False,no,0.153775,0.270265
scene_11369,7,False,no,0.292618,0.234461
scene_13255,7,True,no,0.352952,0.343751
scene_12308,7,False,no,0.071252,0.114971
scene_10519,8,False,no,0.171903,0.265414
scene_11985,7,True,no,0.063369,0.091757
scene_13062,8,True,no,0.177028,0.231067
scene_10162,8,True,no,0.182861,0.213897
scene_12658,8,False,no,0.189656,0.310982
scene_11779,7,False,no,0.247859,0.323632
scene_11233,8,False,no,0.112545,0.198762
scene_12814,8,True,no,0.061720,0.184173
scene_12369,7,False,yes,0.068888,0.178905
scene_13223,7,False,no,0.104584,0.143704
scene_13346,4,True,no,0.060445,0.064317
scene_13119,8,False,yes,0.115470,0.287150
scene_12276,7,False,no,0.145235,0.244375
scene_11808,8,True,no,0.121164,0.189923
scene_14009,8,True,no,0.249209,0.314135
scene_10620,7,True,no,0.055292,0.121205
scene_14404,6,True,no,0.059980,0.114595
scene_11977,8,False,no,0.081034,0.179846
scene_14474,8,False,no,0.188265,0.285543
scene_10454,8,True,no,0.051193,0.123245
scene_11273,8,False,yes,0.087393,0.155877
scene_13018,7,True,no,0.234540,0.261931
scene_11643,8,True,yes,0.115712,0.216872
scene_11148,7,True,no,0.128385,0.142602
scene_13865,8,False,no,0.090442,0.213476
scene_12583,7,True,no,0.083741,0.156232
scene_14022,6,True,no,0.134354,0.180456
scene_14078,6,False,no,0.032038,0.169778
scene_13281,7,False,no,0.153911,0.235423
scene_12821,8,True,no,0.143739,0.212107
scene_11781,8,False,no,0.068158,0.147192
scene_12032,8,False,yes,0.223418,0.338682
scene_13292,8,True,no,0.059535,0.177879
scene_12963,6,False,yes,0.032829,0.158306
scene_13263,7,True,no,0.159467,0.209009
scene_11215,7,True,no,0.047796,0.133295
scene_12191,8,False,no,0.180948,0.218948
scene_13262,7,True,no,0.325415,0.234176
scene_14965,8,False,no,0.124488,0.180659
scene_13218,8,False,no,0.071671,0.139001
scene_13897,7,False,no,0.028127,0.240587
scene_14026,8,True,no,0.153330,0.182325
scene_14835,8,False,yes,0.165050,0.194544
scene_10731,7,True,no,0.067767,0.169494
scene_12807,7,False,no,0.123882,0.177866
scene_14483,7,False,no,0.141137,0.297093
scene_12875,8,False,no,0.136475,0.299772
scene_11666,8,False,yes,0.138023,0.209513
scene_14963,8,False,no,0.215914,0.252031
scene_12470,8,False,yes,0.395193,0.368423
scene_12372,8,False,no,0.144564,0.212665
scene_10393,6,False,no,0.057428,0.083251
scene_11382,8,True,no,0.162889,0.291850
scene_13387,6,True,no,0.092988,0.109594
scene_12606,8,False,no,0.238011,0.283956
scene_10774,8,False,no,0.049106,0.146339
scene_12937,6,False,yes,0.070420,0.126458
scene_11771,5,False,no,0.056523,0.058757
scene_13844,7,False,yes,0.256588,0.270020
scene_10108,8,False,no,0.300613,0.291532
scene_13810,7,False,no,0.157804,0.230142
scene_13033,7,False,no,0.094502,0.179645
scene_10603,8,True,no,0.276202,0.353698
scene_11526,7,True,yes,0.140022,0.196938
scene_10742,8,False,yes,0.230708,0.233994
scene_11124,7,True,yes,0.347195,0.367862
scene_13019,7,True,no,0.163969,0.271805
scene_12233,6,True,yes,0.207967,0.137920
scene_11847,7,False,no,0.110229,0.209799
scene_10776,7,False,no,0.074980,0.158117
scene_10602,5,True,no,0.081226,0.067939
scene_14202,8,False,no,0.081134,0.198082
scene_14410,7,True,no,0.330757,0.284386
scene_12770,7,False,no,0.374111,0.270003
scene_10470,7,True,no,0.199578,0.254937
scene_12027,6,False,no,0.102436,0.091792
scene_12256,7,True,no,0.106514,0.103830
scene_14430,8,True,no,0.107372,0.214164
scene_12008,8,False,no,0.396897,0.353928
scene_13619,7,False,no,0.186852,0.167085
scene_11551,7,False,yes,0.109541,0.149097
scene_13889,7,False,no,0.057150,0.207611
scene_10834,8,False,no,0.203229,0.236265
scene_14770,7,True,no,0.079095,0.196969
scene_11513,8,True,no,0.142111,0.236237
scene_10264,7,True,no,0.173245,0.201706
scene_13340,8,False,yes,0.122038,0.266735
scene_13007,8,False,no,0.064671,0.130686
scene_10643,8,False,no,0.132599,0.243561
scene_10206,8,False,no,0.202540,0.167607
scene_10446,8,False,no,0.092157,0.172932
scene_10700,7,True,yes,0.131428,0.184155
scene_14701,8,True,no,0.233857,0.193633
scene_14398,7,False,no,0.089935,0.186334
scene_10043,8,False,no,0.096179,0.189079
scene_11535,8,False,no,0.157614,0.228514
scene_10197,8,True,no,0.188310,0.231998
scene_12401,7,False,yes,0.047121,0.230304
scene_12322,8,True,no,0.159765,0.167744
scene_11813,7,True,no,0.321845,0.249702
scene_14572,8,True,yes,0.245070,0.324336
scene_13242,7,False,no,0.072619,0.211979
scene_10150,7,True,yes,0.183618,0.207897
scene_11336,8,True,yes,0.094854,0.153226
scene_13427,8,False,no,0.187684,0.270797
scene_11653,7,True,no,0.119215,0.145268
scene_11857,7,True,no,0.336652,0.334451
scene_12922,8,False,no,0.267601,0.355257
scene_10515,8,False,no,0.083029,0.163215
scene_10035,8,False,yes,0.107623,0.238941
scene_14553,8,False,no,0.244386,0.318243
scene_12903,7,False,no,0.132530,0.192519
scene_10080,8,False,yes,0.098773,0.146724
scene_14053,8,False,yes,0.141426,0.230856
scene_14634,8,False,no,0.162654,0.200337
scene_12730,7,False,no,0.065145,0.101913
scene_11401,8,True,no,0.146332,0.209205
scene_12659,8,True,yes,0.194650,0.341655
scene_12936,8,True,no,0.137234,0.228289
scene_13486,8,False,yes,0.127255,0.232835
scene_10429,8,True,yes,0.073952,0.147003
scene_12735,8,True,no,0.169930,0.297698
scene_11618,5,True,no,0.057257,0.125133
scene_14547,8,True,yes,0.115172,0.164672
scene_13141,6,False,no,0.174930,0.126610
scene_10232,7,False,no,0.218621,0.231542
scene_10978,8,True,no,0.187526,0.286550
scene_10775,7,False,no,0.020697,0.193394
scene_12581,6,False,no,0.140214,0.188898
scene_12348,7,True,yes,0.267941,0.206402
scene_10352,8,True,no,0.203776,0.250674
scene_10685,8,False,no,0.187460,0.235540
scene_13474,8,True,yes,0.067300,0.178694
scene_10827,7,False,no,0.187608,0.262803
scene_10684,8,True,no,0.097072,0.263292
scene_10855,8,False,no,0.099837,0.120604
scene_12752,8,True,no,0.098674,0.182856
scene_14603,7,True,no,0.123219,0.141493
scene_14902,7,True,no,0.058956,0.130461
scene_13046,8,False,yes,0.189513,0.243212
scene_12776,8,False,no,0.081263,0.161555
scene_13215,8,False,no,0.086127,0.152910
scene_10800,8,True,no,0.254222,0.284787
scene_14280,7,True,yes,0.056743,0.173882
scene_12590,8,True,yes,0.210073,0.331410
scene_12837,8,True,no,0.120298,0.160834
scene_14505,6,True,yes,0.060520,0.105721
scene_10457,8,True,no,0.079000,0.239251
scene_13256,8,True,no,0.109641,0.188561
scene_12245,8,False,no,0.173593,0.222133
scene_12118,7,True,yes,0.055694,0.116636
scene_10380,8,False,no,0.078555,0.142563
scene_10189,8,True,yes,0.165555,0.270610
scene_14919,8,True,yes,0.171127,0.287101
scene_14093,8,True,yes,0.085236,0.225268
scene_10658,6,False,no,0.137399,0.108783
scene_12329,8,False,no,0.122360,0.275543
scene_12550,8,True,no,0.114369,0.213818
scene_13941,5,False,no,0.076870,0.078179
scene_11278,7,True,no,0.058801,0.171918
scene_13426,8,False,yes,0.139330,0.233846
scene_10408,8,True,yes,0.217208,0.248223
scene_14060,8,True,no,0.088840,0.145385
scene_11942,7,True,no,0.094962,0.205997
scene_14982,6,True,no,0.107669,0.157144
scene_12529,8,True,yes,0.055374,0.228042
scene_13035,7,False,no,0.073328,0.112393
scene_13617,8,False,yes,0.163539,0.269570
scene_11070,8,False,no,0.100369,0.268299
scene_14174,8,True,no,0.122260,0.183387
scene_11454,7,False,no,0.170342,0.201658
scene_13497,8,True,no,0.046589,0.255434
scene_11796,8,True,no,0.048034,0.202905
scene_14998,8,False,yes,0.166889,0.224399
scene_14443,8,False,no,0.072514,0.187203
scene_11809,7,False,yes,0.151890,0.154850
scene_10641,7,False,no,0.232169,0.193588
scene_12974,6,False,no,0.019929,0.097377
scene_10887,8,True,no,0.090365,0.196193
scene_11207,8,False,no,0.058552,0.147565
scene_14342,8,True,yes,0.052460,0.132467
scene_14541,8,True,no,0.058488,0.207500
scene_14178,7,False,no,0.040011,0.220386
scene_11933,8,True,no,0.126025,0.140888
scene_12491,7,False,no,0.200589,0.193910
scene_11230,8,True,no,0.104633,0.192940
scene_11659,8,False,no,0.058030,0.324451
scene_10586,6,True,yes,0.071139,0.110522
scene_10403,8,False,no,0.148638,0.222012
scene_11836,7,True,no,0.206610,0.153817
scene_10098,8,False,no,0.074648,0.160737
scene_10956,7,True,no,0.094842,0.153110
scene_11654,8,False,no,0.076792,0.194602
scene_10288,7,False,no,0.131960,0.147059
scene_10677,7,False,no,0.172141,0.209995
scene_11564,7,True,no,0.082063,0.211765
scene_11303,8,True,no,0.152599,0.207313
scene_11987,8,False,no,0.077367,0.163080
scene_11384,8,False,no,0.109817,0.183513
scene_13953,7,False,yes,0.195814,0.161994
scene_13971,8,False,no,0.305478,0.294268
scene_10420,8,False,no,0.142130,0.279989
scene_11814,7,False,no,0.105929,0.124090
scene_12548,8,True,yes,0.233352,0.324594
scene_12265,8,False,no,0.127615,0.226469
scene_11548,7,True,no,0.011995,0.205009
scene_11430,8,True,no,0.055437,0.176892
scene_14588,7,True,no,0.049369,0.165859
scene_11428,7,True,no,0.221115,0.291093
scene_10622,7,False,no,0.028413,0.292911
scene_12119,8,False,no,0.114728,0.232151
scene_13631,8,False,no,0.067086,0.230484
scene_11368,8,False,no,0.156824,0.257292
scene_13434,8,False,no,0.064529,0.189992
scene_12013,8,False,no,0.097468,0.179173
scene_10495,8,False,no,0.092796,0.172014
scene_11079,8,True,no,0.151850,0.226450
scene_10609,7,False,no,0.102172,0.206234
scene_10346,8,True,no,0.231962,0.292960
scene_10095,8,True,no,0.066831,0.138065
scene_14485,7,True,no,0.256373,0.291331
scene_13413,7,True,no,0.127205,0.224261
scene_13725,8,False,no,0.109485,0.230320
scene_12645,8,False,no,0.134610,0.185744
scene_13816,7,True,yes,0.135352,0.192465
scene_14557,8,False,no,0.233223,0.238229
scene_13044,8,False,no,0.286516,0.400677
scene_14958,7,True,no,0.138587,0.160215
scene_13320,7,True,yes,0.158696,0.244523
scene_11030,7,True,no,0.234842,0.243687
scene_11062,8,True,no,0.164951,0.228890
scene_10020,8,True,no,0.057419,0.197372
scene_13723,8,False,no,0.146619,0.294972
scene_12475,8,False,no,0.231178,0.289575
scene_11109,8,True,no,0.087488,0.222205
scene_14599,8,False,no,0.077461,0.168501
scene_11890,7,False,no,0.118509,0.117608
scene_12315,7,True,no,0.066267,0.164206
scene_14771,8,True,no,0.091106,0.149274
scene_13030,8,True,no,0.131352,0.223099
scene_14940,7,True,no,0.266283,0.304305
scene_10777,8,True,no,0.049855,0.193573
scene_10667,8,True,no,0.137121,0.252217
scene_11656,7,False,no,0.059111,0.122737
scene_13714,8,True,yes,0.105712,0.297264
scene_11196,8,True,yes,0.079404,0.206629
scene_11395,7,True,no,0.265265,0.286397
scene_11649,7,True,no,0.095823,0.121658
scene_14291,7,True,no,0.000926,0.159326
scene_10385,5,False,yes,0.075446,0.091508
scene_10560,8,False,no,0.118570,0.217784
scene_11042,8,True,no,0.259124,0.316958
scene_13686,8,True,no,0.060196,0.166415
scene_10903,8,True,no,0.184390,0.293762
scene_10505,7,True,no,0.048110,0.095297
scene_11601,8,True,no,0.283025,0.231098
scene_12555,7,False,no,0.167500,0.208687
scene_10170,6,False,yes,0.124990,0.109722
scene_14850,7,True,no,0.126319,0.175748
scene_10751,7,True,no,0.117563,0.170387
scene_11198,8,True,no,0.175172,0.260947
scene_13580,8,False,no,0.145942,0.184502
scene_10049,7,False,no,0.069812,0.156234
scene_11612,8,False,no,0.130571,0.266588
scene_11294,7,False,yes,0.277597,0.318864
scene_10110,8,True,no,0.115090,0.186309
scene_11092,8,True,no,0.150660,0.218604
scene_14916,8,True,no,0.155350,0.246562
scene_10358,7,True,no,0.110769,0.193999
scene_10069,7,False,no,0.226592,0.309473
scene_11595,7,True,yes,0.294062,0.281459
scene_12597,8,True,yes,0.155168,0.199035
scene_14811,8,True,no,0.177718,0.289663
scene_12214,7,True,no,0.029860,0.251728
scene_13704,7,False,no,0.005341,0.254799
scene_11871,8,True,no,0.182085,0.260604
scene_13129,8,True,no,0.078578,0.182238
scene_13737,8,False,no,0.240047,0.297783
scene_14286,8,False,no,0.128519,0.291303
scene_11078,6,True,no,0.078760,0.102884
scene_14801,8,True,yes,0.198341,0.281739
scene_13347,7,False,no,0.117055,0.245128
scene_12382,8,True,no,0.187511,0.363235
scene_13556,7,True,no,0.211587,0.210066
scene_13630,8,True,no,0.191249,0.214317
scene_11050,7,False,yes,0.032936,0.176675
scene_11350,8,False,no,0.104893,0.252244
scene_13369,8,True,no,0.055754,0.210292
scene_14185,8,False,no,0.150761,0.212781
scene_10243,8,True,no,0.203924,0.233187
scene_14642,7,False,no,0.192681,0.188396
scene_11260,8,True,no,0.204796,0.282121
scene_11605,7,False,no,0.150015,0.176172
scene_10144,8,False,no,0.040094,0.239368
scene_11152,8,True,yes,0.271122,0.279124
scene_13282,7,True,no,0.330645,0.283798
scene_13688,7,True,no,0.232540,0.257124
scene_12246,7,False,no,0.135984,0.194624
scene_13921,7,False,yes,0.086061,0.089260
scene_12808,6,False,no,0.128633,0.142516
scene_12871,7,True,no,0.047420,0.114986
scene_10944,7,True,no,0.000887,0.184433
scene_11500,7,True,no,0.133759,0.204412
scene_12015,8,False,no,0.164290,0.310746
scene_12691,5,True,no,0.037136,0.073626
scene_12843,8,False,no,0.166930,0.231370
scene_13503,8,False,yes,0.096225,0.228806
scene_12465,7,True,yes,0.188005,0.225415
scene_14229,6,False,no,0.075694,0.089563
scene_12261,7,False,no,0.301033,0.322830
scene_14754,7,True,no,0.106193,0.231446
scene_11598,8,False,no,0.224099,0.299449
scene_13247,7,True,yes,0.099119,0.143526
scene_13003,7,False,no,0.034472,0.125781
scene_12523,8,False,no,0.153378,0.262981
scene_11701,8,True,no,0.187859,0.243447
scene_12070,7,False,no,0.161032,0.204914
scene_10706,7,True,yes,0.042979,0.204078
scene_14175,8,True,no,0.075110,0.251957
scene_12901,8,True,yes,0.179852,0.188376
scene_14428,8,False,no,0.155277,0.178026
scene_11090,7,False,yes,0.100867,0.155051
scene_14374,8,False,no,0.132225,0.242894
scene_13123,8,False,no,0.060090,0.128365
scene_14006,8,True,no,0.112375,0.199081
scene_10228,7,True,yes,0.086834,0.198761
scene_10365,8,False,no,0.163892,0.278191
scene_10806,6,True,no,0.080438,0.109546
scene_12907,8,True,no,0.118799,0.193168
scene_13638,7,False,yes,0.051460,0.167649
scene_10911,8,True,yes,0.049633,0.106621
scene_13982,7,False,no,0.141422,0.199417
scene_12882,8,False,yes,0.107147,0.230567
scene_12098,8,False,no,0.089886,0.251386
scene_13448,7,False,no,0.203998,0.238066
scene_13088,8,True,no,0.235399,0.205595
scene_12704,8,False,no,0.059384,0.238140
scene_10499,8,False,no,0.187370,0.273684
scene_11013,8,True,no,0.140652,0.197616
scene_12422,8,False,no,0.300772,0.300429
scene_11777,7,True,no,0.145725,0.132506
scene_11760,8,False,no,0.243087,0.215677
scene_13937,8,True,no,0.226032,0.225669
scene_14462,7,True,no,0.001241,0.299501
scene_11348,7,False,no,0.074139,0.247338
scene_13935,7,False,no,0.094181,0.155530
scene_10139,8,False,no,0.145534,0.245693
scene_12385,8,False,no,0.151885,0.269564
scene_10309,7,False,no,0.068825,0.129324
scene_14422,7,False,yes,0.138836,0.169064
scene_11727,8,False,no,0.116033,0.246238
scene_11916,8,True,no,0.044929,0.128261
scene_11129,8,True,no,0.136788,0.228305
scene_13175,8,True,no,0.230556,0.242312
scene_14386,8,True,yes,0.081883,0.222504
scene_12435,8,True,no,0.128289,0.306096
scene_11754,8,False,no,0.281470,0.351300
scene_13210,7,True,no,0.112247,0.128777
scene_10984,8,False,no,0.111600,0.183624
scene_13585,8,True,no,0.151979,0.266660
scene_11861,8,False,no,0.110112,0.203964
scene_14583,7,False,no,0.117836,0.164761
scene_12816,8,False,yes,0.079983,0.144811
scene_12992,7,False,no,0.070635,0.207340
scene_12457,7,False,no,0.054332,0.255363
scene_11728,8,False,no,0.100961,0.284709
scene_10940,6,False,no,0.075790,0.100178
scene_14164,8,True,no,0.130081,0.201695
scene_14691,7,False,no,0.094103,0.223197
scene_13758,8,False,no,0.184692,0.252556
scene_11123,8,False,no,0.168539,0.287005
scene_11580,7,True,yes,0.142203,0.216051
scene_13780,8,True,no,0.102884,0.224649
scene_12834,8,False,no,0.155379,0.299078
scene_14253,8,True,no,0.095301,0.179141
scene_14223,8,False,no,0.167704,0.276173
scene_10413,6,False,no,0.048144,0.123751
scene_13860,5,False,no,0.088064,0.093565
scene_14881,8,True,no,0.052478,0.120887
scene_11460,8,True,no,0.088415,0.207321
scene_10040,8,False,yes,0.122468,0.259809
scene_13974,7,False,yes,0.132823,0.212405
scene_11853,7,True,no,0.080169,0.251015
scene_14340,7,False,no,0.165311,0.222876
scene_10184,6,False,no,0.092321,0.132163
scene_13022,7,True,no,0.017099,0.194294
scene_11005,8,False,no,0.112634,0.254040
scene_11323,8,False,no,0.151442,0.277949
scene_14357,8,True,yes,0.169175,0.219253
scene_11009,5,False,no,0.077920,0.074104
scene_14887,8,False,no,0.218992,0.262724
scene_12165,8,True,no,0.092048,0.170810
scene_13213,8,True,yes,0.192253,0.267898
scene_14699,7,False,yes,0.204713,0.224491
scene_12108,8,False,no,0.292133,0.252918
scene_14720,7,True,no,0.007395,0.098657
scene_11200,8,False,no,0.219224,0.230914
scene_13391,8,True,no,0.120780,0.303234
scene_12689,7,True,no,0.130874,0.233125
scene_10727,8,False,yes,0.111244,0.317982
scene_13820,7,True,no,0.062559,0.204154
scene_10450,7,True,no,0.234461,0.215891
scene_10114,8,False,no,0.127667,0.203717
scene_10546,8,False,no,0.170990,0.237366
scene_13379,7,False,no,0.138527,0.235410
scene_11893,8,True,no,0.091875,0.185969
scene_14545,8,False,no,0.191570,0.184000
scene_14196,8,True,no,0.100479,0.225044
scene_12383,8,True,yes,0.190334,0.221854
scene_10733,8,True,no,0.219421,0.271883
scene_11276,8,False,no,0.063791,0.243650
scene_10119,7,False,no,0.139354,0.199009
scene_14937,8,False,no,0.267696,0.256364
scene_11108,8,True,no,0.109093,0.267658
scene_12614,8,False,no,0.160863,0.298376
scene_14740,8,True,no,0.128429,0.210199
scene_12190,7,True,no,0.136655,0.184871
scene_14755,7,True,no,0.115572,0.184103
scene_10554,8,True,yes,0.145364,0.218593
scene_11710,8,True,yes,0.145818,0.246449
scene_14197,8,False,no,0.132920,0.224064
scene_11774,7,False,no,0.084643,0.176128
scene_10705,7,False,no,0.129324,0.222099
scene_11684,8,False,no,0.031962,0.266880
scene_14715,7,True,no,0.080520,0.219765
scene_11686,8,True,yes,0.147098,0.273133
scene_11107,7,True,no,0.252712,0.256460
scene_10039,7,False,no,0.234577,0.248970
scene_13131,8,False,yes,0.215785,0.262152
scene_11077,7,True,yes,0.128569,0.169428
scene_14065,8,False,no,0.087950,0.194630
scene_13990,8,True,no,0.152269,0.198957
scene_13639,7,False,yes,0.258233,0.276172
scene_12419,7,False,no,0.162063,0.210708
scene_13335,7,True,yes,0.061300,0.154159
scene_12995,7,False,no,0.207393,0.245902
scene_13738,7,True,no,0.202675,0.278949
scene_13343,8,True,no,0.215545,0.234836
scene_14248,7,True,yes,0.060494,0.151295
scene_11022,7,True,no,0.151899,0.167154
scene_13360,8,False,no,0.073955,0.179918
scene_10504,8,False,no,0.243426,0.283881
scene_12152,8,False,yes,0.286352,0.320363
scene_12450,8,True,no,0.087740,0.248530
scene_14870,8,True,no,0.127220,0.357076
scene_13176,7,True,no,0.083410,0.195185
scene_12504,6,True,no,0.028019,0.088511
scene_12867,7,True,no,0.177523,0.206058
scene_13146,7,True,no,0.032587,0.164616
scene_12044,8,False,no,0.370974,0.287544
scene_11376,7,True,no,0.047757,0.255549
scene_11788,8,False,no,0.098525,0.198991
scene_13712,7,True,no,0.251503,0.242646
scene_12654,8,True,no,0.081647,0.184455
scene_14394,8,False,yes,0.109345,0.207599
scene_13530,8,True,no,0.094512,0.165692
scene_10888,7,False,no,0.109083,0.112908
scene_14761,7,False,no,0.014472,0.153051
scene_14363,6,True,yes,0.087788,0.219377
scene_14584,8,False,no,0.110166,0.256551
scene_13729,8,True,no,0.083538,0.186888
scene_10250,8,False,yes,0.088649,0.174562
scene_13736,8,True,yes,0.227628,0.254351
scene_14001,8,True,no,0.125329,0.272054
scene_10263,7,False,yes,0.140527,0.231526
scene_10909,8,True,no,0.125613,0.206403
scene_12813,7,False,no,0.115597,0.163033
scene_12909,7,False,no,0.094564,0.160822
scene_10044,8,False,no,0.198694,0.309117
scene_11195,8,True,no,0.153611,0.332526
scene_11313,7,False,yes,0.117909,0.239771
scene_12537,8,True,yes,0.134884,0.233423
scene_11372,8,False,no,0.085758,0.172342
scene_11899,8,False,yes,0.048723,0.193868
scene_13104,7,True,no,0.073196,0.182089
scene_11191,8,False,no,0.121549,0.237085
scene_13078,6,True,no,0.052486,0.254148
scene_10126,8,False,no,0.110821,0.263992
scene_11568,8,False,yes,0.144716,0.227836
scene_13743,8,True,yes,0.197591,0.331034
scene_13923,8,True,yes,0.135705,0.269833
scene_11757,8,True,no,0.120602,0.260652
scene_13913,7,False,no,0.118501,0.175799
scene_14643,7,False,no,0.024357,0.309383
scene_12719,8,False,no,0.185798,0.236286
scene_12000,7,True,no,0.142441,0.158748
scene_11139,7,False,yes,0.194402,0.134630
scene_14025,8,True,no,0.090744,0.175925
scene_12601,8,True,yes,0.210652,0.347896
scene_11665,8,True,no,0.070488,0.284966
scene_10356,7,True,no,0.076431,0.118879
scene_14568,7,False,no,0.238910,0.180196
scene_11930,8,True,yes,0.123494,0.192625
scene_14272,7,True,yes,0.001228,0.154122
scene_14834,7,False,no,0.090070,0.149002
scene_11488,8,False,no,0.083427,0.219842
scene_10729,8,False,no,0.186854,0.194424
scene_13208,7,True,no,0.087544,0.188319
scene_12855,8,False,no,0.101185,0.227928
scene_12825,8,False,no,0.176462,0.254411
scene_14711,8,True,no,0.137446,0.225505
scene_14955,8,True,yes,0.176477,0.239220
scene_10082,7,False,no,0.216282,0.249930
scene_11989,7,False,no,0.113237,0.186783
scene_12999,8,False,no,0.049145,0.205623
scene_14146,7,True,no,0.077511,0.096598
scene_12749,7,False,no,0.018397,0.280221
scene_12053,7,True,no,0.260246,0.260433
scene_12824,8,True,no,0.123784,0.220721
scene_12065,7,False,no,0.162841,0.147592
scene_12595,7,True,no,0.125348,0.206951
scene_10426,8,True,no,0.172669,0.264969
scene_11552,7,False,no,0.046444,0.299752
scene_14162,8,False,no,0.113380,0.253428
scene_13080,8,True,no,0.108276,0.141394
scene_12525,7,True,no,0.082259,0.176345
scene_12227,7,False,no,0.234216,0.307412
scene_13711,7,True,no,0.164576,0.220534
scene_11772,8,True,no,0.149223,0.211175
scene_13511,7,True,no,0.179686,0.227335
scene_11860,8,True,no,0.082405,0.124200
scene_11345,8,False,yes,0.093810,0.177359
scene_13697,8,True,no,0.131305,0.249332
scene_11970,7,True,no,0.028346,0.201445
scene_10416,6,True,no,0.036649,0.145200
scene_14254,8,True,no,0.255235,0.331836
scene_10479,7,True,no,0.064809,0.095695
scene_14718,8,False,no,0.082604,0.174425
scene_14744,7,True,no,0.137136,0.237602
scene_10652,7,True,no,0.136188,0.210289
scene_10669,7,False,no,0.156706,0.142097
scene_12877,8,False,no,0.143922,0.268498
scene_12858,6,False,no,0.244385,0.225354
scene_10535,8,False,no,0.057348,0.131399
scene_11240,8,False,no,0.086875,0.219680
scene_12925,8,False,no,0.261733,0.254145
scene_13815,8,True,no,0.048271,0.267646
scene_13644,8,False,no,0.144725,0.178890
scene_12923,8,False,no,0.153254,0.272871
scene_11163,7,False,yes,0.112941,0.192541
scene_12481,8,False,no,0.160968,0.314638
scene_10808,6,False,yes,0.126324,0.186690
scene_10273,8,False,no,0.078203,0.152798
scene_14459,7,True,no,0.060404,0.253105
scene_12971,8,False,no,0.093500,0.237430
scene_12535,8,True,no,0.165932,0.312909
scene_11723,8,True,no,0.125349,0.186162
scene_11540,7,False,no,0.060020,0.120402
scene_12459,8,True,no,0.196060,0.261976
scene_10846,8,True,yes,0.172416,0.310939
scene_11065,8,True,no,0.260909,0.275435
scene_14390,8,False,yes,0.125248,0.157380
scene_13031,8,False,no,0.117978,0.184250
scene_12410,8,False,no,0.060752,0.201325
scene_12095,8,False,no,0.157144,0.295470
scene_13148,8,False,no,0.167335,0.307252
scene_10122,7,True,no,0.030266,0.239906
scene_11947,8,False,yes,0.172713,0.250917
scene_10860,6,True,no,0.020821,0.141360
scene_10488,8,True,yes,0.241594,0.264990
scene_14049,8,False,no,0.163713,0.225826
scene_12020,7,False,no,0.290038,0.282898
scene_10212,7,True,yes,0.029965,0.133425
scene_10630,8,True,no,0.114563,0.142752
scene_13165,8,True,no,0.135831,0.265966
scene_12062,8,False,no,0.124935,0.237741
scene_14607,7,True,no,0.106175,0.183167
scene_14484,7,True,no,0.043470,0.103839
scene_12567,8,True,no,0.189246,0.300499
scene_11110,6,False,no,0.108404,0.112166
scene_14765,7,False,no,0.210681,0.192611
scene_12156,8,True,no,0.166543,0.257103
scene_14993,7,False,yes,0.244465,0.190635
scene_11988,6,True,yes,0.071497,0.099172
scene_13527,7,False,no,0.072594,0.145229
scene_12874,7,True,no,0.160193,0.149454
scene_12082,6,True,no,0.062881,0.092179
scene_11993,8,True,no,0.116473,0.324434
scene_11011,7,False,no,0.157355,0.219677
scene_14947,8,False,no,0.060602,0.152967
scene_10755,7,True,yes,0.134275,0.226741
scene_13859,8,True,no,0.101315,0.255030
scene_13672,8,True,no,0.049375,0.310611
scene_14376,7,False,no,0.053794,0.161715
scene_13529,8,False,no,0.187370,0.252203
scene_14252,7,True,no,0.049276,0.208789
scene_12511,7,False,no,0.118273,0.191448
scene_11549,8,True,no,0.168937,0.225122
scene_11467,7,True,no,0.154145,0.204400
scene_13604,7,False,no,0.253187,0.197623
scene_11270,8,False,no,0.282489,0.286160
scene_12741,8,True,no,0.137760,0.181058
scene_14101,8,False,no,0.044757,0.219003
scene_10637,8,False,no,0.101222,0.218072
scene_10579,8,True,yes,0.244260,0.237510
scene_10953,8,False,yes,0.117854,0.238108
scene_11923,7,True,no,0.061798,0.123373
scene_10822,7,True,no,0.040067,0.125743
scene_13489,7,True,no,0.083927,0.136189
scene_14894,7,True,yes,0.205925,0.175378
scene_10458,7,True,no,0.178811,0.264207
scene_10367,6,False,no,0.074721,0.085624
scene_12847,8,True,no,0.215203,0.308172
scene_11029,7,False,no,0.108303,0.165479
scene_11698,7,True,no,0.044308,0.114870
scene_12483,8,True,yes,0.138074,0.217597
scene_12979,7,True,no,0.042506,0.311335
scene_12580,5,True,yes,0.042763,0.061401
scene_13796,8,False,no,0.068434,0.323621
scene_12924,8,False,no,0.122168,0.164537
scene_10853,7,True,no,0.136446,0.185683
scene_13024,7,False,no,0.201165,0.288733
scene_11571,8,False,no,0.129091,0.164555
scene_14456,7,False,no,0.191176,0.171916
scene_10859,8,True,no,0.082434,0.169999
scene_11133,8,True,yes,0.104528,0.204160
scene_10072,8,True,yes,0.170530,0.349591
scene_13081,7,True,yes,0.156477,0.195979
scene_12931,7,False,no,0.129255,0.151286
scene_14426,8,False,yes,0.163697,0.211721
scene_13588,8,False,yes,0.160077,0.239656
scene_13133,7,True,no,0.198208,0.227945
scene_13490,8,True,yes,0.110321,0.205818
scene_13365,8,True,yes,0.204180,0.170631
scene_11840,6,False,no,0.069005,0.083051
scene_11870,7,True,no,0.077722,0.185435
scene_12760,7,True,no,0.152062,0.226418
scene_12364,7,True,no,0.089215,0.153932
scene_13817,8,False,yes,0.179602,0.209681
scene_12258,8,False,no,0.079388,0.291892
scene_14727,7,True,no,0.021913,0.125730
scene_12796,8,True,no,0.229016,0.208818
scene_10523,7,True,no,0.075426,0.182596
scene_13383,8,True,no,0.110771,0.213981
scene_12910,6,False,no,0.038915,0.095686
scene_11356,8,False,no,0.084467,0.226869
scene_13458,8,True,no,0.091388,0.267027
scene_11390,7,False,no,0.056243,0.296145
scene_10113,7,True,no,0.199465,0.200831
scene_12541,8,True,no,0.349742,0.311418
scene_13648,8,False,no,0.094773,0.279028
scene_14604,7,False,no,0.174947,0.215782
scene_13291,7,True,yes,0.048038,0.084546
scene_12381,8,True,yes,0.087445,0.218152
scene_13627,7,True,no,0.097005,0.161545
scene_13077,8,True,no,0.124051,0.200234
scene_14218,7,False,yes,0.197969,0.193528
scene_10130,8,False,no,0.176086,0.303107
scene_14446,7,False,no,0.098053,0.160774
scene_10558,7,True,no,0.134441,0.193359
scene_11420,8,True,no,0.222841,0.247979
scene_10687,8,True,yes,0.075285,0.149680
scene_13690,7,False,no,0.079391,0.177788
scene_11719,7,False,no,0.169355,0.216831
scene_12274,8,True,no,0.169663,0.243415
scene_11577,8,False,no,0.101237,0.180036
scene_13170,8,False,no,0.093768,0.189492
scene_13603,8,True,no,0.237310,0.273857
scene_10531,8,True,no,0.147831,0.239897
scene_11060,7,True,no,0.073234,0.163497
scene_12215,8,False,yes,0.098674,0.296340
scene_13354,8,False,no,0.148652,0.186906
scene_12441,8,False,no,0.146255,0.231075
scene_13715,7,False,no,0.114090,0.123153
scene_10023,7,False,no,0.242283,0.328252
scene_14303,7,False,no,0.006401,0.154746
scene_13914,7,True,no,0.063138,0.178760
scene_14987,8,True,yes,0.124781,0.175637
scene_14403,7,False,no,0.103913,0.155610
scene_13550,8,False,no,0.133722,0.277297
scene_14489,8,False,no,0.212960,0.301981
scene_13788,8,False,no,0.116533,0.162128
scene_14356,7,False,no,0.181959,0.189496
scene_10929,8,True,no,0.155034,0.281068
scene_12400,8,False,no,0.059647,0.199665
scene_14137,7,False,yes,0.147252,0.203180
scene_10176,8,True,yes,0.096495,0.241054
scene_13567,8,False,no,0.205387,0.215798
scene_13518,7,True,no,0.001372,0.210292
scene_13336,7,True,no,0.091217,0.175212
scene_12166,8,True,no,0.232861,0.282911
scene_14112,7,True,no,0.055751,0.139816
scene_10135,8,True,no,0.302800,0.314575
scene_12222,7,False,no,0.023174,0.153525
scene_14512,8,False,no,0.127833,0.212097
scene_11300,8,False,no,0.150187,0.266765
scene_12997,7,False,no,0.291220,0.267391
scene_10801,8,True,no,0.090020,0.214831
scene_10670,7,False,no,0.286733,0.271034
scene_12463,8,False,no,0.079937,0.175705
scene_13411,8,False,no,0.120804,0.285727
scene_14656,7,True,no,0.110414,0.176152
scene_11048,7,True,no,0.134862,0.214102
scene_13958,8,True,no,0.115632,0.171331
scene_13198,8,True,no,0.099831,0.239227
scene_12993,8,False,no,0.097328,0.277690
scene_13006,7,False,yes,0.164233,0.180007
scene_13374,8,False,no,0.076190,0.189079
scene_11431,8,False,yes,0.195919,0.296102
scene_11973,8,True,no,0.181786,0.356256
scene_11099,6,True,no,0.062701,0.161404
scene_11780,7,True,no,0.166090,0.201924
scene_11494,7,True,yes,0.193800,0.248602
scene_12851,8,False,no,0.113810,0.183515
scene_12230,8,False,no,0.114258,0.180673
scene_10851,8,False,no,0.137022,0.261132
scene_12798,7,True,no,0.196575,0.193151
scene_12895,6,True,no,0.077312,0.087413
scene_12288,6,True,no,0.059378,0.130080
scene_14307,8,False,no,0.163215,0.252642
scene_13887,7,True,no,0.067717,0.165936
scene_10123,8,False,no,0.147970,0.216576
scene_10081,8,False,no,0.088744,0.282477
scene_10442,7,False,yes,0.182014,0.254032
scene_13184,7,True,no,0.131095,0.194245
scene_10028,8,False,yes,0.150452,0.218097
scene_12515,7,True,no,0.132058,0.218715
scene_14217,8,False,no,0.162893,0.166482
scene_10034,7,False,no,0.119429,0.233458
scene_14563,7,True,yes,0.089927,0.189358
scene_12437,7,True,no,0.136777,0.185960
scene_11731,6,False,no,0.062580,0.090761
scene_13339,6,True,yes,0.176482,0.117806
scene_14191,8,False,no,0.057135,0.227549
scene_10862,8,True,no,0.053569,0.204346
scene_11165,8,False,no,0.087341,0.223629
scene_14961,7,False,no,0.040593,0.176461
scene_11461,8,False,no,0.124663,0.179594
scene_10649,8,True,no,0.104658,0.256919
scene_12187,6,True,no,0.001001,0.076958
scene_10024,7,True,no,0.066019,0.216656
scene_11082,8,True,no,0.230348,0.217976
scene_11459,7,False,no,0.044773,0.181991
scene_12566,7,True,no,0.204364,0.313470
scene_11882,8,False,yes,0.148270,0.266651
scene_11024,7,False,no,0.045628,0.268876
scene_14820,8,True,no,0.204480,0.238789
scene_13319,8,False,no,0.222781,0.268780
scene_10791,5,True,no,0.023383,0.064940
scene_12138,8,False,no,0.145776,0.176840
scene_10491,8,False,no,0.079773,0.182955
scene_10111,7,True,yes,0.145133,0.221397
scene_14322,8,True,no,0.192553,0.286414
scene_11833,8,False,no,0.070903,0.195825
scene_14760,6,False,no,0.081129,0.134102
scene_10387,7,False,no,0.059670,0.095614
scene_11044,7,True,no,0.062634,0.134129
scene_14256,7,False,no,0.129864,0.205403
scene_11061,8,True,yes,0.078314,0.187271
scene_12953,7,True,yes,0.117425,0.128847
scene_13905,8,True,no,0.195642,0.166445
scene_12219,7,False,yes,0.088764,0.148895
scene_10054,8,False,no,0.140607,0.174760
scene_14221,8,False,no,0.163035,0.262110
scene_11245,8,True,yes,0.074959,0.241366
scene_12133,8,False,no,0.233167,0.263276
scene_12284,8,False,no,0.120917,0.257315
scene_14978,7,True,no,0.170426,0.204245
scene_13654,8,False,no,0.175060,0.269831
scene_14739,7,False,yes,0.151340,0.257699
scene_11321,7,True,no,0.183551,0.214255
scene_11579,7,False,no,0.327677,0.330781
scene_10508,8,True,yes,0.208558,0.209952
scene_11466,8,False,no,0.201418,0.238124
scene_14974,8,True,yes,0.229746,0.295105
scene_13659,7,True,no,0.128799,0.182194
scene_14186,8,False,yes,0.118880,0.204820
scene_14058,8,True,no,0.109037,0.224351
scene_14499,7,False,yes,0.095255,0.165969
scene_14276,8,False,no,0.104406,0.195123
scene_10286,7,False,no,0.063904,0.149270
scene_10205,7,True,no,0.248437,0.202731
scene_14108,8,False,no,0.106543,0.262754
scene_14155,7,False,no,0.116796,0.177014
scene_14869,8,False,no,0.100246,0.192196
scene_14167,8,True,no,0.062202,0.167879
scene_11604,7,True,no,0.195427,0.244388
scene_10844,8,True,no,0.115595,0.213147
scene_10310,7,True,no,0.153938,0.277573
scene_14236,7,True,no,0.073123,0.154229
scene_12061,7,False,yes,0.078134,0.178518
scene_13430,8,True,no,0.172597,0.230639
scene_14323,7,False,no,0.213243,0.253475
scene_14892,8,True,no,0.120247,0.283884
scene_11502,7,False,yes,0.271844,0.196761
scene_11608,7,True,no,0.150391,0.206001
scene_14745,7,True,yes,0.075024,0.193575
scene_11869,8,True,no,0.102557,0.195706
scene_13681,8,False,no,0.164638,0.272722
scene_10140,8,False,no,0.155387,0.268875
scene_10292,8,False,no,0.062542,0.181287
scene_11799,8,False,no,0.184782,0.150147
scene_14329,8,False,no,0.115028,0.173581
scene_10272,7,False,no,0.080708,0.144128
scene_10784,7,True,yes,0.130170,0.153818
scene_14274,7,True,no,0.095678,0.171505
scene_13084,8,True,no,0.140364,0.182891
scene_10753,8,False,no,0.162226,0.264619
scene_13071,8,False,yes,0.317323,0.210338
scene_14764,8,True,no,0.149345,0.167014
scene_13846,7,False,no,0.111623,0.208917
scene_10182,8,False,no,0.205817,0.353063
scene_10785,7,False,no,0.240854,0.185996
scene_13616,6,False,no,0.030199,0.122619
scene_10145,7,False,yes,0.038964,0.096950
scene_10979,8,False,no,0.183731,0.170420
scene_11503,7,False,no,0.084482,0.122845
scene_11422,8,False,yes,0.120534,0.196324
scene_14360,7,False,yes,0.140753,0.221246
scene_12830,8,False,no,0.048785,0.285460
scene_12206,8,True,no,0.080999,0.174963
scene_13049,7,True,no,0.218149,0.210281
scene_10016,8,False,no,0.079118,0.166267
scene_13190,8,True,no,0.074623,0.283798
scene_10912,8,True,no,0.124092,0.173666
scene_11393,7,False,no,0.115499,0.290407
scene_11064,8,True,yes,0.178926,0.214056
scene_10464,8,True,no,0.057995,0.155101
scene_11216,8,True,no,0.220621,0.299825
scene_11878,8,True,no,0.108465,0.294511
scene_12914,8,True,no,0.075708,0.151897
scene_13072,8,True,yes,0.260445,0.301540
scene_10438,8,True,yes,0.145336,0.240657
scene_10002,7,False,no,0.264194,0.176530
scene_10194,7,True,yes,0.077705,0.155551
scene_14952,8,True,no,0.075568,0.223001
scene_13169,7,True,yes,0.099683,0.156882
scene_11343,8,False,no,0.187254,0.268967
scene_12409,7,True,no,0.274908,0.248034
scene_14733,7,False,no,0.127220,0.211581
scene_13237,7,False,no,0.062450,0.275710
scene_14602,8,True,no,0.135368,0.291567
scene_12205,8,False,no,0.256696,0.248627
scene_10812,8,True,no,0.077797,0.146747
scene_14090,7,True,no,0.126452,0.186810
scene_12122,8,False,no,0.086651,0.206482
scene_13487,8,False,no,0.107645,0.198545
scene_13303,7,False,no,0.271466,0.259290
scene_10762,7,True,no,0.026130,0.183604
scene_12775,8,True,no,0.119229,0.227461
scene_14267,8,True,no,0.122040,0.202086
scene_13207,8,False,no,0.144897,0.240396
scene_11341,7,False,no,0.244244,0.203770
scene_10191,8,True,no,0.055918,0.164561
scene_13745,8,True,yes,0.309087,0.303842
scene_14712,8,False,no,0.117669,0.222940
scene_14219,6,True,no,0.167487,0.194595
scene_14559,7,False,no,0.120878,0.257694
scene_10270,7,True,no,0.150242,0.261538
scene_12275,7,False,no,0.092598,0.259912
scene_13195,8,False,no,0.082444,0.175503
scene_13687,8,True,no,0.083797,0.179723
scene_10001,8,False,no,0.149343,0.184881
scene_13038,8,False,no,0.259166,0.344952
scene_11633,7,False,yes,0.260415,0.283916
scene_12139,8,True,no,0.220704,0.265534
scene_12426,6,True,no,0.089919,0.175302
scene_12684,7,False,yes,0.123297,0.224742
scene_12116,8,False,no,0.130372,0.304653
scene_13410,8,True,no,0.096381,0.157070
scene_13477,8,False,yes,0.079335,0.221169
scene_14171,7,False,no,0.117078,0.128907
scene_10099,8,False,no,0.081939,0.226610
scene_11398,7,False,yes,0.168813,0.292813
scene_13397,8,True,no,0.085328,0.180781
scene_12472,8,True,no,0.054142,0.271212
scene_14685,6,True,yes,0.084085,0.109599
scene_14226,8,True,no,0.084933,0.231906
scene_12551,8,True,no,0.183071,0.182382
scene_13900,7,False,no,0.121773,0.142578
scene_10692,8,False,no,0.066073,0.181311
scene_14802,7,False,no,0.111506,0.136675
scene_10662,7,True,no,0.139661,0.237899
scene_12014,8,True,no,0.049247,0.130518
scene_11676,6,False,no,0.062050,0.087985
scene_13389,8,False,no,0.130326,0.240896
scene_11770,7,False,no,0.220871,0.272693
scene_13666,7,False,no,0.070462,0.113172
scene_10815,8,True,no,0.080085,0.394110
scene_11898,8,False,no,0.079998,0.244439
scene_12011,8,False,no,0.181960,0.301915
scene_10734,7,True,no,0.061230,0.246925
scene_14139,8,True,yes,0.177425,0.187119
scene_11361,7,False,no,0.089630,0.131032
scene_11301,8,False,no,0.149826,0.250443
scene_14385,8,False,no,0.098315,0.197010
scene_11497,6,True,no,0.098201,0.139264
scene_11555,8,True,no,0.146036,0.279977
scene_12913,8,False,no,0.112127,0.170560
scene_10005,8,False,no,0.063769,0.164030
scene_11192,8,False,yes,0.191085,0.198818
scene_14690,7,True,no,0.133538,0.218548
scene_11000,8,True,no,0.175382,0.227985
scene_14361,8,True,no,0.078357,0.236306
scene_10756,7,False,no,0.166032,0.228733
scene_11423,7,True,no,0.131699,0.186775
scene_14945,7,True,no,0.026490,0.334298
scene_13108,7,True,no,0.090449,0.283218
scene_11056,7,False,no,0.121681,0.187490
scene_12996,8,False,no,0.129757,0.247321
scene_14497,8,False,no,0.102681,0.335054
scene_14098,8,False,yes,0.152058,0.244300
scene_13920,8,True,yes,0.116443,0.214824
scene_12134,7,True,no,0.153030,0.206773
scene_10769,7,False,no,0.077015,0.144905
scene_12105,6,False,no,0.047055,0.168993
scene_14033,7,False,no,0.060151,0.158385
scene_12016,7,True,yes,0.045754,0.207345
scene_13113,7,False,yes,0.136653,0.254097
scene_14785,7,True,no,0.158983,0.221242
scene_10291,8,False,yes,0.083292,0.205726
scene_13802,8,False,no,0.223308,0.182083
scene_11945,8,False,no,0.144528,0.219516
scene_11385,7,True,no,0.110513,0.153742
scene_14302,7,False,yes,0.030929,0.100373
scene_12085,8,False,no,0.101735,0.212468
scene_10660,5,True,no,0.001058,0.072717
scene_11457,7,True,yes,0.033152,0.225637
scene_14224,7,True,no,0.156013,0.194072
scene_10512,8,False,no,0.161360,0.207432
scene_10271,7,True,no,0.011436,0.219553
scene_13507,8,False,yes,0.215669,0.176596
scene_10259,8,False,no,0.097608,0.225825
scene_14115,8,False,no,0.189794,0.294448
scene_10568,7,True,no,0.061967,0.150482
scene_14933,8,False,no,0.056688,0.108033
scene_14624,7,False,no,0.052151,0.136166
scene_14154,8,True,no,0.154273,0.342710
scene_13470,8,False,no,0.113758,0.235440
scene_13082,8,True,no,0.081947,0.216510
scene_14105,6,False,no,0.075682,0.128657
scene_13557,8,True,no,0.081033,0.158373
scene_13386,7,False,no,0.157558,0.175486
scene_11644,7,False,no,0.104096,0.176603
scene_14035,7,False,no,0.221069,0.273414
scene_12536,8,True,no,0.223534,0.306261
scene_14476,8,True,no,0.173101,0.259503
scene_10663,7,True,no,0.103345,0.171013
scene_11655,7,False,no,0.039015,0.186470
scene_11104,7,True,yes,0.182952,0.223953
scene_14908,7,False,yes,0.080726,0.132482
scene_12444,7,False,yes,0.122008,0.173981
scene_11091,8,True,no,0.259063,0.286185
scene_12763,7,True,no,0.039870,0.206792
scene_13130,7,True,no,0.067040,0.161585
scene_13212,8,True,no,0.136198,0.210293
scene_11952,7,False,no,0.065676,0.120339
scene_11821,8,True,yes,0.152938,0.253675
scene_13520,6,False,no,0.039788,0.072493
scene_14131,8,False,no,0.255106,0.234986
scene_10339,8,False,yes,0.063053,0.166867
scene_12527,6,True,no,0.101348,0.133472
scene_14867,8,False,no,0.124367,0.234069
scene_11250,8,True,no,0.063325,0.234874
scene_14392,8,False,no,0.141219,0.260801
scene_14673,8,True,yes,0.122071,0.264676
scene_12358,7,False,no,0.163098,0.286849
scene_11205,8,False,no,0.119935,0.206750
scene_11775,8,False,yes,0.201297,0.290653
scene_13772,7,False,no,0.170128,0.288895
scene_13152,8,True,no,0.164833,0.305713
scene_11589,8,False,no,0.212100,0.236789
scene_12178,6,False,no,0.014881,0.083600
scene_10900,7,True,no,0.138828,0.177749
scene_13032,7,True,no,0.001115,0.182940
scene_14007,8,True,yes,0.152670,0.197187
scene_14790,7,False,no,0.080989,0.187036
scene_12894,8,True,no,0.129114,0.225889
scene_13324,8,False,no,0.145713,0.193335
scene_14663,6,False,no,0.071040,0.127758
scene_13826,8,False,no,0.239967,0.209615
scene_13294,7,False,no,0.000971,0.199212
scene_13873,8,True,no,0.079637,0.210354
scene_14846,6,False,no,0.077945,0.175412
scene_12674,7,True,no,0.107652,0.139849
scene_10871,7,False,no,0.157958,0.241486
scene_13420,7,False,no,0.130049,0.209067
scene_13466,8,True,no,0.129246,0.237312
scene_13449,8,False,no,0.081063,0.259887
scene_12428,7,False,no,0.103738,0.177279
scene_14858,8,False,no,0.099496,0.207040
scene_13399,8,False,no,0.151071,0.266337
scene_11550,7,True,no,0.069309,0.155195
scene_12113,6,False,yes,0.175673,0.155866
scene_10752,8,True,no,0.125319,0.242535
scene_13762,8,False,no,0.144862,0.300469
scene_11588,7,False,no,0.099706,0.312369
scene_12681,8,True,no,0.152374,0.312646
scene_14088,8,True,no,0.126587,0.182237
scene_14457,7,True,no,0.204167,0.239189
scene_12297,7,False,no,0.112673,0.098199
scene_13827,8,True,yes,0.147484,0.229515
scene_14577,6,False,no,0.079304,0.122742
scene_14508,8,True,no,0.179375,0.237507
scene_12911,8,False,no,0.225099,0.315951
scene_12666,7,True,no,0.050587,0.166434
scene_13718,7,True,no,0.130292,0.178974
scene_13266,8,True,no,0.079431,0.191180
scene_10937,8,True,yes,0.178611,0.308027
scene_11599,8,True,no,0.087875,0.145461
scene_10344,7,True,no,0.029265,0.244560
scene_12510,8,False,yes,0.262183,0.235320
scene_11102,8,False,no,0.128677,0.244115
scene_10461,7,True,no,0.289274,0.195576
scene_12718,4,False,no,0.046026,0.060652
scene_12200,6,True,no,0.111886,0.199352
scene_13100,7,True,no,0.096168,0.187536
scene_10452,7,False,no,0.137683,0.152214
scene_14772,8,False,no,0.134738,0.286553
scene_11920,8,True,no,0.237433,0.237707
scene_10063,7,False,no,0.011990,0.140387
scene_11158,7,True,no,0.126938,0.277855
scene_14189,7,True,no,0.109159,0.202562
scene_13502,8,False,yes,0.094221,0.184244
scene_13992,7,False,no,0.095100,0.118298
scene_13120,8,False,no,0.071401,0.144858
scene_11455,8,True,no,0.111004,0.232802
scene_12939,8,True,no,0.091257,0.271105
scene_11008,8,True,no,0.170199,0.201635
scene_12564,8,False,no,0.236920,0.303742
scene_12467,7,False,no,0.193220,0.282065
scene_12321,7,False,no,0.145349,0.269343
scene_11338,8,True,yes,0.091664,0.172842
scene_11036,8,True,no,0.085549,0.247422
scene_11151,8,False,no,0.175086,0.314074
scene_12144,7,False,yes,0.119725,0.175746
scene_11670,7,False,yes,0.094782,0.134650
scene_10400,8,True,no,0.187053,0.295114
scene_13327,7,True,no,0.056853,0.283167
scene_12593,8,True,no,0.250803,0.323696
scene_10019,8,False,no,0.096696,0.146733
scene_10736,8,False,yes,0.081581,0.254850
scene_12609,7,False,no,0.063026,0.124232
scene_13227,7,True,no,0.104754,0.221848
scene_12262,7,True,no,0.066699,0.137351
scene_13480,8,True,yes,0.145808,0.203054
scene_10384,7,False,no,0.053298,0.116279
scene_10287,7,True,yes,0.037343,0.167308
scene_12841,7,False,no,0.000930,0.325207
scene_12944,8,False,no,0.098387,0.178276
scene_10341,8,True,no,0.219215,0.183673
scene_11137,7,True,no,0.176388,0.253786
scene_10354,8,False,no,0.157161,0.268471
scene_12399,7,True,yes,0.263248,0.230998
scene_12717,8,True,no,0.091154,0.184813
scene_14671,7,False,no,0.108090,0.145648
scene_11302,8,False,no,0.161855,0.175647
scene_12135,8,True,no,0.143059,0.247300
scene_10381,8,True,no,0.065218,0.234043
scene_12424,8,True,no,0.214214,0.273071
scene_10786,7,True,no,0.220042,0.183665
scene_14019,7,True,no,0.198611,0.284029
scene_12354,7,True,no,0.080530,0.109055
scene_14639,8,False,no,0.118843,0.257415
scene_14777,7,True,yes,0.104700,0.208477
scene_11741,7,True,no,0.211199,0.200218
scene_13438,8,False,no,0.172820,0.225654
scene_10289,7,False,no,0.120299,0.217307
scene_11421,7,False,no,0.126055,0.259804
scene_14756,7,True,no,0.111291,0.185753
scene_13646,8,True,no,0.162655,0.270131
scene_10239,7,False,no,0.177755,0.206285
scene_14198,7,False,no,0.163163,0.212198
scene_14210,8,False,no,0.098818,0.177025
scene_10241,8,True,no,0.063579,0.136655
scene_11743,8,True,no,0.235342,0.197726
scene_13586,7,True,no,0.116831,0.144480
scene_11377,8,True,no,0.083243,0.253888
scene_13867,8,True,yes,0.180990,0.296168
scene_12417,8,True,no,0.139894,0.211678
scene_11259,8,True,yes,0.056459,0.266039
scene_14648,7,True,no,0.097926,0.191278
scene_11640,7,False,no,0.037528,0.193100
scene_12694,8,False,no,0.085491,0.310314
scene_14434,8,True,no,0.086266,0.220497
scene_14243,8,True,yes,0.106555,0.255372
scene_12838,7,True,no,0.087417,0.142653
scene_11265,7,False,no,0.185691,0.211644
scene_14195,8,True,no,0.137788,0.261657
scene_11732,8,True,yes,0.128649,0.206085
scene_14828,7,True,no,0.131945,0.169025
scene_14991,7,True,no,0.090071,0.165596
scene_13594,8,False,no,0.183408,0.183055
scene_11203,8,True,no,0.112268,0.258513
scene_12195,8,False,yes,0.062134,0.150331
scene_14463,7,False,no,0.082893,0.176810
scene_10796,7,True,no,0.122073,0.185025
scene_12950,6,False,yes,0.104126,0.137180
scene_10642,8,False,no,0.104100,0.221946
scene_11309,7,True,no,0.001790,0.192030
scene_11081,7,False,no,0.150111,0.167232
scene_12304,8,False,no,0.266588,0.344634
scene_13101,8,False,no,0.208838,0.373347
scene_10538,7,True,no,0.245406,0.247501
scene_13587,7,False,no,0.151421,0.180669
scene_13202,7,True,yes,0.256610,0.281632
scene_13866,6,False,no,0.070805,0.125034
scene_12801,8,True,yes,0.074999,0.162651
scene_10750,7,True,yes,0.148139,0.174391
scene_12130,7,True,no,0.000975,0.177120
scene_14250,7,True,no,0.028166,0.236464
scene_11638,8,True,yes,0.193588,0.247964
scene_10208,8,True,no,0.052389,0.187195
scene_12768,8,True,no,0.053265,0.229383
scene_10128,7,False,no,0.218245,0.193858
scene_12473,8,True,no,0.294878,0.326953
scene_14127,7,True,yes,0.127731,0.246720
scene_13318,7,True,no,0.026444,0.103572
scene_13495,8,True,no,0.185400,0.275628
scene_10571,8,False,no,0.110972,0.279892
scene_13358,8,True,no,0.089254,0.237952
scene_12476,6,True,no,0.126134,0.181704
scene_13017,8,False,no,0.095774,0.331858
scene_14158,7,False,no,0.108124,0.123402
scene_10797,8,False,yes,0.104464,0.224878
scene_10880,8,True,yes,0.150636,0.269773
scene_11939,7,False,no,0.192953,0.293716
scene_10921,8,True,no,0.142709,0.252363
scene_10405,7,False,no,0.001303,0.227529
scene_11258,8,False,no,0.212883,0.279446
scene_14716,8,True,no,0.263588,0.341737
scene_10059,8,True,no,0.176104,0.252444
scene_11986,8,True,yes,0.104615,0.162569
scene_14382,7,False,no,0.094579,0.148512
scene_14531,7,False,no,0.133996,0.260198
scene_14188,6,False,no,0.207468,0.163745
scene_13582,8,False,no,0.067916,0.133126
scene_10378,8,False,no,0.115191,0.187111
scene_14724,8,True,yes,0.152342,0.234953
scene_10830,8,True,yes,0.139810,0.179291
scene_14717,7,True,no,0.033682,0.204337
scene_14843,8,False,no,0.301949,0.334587
scene_10947,8,False,no,0.086006,0.234318
scene_14504,8,False,no,0.128711,0.193391
scene_11147,8,False,yes,0.277353,0.331592
scene_10678,7,True,no,0.067826,0.246296
scene_12952,8,True,no,0.356088,0.388650
scene_14055,8,False,yes,0.134919,0.207251
scene_12093,8,False,no,0.066109,0.250114
scene_11057,8,True,no,0.061183,0.379261
scene_12542,7,True,no,0.264430,0.183994
scene_14294,8,True,no,0.131665,0.181645
scene_14264,8,True,no,0.132465,0.229835
scene_12973,7,True,yes,0.226269,0.281146
scene_13011,8,True,no,0.079689,0.279114
scene_11879,8,True,no,0.151086,0.250945
scene_11328,8,True,no,0.140323,0.212312
scene_12869,7,True,no,0.099798,0.210520
scene_11740,8,True,no,0.179989,0.178642
scene_13455,8,True,yes,0.110781,0.192766
scene_14338,7,False,no,0.146144,0.174601
scene_11456,8,True,no,0.071464,0.281430
scene_13521,7,False,no,0.107462,0.121281
scene_10091,7,False,no,0.098717,0.170731
scene_14233,7,True,no,0.077453,0.175168
scene_12307,8,True,yes,0.141455,0.240676
scene_13685,8,False,no,0.161932,0.280389
scene_14562,8,True,no,0.150092,0.256792
scene_11427,7,False,yes,0.062239,0.170961
scene_14370,6,True,no,0.229958,0.202609
scene_12687,8,False,no,0.161973,0.257700
scene_12305,8,True,no,0.243071,0.254020
scene_10976,5,True,no,0.051127,0.078877
scene_11826,8,False,no,0.095143,0.162188
scene_10990,8,False,no,0.221010,0.259174
scene_12022,8,True,no,0.117137,0.152231
scene_13284,7,True,no,0.144904,0.198740
scene_13976,7,True,no,0.176464,0.145253
scene_13334,7,False,yes,0.098820,0.134427
scene_10703,7,False,no,0.157272,0.214379
scene_10639,8,True,yes,0.114133,0.213373
scene_12856,8,False,no,0.121187,0.187411
scene_10290,8,False,no,0.114089,0.240765
scene_11496,7,True,yes,0.099946,0.191158
scene_14523,7,True,no,0.306796,0.346087
scene_14435,8,False,no,0.193200,0.275311
scene_10175,7,True,no,0.188066,0.231102
scene_10852,8,True,no,0.091494,0.304356
scene_13372,7,False,no,0.080509,0.138962
scene_13259,7,False,no,0.085583,0.158952
scene_14298,7,True,yes,0.120382,0.227755
scene_10050,8,False,no,0.080205,0.268467
scene_13278,7,False,no,0.019479,0.205051
scene_14622,7,False,yes,0.077622,0.245646
scene_13186,6,True,no,0.061011,0.107672
scene_12865,8,False,no,0.083411,0.192222
scene_11206,7,False,no,0.203231,0.260806
scene_14368,8,True,yes,0.294097,0.360264
scene_14923,8,True,no,0.122226,0.186165
scene_10949,8,True,yes,0.183032,0.231318
scene_10802,8,False,no,0.141487,0.313775
scene_10767,8,True,no,0.277067,0.338157
scene_12331,5,False,no,0.090798,0.094076
scene_10453,6,True,yes,0.199010,0.151558
scene_12533,8,False,no,0.135118,0.364204
scene_11409,7,False,no,0.107288,0.177442
scene_13239,7,False,no,0.285937,0.256916
scene_14380,8,False,yes,0.194601,0.192481
scene_11063,7,False,no,0.027996,0.192989
scene_14682,7,True,no,0.107968,0.164526
scene_13967,8,True,no,0.284670,0.287738
scene_13066,7,True,yes,0.072107,0.120296
scene_13429,5,False,no,0.050681,0.094933
scene_10201,7,False,no,0.122300,0.156850
scene_12420,8,True,yes,0.110175,0.266870
scene_10216,8,False,no,0.197300,0.207143
scene_13608,7,False,no,0.304149,0.277581
scene_12835,7,False,no,0.092615,0.204145
scene_10680,8,True,no,0.197600,0.299283
scene_12669,7,True,no,0.178851,0.296543
scene_10819,7,False,no,0.100949,0.144206
scene_11325,7,True,no,0.178138,0.241635
scene_13849,8,False,no,0.234231,0.238720
scene_12804,8,False,no,0.161540,0.237875
scene_11154,7,True,no,0.112457,0.171590
scene_10090,7,True,no,0.081754,0.206891
scene_11255,8,True,no,0.059960,0.266741
scene_13705,8,True,yes,0.218993,0.222218
scene_10340,7,False,no,0.118255,0.163430
scene_10728,8,True,no,0.182837,0.219877
scene_13016,8,True,no,0.209028,0.260325
scene_11347,7,True,no,0.087962,0.159439
scene_13749,8,False,no,0.110253,0.255373
scene_13302,8,True,no,0.069844,0.146840
scene_10223,8,False,no,0.221150,0.326161
scene_14331,8,False,no,0.056268,0.144878
scene_12699,8,True,no,0.139618,0.151401
scene_12292,8,False,no,0.155605,0.190453
scene_11995,8,True,yes,0.065094,0.149244
scene_12241,8,False,no,0.071633,0.110180
scene_14706,8,True,no,0.160911,0.245460
scene_11834,8,False,no,0.218202,0.230347
scene_11437,8,True,no,0.089836,0.260631
scene_10737,8,False,yes,0.330493,0.201715
scene_11620,7,True,no,0.090865,0.219219
scene_10075,7,False,no,0.089524,0.105237
scene_11114,8,True,no,0.194413,0.253317
scene_14173,8,False,no,0.047393,0.233192
scene_12092,7,False,no,0.149111,0.135266
scene_12935,7,False,no,0.192005,0.252611
scene_13394,7,False,no,0.318133,0.352751
scene_13150,8,True,no,0.300119,0.253584
scene_12986,8,True,no,0.081426,0.178957
scene_12141,6,False,yes,0.228944,0.169724
scene_10821,5,False,yes,0.098623,0.071360
scene_11193,8,False,no,0.089416,0.267255
scene_12528,7,False,no,0.148468,0.175153
scene_12761,6,False,no,0.048828,0.092599
scene_14411,6,True,no,0.056861,0.104663
scene_12998,8,True,yes,0.153497,0.194976
scene_12316,8,False,no,0.202343,0.297146
scene_14341,8,False,no,0.204048,0.274798
scene_10867,7,False,no,0.073657,0.245971
scene_11465,8,False,no,0.160910,0.250229
scene_12926,8,True,no,0.068360,0.172485
scene_14747,7,False,no,0.153708,0.231474
scene_12917,8,False,no,0.069954,0.247128
scene_10496,7,False,no,0.187838,0.242619
scene_12584,8,False,no,0.082257,0.193533
scene_12063,8,True,no,0.092680,0.183170
scene_13504,8,True,no,0.070238,0.203595
scene_12892,8,False,no,0.068597,0.289868
scene_11379,7,False,yes,0.034041,0.170510
scene_12540,7,False,no,0.151705,0.194463
scene_14889,7,False,no,0.037871,0.270945
scene_14857,7,True,no,0.162662,0.199261
scene_13471,8,False,no,0.121693,0.200143
scene_12831,7,False,no,0.162719,0.226926
scene_14316,7,True,no,0.246111,0.256393
scene_13478,7,False,no,0.128242,0.171522
scene_13221,8,False,yes,0.145341,0.204001
scene_11958,8,True,yes,0.230889,0.343791
scene_12736,6,False,no,0.161858,0.193058
scene_12414,8,False,no,0.275195,0.268229
scene_10430,8,False,no,0.119668,0.198772
scene_13419,8,True,no,0.207155,0.250368
scene_14714,8,True,no,0.110849,0.303694
scene_14335,8,False,yes,0.115079,0.223335
scene_10055,8,False,no,0.072800,0.274815
scene_13634,8,True,yes,0.109022,0.204326
scene_12096,8,False,yes,0.255839,0.325753
scene_13492,7,False,yes,0.081791,0.141619
scene_13894,7,False,no,0.095642,0.153207
scene_14550,7,False,no,0.194769,0.187321
scene_11213,8,True,no,0.135686,0.193684
scene_10410,7,False,yes,0.126009,0.159938
scene_13149,6,True,yes,0.018951,0.082393
scene_12299,8,False,no,0.079718,0.253219
scene_13311,8,True,no,0.193577,0.258447
scene_14179,7,True,no,0.229039,0.239935
scene_14364,7,False,no,0.172626,0.249496
scene_12334,7,False,no,0.080402,0.118747
scene_12845,8,False,no,0.073481,0.259710
scene_10575,8,True,no,0.301163,0.388144
scene_13012,7,False,no,0.132137,0.155293
scene_10668,7,True,yes,0.040476,0.128907
scene_14778,8,False,no,0.242168,0.239482
scene_11602,7,True,yes,0.128328,0.125697
scene_11180,7,True,no,0.201327,0.190679
scene_11006,8,True,no,0.061527,0.237113
scene_11297,8,False,no,0.138335,0.241138
scene_14326,7,False,no,0.035015,0.161473
scene_12416,7,True,no,0.050550,0.114154
scene_13993,7,True,no,0.072319,0.155970
scene_14941,8,True,yes,0.068587,0.290418
scene_12984,7,False,no,0.120619,0.170135
scene_14569,8,False,no,0.297341,0.343657
scene_10644,7,True,no,0.058077,0.212550
scene_10982,7,True,no,0.143214,0.258732
scene_14096,7,False,no,0.193706,0.248727
scene_12864,8,True,no,0.192786,0.282753
scene_14536,8,False,no,0.141548,0.220472
scene_14487,8,True,no,0.122351,0.199801
scene_14880,8,True,yes,0.088542,0.280410
scene_13243,8,True,yes,0.183857,0.237717
scene_12898,8,True,yes,0.154579,0.314633
scene_14109,8,False,no,0.093866,0.217079
scene_11334,7,False,yes,0.215819,0.162332
scene_13460,7,False,no,0.140537,0.184373
scene_11687,8,True,no,0.137891,0.161528
scene_11671,8,True,no,0.146165,0.190278
scene_12697,7,True,no,0.232254,0.220584
scene_10686,8,False,yes,0.061398,0.345726
scene_10902,7,True,no,0.058666,0.094074
scene_13008,8,False,no,0.158089,0.220079
scene_13424,7,True,no,0.123902,0.223155
scene_11647,8,False,no,0.137273,0.222230
scene_13039,7,False,no,0.225033,0.288611
scene_12991,8,True,no,0.129931,0.216187
scene_11724,7,True,no,0.184086,0.240374
scene_10681,7,True,no,0.084732,0.156371
scene_10811,7,False,no,0.143295,0.262178
scene_12607,8,False,no,0.246741,0.226505
scene_14567,7,True,no,0.153854,0.209927
scene_14079,7,False,no,0.221466,0.218641
scene_13422,7,True,no,0.170833,0.211573
scene_12906,8,True,no,0.094470,0.228948
scene_14391,7,True,no,0.183642,0.213583
scene_12090,8,False,no,0.279057,0.344064
scene_12151,7,True,no,0.038698,0.122927
scene_11217,8,True,no,0.262584,0.249669
scene_12724,8,True,no,0.231192,0.237104
scene_14458,8,True,no,0.202429,0.298691
scene_11477,8,False,no,0.145595,0.241720
scene_10506,7,False,no,0.125077,0.138017
scene_12353,8,True,no,0.148688,0.187249
scene_13724,8,True,no,0.162167,0.321820
scene_14306,7,False,no,0.159548,0.169437
scene_10157,7,True,no,0.137911,0.181998
scene_11603,7,False,no,0.282755,0.347985
scene_14372,6,True,no,0.047975,0.137644
scene_12388,8,True,yes,0.115886,0.147088
scene_10863,8,False,no,0.044226,0.176067
scene_12576,8,False,no,0.065229,0.221246
scene_10891,8,True,yes,0.144500,0.264567
scene_14631,7,True,no,0.121657,0.238634
scene_12131,8,False,no,0.103041,0.239339
scene_12563,6,True,no,0.118030,0.122955
scene_12392,8,False,no,0.101514,0.205481
scene_14997,7,False,yes,0.205175,0.183495
scene_14640,7,True,no,0.160106,0.131638
scene_10551,8,True,no,0.199378,0.297270
scene_10284,8,False,no,0.246578,0.300859
scene_14901,7,False,no,0.016592,0.147669
scene_10780,8,False,no,0.133588,0.258326
scene_11404,8,False,no,0.083951,0.178798
scene_13228,7,True,no,0.286348,0.277365
scene_11068,7,True,no,0.162915,0.229279
scene_12982,7,True,no,0.072417,0.136548
scene_14890,7,False,no,0.183496,0.223843
scene_12004,8,True,yes,0.134120,0.279408
scene_11854,8,False,no,0.069722,0.181642
scene_14044,7,False,no,0.071754,0.114700
scene_12081,8,True,no,0.085491,0.244466
scene_13293,8,True,no,0.158438,0.295244
scene_12938,7,False,yes,0.099481,0.200940
scene_12295,7,False,no,0.065876,0.094485
scene_13155,8,True,no,0.228032,0.174487
scene_10848,8,True,no,0.135587,0.200921
scene_14681,8,False,yes,0.125766,0.230419
scene_13510,8,True,yes,0.173382,0.169366
scene_10789,7,True,no,0.212225,0.201004
scene_12076,7,False,no,0.103950,0.195217
scene_13180,7,False,no,0.019427,0.143734
scene_11607,4,False,no,0.038751,0.041362
scene_11225,7,True,no,0.137721,0.168435
scene_12328,8,False,no,0.132600,0.201728
scene_12635,8,False,no,0.062510,0.164947
scene_13888,8,True,no,0.205729,0.222345
scene_10725,7,False,no,0.253703,0.272286
scene_10183,8,True,no,0.121481,0.205901
scene_14972,7,False,no,0.176998,0.249659
scene_12242,8,True,no,0.135582,0.247212
scene_14905,8,False,no,0.073756,0.156769
scene_13161,8,True,yes,0.088594,0.261706
scene_13614,4,False,no,0.046055,0.054159
scene_13047,8,False,no,0.186863,0.238172
scene_10357,7,True,no,0.111106,0.152536
scene_14912,7,False,no,0.117759,0.159573
scene_10419,7,False,no,0.170452,0.255805
scene_11105,8,False,yes,0.123516,0.239744
scene_11475,7,True,no,0.128650,0.178676
scene_13754,7,False,yes,0.072298,0.217511
scene_13670,7,False,no,0.148887,0.167955
scene_12579,8,False,no,0.158929,0.170669
scene_10375,7,True,yes,0.119085,0.181887
scene_13938,8,True,no,0.099377,0.206570
scene_13771,7,True,no,0.111310,0.142678
scene_14034,8,True,no,0.091202,0.275181
scene_11596,8,False,no,0.131588,0.292407
scene_13280,7,True,yes,0.032243,0.259766
scene_12074,7,True,no,0.076604,0.146325
scene_13261,8,False,no,0.082384,0.187813
scene_11098,8,True,no,0.161882,0.235127
scene_14371,8,True,no,0.222528,0.281526
scene_13613,8,False,yes,0.075992,0.163723
scene_12557,8,False,no,0.156247,0.200715
scene_12197,4,True,no,0.001080,0.051054
scene_10351,8,False,no,0.107449,0.184186
scene_14036,7,True,no,0.036971,0.154508
scene_10761,7,True,no,0.145449,0.225462
scene_13581,8,True,no,0.157403,0.273553
scene_11538,8,True,no,0.133920,0.199486
scene_11458,7,True,yes,0.131572,0.167239
scene_14566,6,False,no,0.164996,0.146018
scene_12218,8,True,yes,0.159425,0.268442
scene_13396,7,True,no,0.085557,0.138473
scene_12977,6,True,no,0.078410,0.175289
scene_10121,8,False,no,0.192596,0.268082
scene_11337,8,True,no,0.105501,0.328450
scene_12224,7,False,no,0.213417,0.220157
scene_11396,6,True,no,0.051441,0.249576
scene_10311,7,False,no,0.181370,0.204096
scene_10951,8,False,yes,0.129686,0.278254
scene_11791,8,True,no,0.149287,0.289376
scene_10401,8,False,yes,0.088766,0.153598
scene_10219,8,False,no,0.120683,0.272366
scene_11417,8,True,no,0.163953,0.272304
scene_14193,8,False,no,0.073561,0.173036
scene_10321,8,True,yes,0.122039,0.253751
scene_12622,7,True,no,0.093508,0.175952
scene_11573,7,False,no,0.175254,0.259107
scene_11359,7,True,no,0.188799,0.291933
scene_11594,7,False,no,0.125428,0.130769
scene_10985,8,True,no,0.195785,0.224433
scene_12462,7,False,no,0.073136,0.208045
scene_13138,7,False,no,0.075952,0.164613
scene_10315,7,False,no,0.170673,0.190125
scene_14629,7,False,yes,0.038352,0.121795
scene_12651,8,True,no,0.213073,0.271581
scene_13716,7,True,no,0.106352,0.243990
scene_13453,8,True,no,0.126913,0.192951
scene_11289,6,False,no,0.067024,0.106719
scene_12273,7,True,no,0.143110,0.246854
scene_13759,7,True,no,0.166931,0.205086
scene_14769,8,True,yes,0.208345,0.256576
scene_13863,8,False,no,0.216734,0.270899
scene_10190,5,True,yes,0.048908,0.096227
scene_12524,8,True,yes,0.075253,0.157706
scene_11948,7,False,no,0.232116,0.265380
scene_13442,7,True,yes,0.212231,0.200570
scene_10942,7,True,yes,0.058266,0.110173
scene_10174,8,False,no,0.170152,0.221319
scene_14742,8,False,no,0.155006,0.333612
scene_12615,8,False,no,0.122366,0.265924
scene_14015,8,True,no,0.163031,0.190117
scene_14855,8,True,yes,0.069974,0.227246
scene_12962,8,False,no,0.167259,0.196625
scene_14409,8,False,yes,0.086765,0.161074
scene_13965,8,True,no,0.127236,0.179360
scene_13998,8,False,no,0.199944,0.203518
scene_14800,8,True,no,0.139897,0.249850
scene_14128,8,True,no,0.228271,0.238969
scene_12323,8,False,yes,0.118640,0.165663
scene_12421,7,False,no,0.173609,0.195901
scene_14871,8,True,no,0.118392,0.298053
scene_12493,7,False,no,0.330572,0.250165
scene_13640,8,True,no,0.079765,0.251203
scene_12268,7,True,no,0.059942,0.240283
scene_10926,7,True,yes,0.120880,0.152626
scene_14156,8,True,no,0.082455,0.242319
scene_11881,7,True,no,0.303029,0.257661
scene_14471,8,True,yes,0.176951,0.260970
scene_14660,5,False,no,0.000852,0.070239
scene_13163,8,False,yes,0.124097,0.255169
scene_11626,8,True,yes,0.166186,0.240100
scene_11095,8,True,no,0.112247,0.186157
scene_12562,7,True,no,0.052989,0.150123
scene_11034,8,False,no,0.217474,0.163020
scene_13201,8,True,no,0.213103,0.244678
scene_12263,8,False,no,0.159070,0.220628
scene_10610,8,True,yes,0.102956,0.175689
scene_10395,8,False,no,0.323742,0.317524
scene_10439,8,True,no,0.104514,0.251513
scene_10735,8,True,no,0.133431,0.239776
scene_12959,8,True,no,0.127082,0.181311
scene_14074,7,False,no,0.137199,0.165464
scene_10070,6,True,no,0.067985,0.187540
scene_11175,7,True,no,0.225186,0.169116
scene_13321,7,False,no,0.086456,0.133210
scene_12617,8,False,no,0.223458,0.257491
scene_14447,8,False,no,0.231748,0.347617
scene_11685,8,True,yes,0.194063,0.195908
scene_12440,8,False,no,0.083920,0.185598
scene_12312,8,True,no,0.198052,0.285610
scene_14029,7,True,no,0.201682,0.218568
scene_13939,8,True,no,0.076625,0.141662
scene_10247,7,True,no,0.065564,0.180240
scene_12655,7,False,no,0.165736,0.161251
scene_11868,7,False,no,0.053307,0.110463
scene_12072,7,False,no,0.163353,0.195499
scene_14775,8,True,no,0.249360,0.399432
scene_13621,8,True,no,0.129541,0.212317
scene_14543,7,True,no,0.065189,0.219158
scene_10278,6,True,no,0.160645,0.177061
scene_14573,7,True,no,0.229203,0.254990
scene_12506,7,True,yes,0.128951,0.169722
scene_11690,7,True,yes,0.239841,0.270320
scene_14865,8,True,no,0.177445,0.316806
scene_10198,8,True,no,0.170731,0.269945
scene_10304,8,True,no,0.121850,0.220939
scene_10138,7,True,no,0.163171,0.198971
scene_13272,8,False,no,0.146232,0.225888
scene_10240,8,True,no,0.289989,0.334293
scene_14290,8,False,no,0.149199,0.285296
scene_12001,7,True,no,0.168173,0.186330
scene_12545,7,False,no,0.094202,0.159680
scene_10694,7,False,no,0.193617,0.186181
scene_14492,8,True,no,0.109313,0.192143
scene_10690,8,True,no,0.209881,0.258643
scene_11888,8,True,no,0.125005,0.272822
scene_12010,7,True,no,0.142479,0.184780
scene_14683,8,False,no,0.132742,0.245707
scene_11055,7,False,no,0.175239,0.203969
scene_13959,8,False,no,0.222234,0.285003
scene_12046,8,False,no,0.171287,0.297597
scene_11007,7,False,no,0.166337,0.170637
scene_14011,8,False,yes,0.100671,0.186895
scene_13425,6,False,yes,0.156741,0.213184
scene_11352,8,True,no,0.109089,0.287497
scene_10804,8,False,no,0.272776,0.287293
scene_10625,8,True,yes,0.143311,0.184578
scene_13930,7,False,no,0.002884,0.208223
scene_13403,8,True,yes,0.149737,0.282859
scene_12439,6,True,no,0.033561,0.078094
scene_13191,8,True,no,0.199539,0.295505
scene_10598,7,False,no,0.085157,0.126225
scene_13803,8,True,no,0.138282,0.275222
scene_10187,8,False,no,0.106934,0.179603
scene_11696,7,False,no,0.097821,0.189891
scene_11282,8,False,no,0.206198,0.267733
scene_11519,7,False,no,0.055047,0.133804
scene_13952,7,True,yes,0.075127,0.149203
scene_11312,8,True,no,0.132816,0.191291
scene_14878,6,False,yes,0.034934,0.110270
scene_14013,8,False,no,0.115481,0.137144
scene_12823,8,True,no,0.239208,0.214661
scene_14774,8,False,no,0.060813,0.233840
scene_12101,7,False,no,0.312459,0.277922
scene_11474,7,True,yes,0.222494,0.277134
scene_12429,8,True,no,0.082985,0.193561
scene_12705,7,True,no,0.273376,0.241765
scene_11472,8,False,no,0.150778,0.183588
scene_14969,8,False,no,0.175164,0.314781
scene_11910,6,True,no,0.214430,0.195130
scene_14788,7,False,yes,0.151636,0.291489
scene_11160,7,False,yes,0.087722,0.108268
scene_14172,8,False,no,0.082822,0.147876
scene_12518,8,True,no,0.142792,0.279304
scene_14377,8,False,no,0.136127,0.253610
scene_14362,8,True,no,0.122899,0.253567
scene_13893,8,True,no,0.062184,0.217658
scene_13650,8,True,yes,0.082808,0.192007
scene_14072,8,False,no,0.140122,0.143872
scene_13901,8,True,no,0.177484,0.309999
scene_10868,6,True,no,0.146234,0.098511
scene_14169,7,True,no,0.077366,0.126741
scene_11242,8,True,no,0.155620,0.230099
scene_11364,7,False,no,0.056179,0.242586
scene_10856,8,False,no,0.058357,0.213044
scene_11964,8,True,no,0.160830,0.328841
scene_14579,6,True,no,0.168338,0.226801
scene_10771,7,False,no,0.139866,0.203746
scene_12750,7,False,yes,0.144324,0.257536
scene_13885,6,False,no,0.127645,0.138984
scene_11545,7,False,no,0.102655,0.148690
scene_11100,7,True,no,0.129453,0.186642
scene_14574,8,True,yes,0.148337,0.316241
scene_10781,7,True,yes,0.000693,0.114785
scene_14913,7,True,no,0.000965,0.284357
scene_14517,6,False,no,0.108093,0.127012
scene_14784,8,True,yes,0.122636,0.222119
scene_13229,7,False,no,0.112762,0.221717
scene_13838,7,False,no,0.118015,0.280033
scene_14310,8,True,no,0.127806,0.187912
scene_10833,7,False,no,0.273945,0.254185
scene_14821,7,False,no,0.207714,0.226028
scene_14659,8,False,yes,0.138969,0.174661
scene_14287,8,True,no,0.056285,0.213840
scene_13142,7,False,no,0.192572,0.222637
scene_12171,7,True,no,0.099987,0.235807
scene_12857,8,False,no,0.143833,0.229538
scene_11691,8,True,no,0.079005,0.253171
scene_12605,8,True,yes,0.115477,0.256005
scene_12478,7,False,no,0.057929,0.296093
scene_10592,7,True,yes,0.234363,0.230441
scene_11232,6,True,no,0.100179,0.117445
scene_12803,7,True,no,0.135825,0.140401
scene_14387,7,True,no,0.014557,0.218211
scene_12987,8,True,yes,0.184060,0.261734
scene_12204,7,True,no,0.176239,0.181663
scene_10754,7,True,no,0.190710,0.241332
scene_11542,6,False,no,0.174481,0.204069
scene_12859,8,True,yes,0.164772,0.364706
scene_10612,7,False,no,0.264091,0.298212
scene_13793,7,False,no,0.186436,0.234568
scene_11706,8,False,no,0.146302,0.213596
scene_13105,8,True,yes,0.219230,0.281256
scene_12149,7,True,yes,0.207111,0.292985
scene_14087,7,False,no,0.069805,0.116602
scene_11411,8,True,yes,0.125099,0.152001
scene_10192,7,True,yes,0.228825,0.278168
scene_14817,7,True,no,0.047650,0.156197
scene_14968,8,False,no,0.189411,0.215564
scene_11750,8,False,no,0.236411,0.263665
scene_12921,8,False,no,0.136837,0.265537
scene_13525,8,True,no,0.177992,0.290756
scene_13651,8,True,yes,0.204204,0.234884
scene_11128,7,True,yes,0.078077,0.133337
scene_11231,8,False,no,0.069240,0.154832
scene_11694,8,False,yes,0.241695,0.251801
scene_10906,8,False,yes,0.147510,0.250906
scene_13656,8,True,no,0.199579,0.245381
scene_13508,8,True,no,0.107695,0.276831
scene_12433,8,True,no,0.090591,0.213949
scene_14251,7,True,yes,0.133051,0.167254
scene_11314,7,True,no,0.093667,0.154362
scene_11307,7,False,yes,0.113513,0.142173
scene_13807,8,True,no,0.101067,0.149581
scene_14726,8,False,no,0.106333,0.207397
scene_13664,7,False,no,0.157188,0.175216
scene_14561,7,True,no,0.035972,0.158130
scene_10231,7,False,no,0.162984,0.200203
scene_13756,8,False,no,0.130788,0.210180
scene_14451,7,False,yes,0.192095,0.236582
scene_10960,8,True,no,0.078508,0.131325
scene_14439,8,True,no,0.155219,0.230707
scene_14825,7,True,no,0.133088,0.221890
scene_13014,7,True,no,0.193898,0.216954
scene_11003,7,True,no,0.177140,0.233883
scene_13752,7,False,no,0.202408,0.228883
scene_14995,7,False,no,0.015662,0.176711
scene_10137,8,True,no,0.140726,0.294173
scene_10414,7,True,no,0.019339,0.197903
scene_12916,8,True,no,0.091307,0.177399
scene_10845,7,False,no,0.092800,0.236594
scene_13050,7,True,no,0.204205,0.207909
scene_13683,8,True,yes,0.172971,0.268583
scene_11718,7,True,yes,0.036519,0.185129
scene_10131,8,False,no,0.109874,0.277094
scene_10463,8,True,yes,0.066664,0.169419
scene_14787,8,True,yes,0.237624,0.237924
scene_11130,7,False,no,0.121141,0.187909
scene_10636,7,False,yes,0.204764,0.238133
scene_12802,8,True,yes,0.081870,0.225212
scene_11887,7,True,no,0.039256,0.159112
scene_13572,7,True,no,0.109339,0.089681
scene_14216,8,True,no,0.124756,0.243037
scene_11554,7,False,no,0.177242,0.138705
scene_12179,7,True,no,0.263125,0.328775
scene_13948,8,True,yes,0.131381,0.127486
scene_13747,8,True,no,0.173553,0.285991
scene_14526,8,True,no,0.143763,0.276792
scene_13898,8,False,no,0.152961,0.264766
scene_10093,8,False,yes,0.205084,0.330577
scene_10014,8,True,no,0.080600,0.238319
scene_14999,8,False,no,0.185785,0.199190
scene_10522,7,True,yes,0.103125,0.166345
scene_14670,8,False,no,0.291206,0.263381
scene_13917,7,True,no,0.114156,0.276746
scene_12201,8,True,no,0.176524,0.301153
scene_10732,8,False,no,0.057812,0.169323
scene_10486,8,False,yes,0.074154,0.217962
scene_11425,7,True,no,0.146219,0.160426
scene_10545,7,False,no,0.148486,0.145256
scene_12209,8,False,yes,0.132904,0.263199
scene_14043,8,False,yes,0.086749,0.219741
scene_11539,8,True,no,0.078703,0.114555
scene_11547,8,True,no,0.085439,0.226785
scene_13843,8,False,no,0.141816,0.215079
scene_13980,7,False,no,0.021632,0.215204
scene_13590,6,False,yes,0.102835,0.162719
scene_14538,5,False,no,0.119880,0.106316
scene_10555,6,False,yes,0.066852,0.113883
scene_13986,8,False,no,0.214287,0.242270
scene_13322,8,True,no,0.063651,0.265027
scene_13097,8,True,no,0.215293,0.280049
scene_14707,8,False,no,0.134241,0.204590
scene_11934,7,False,no,0.119264,0.179838
scene_10282,8,True,no,0.220632,0.205298
scene_10246,7,True,yes,0.093469,0.178438
scene_14027,7,True,no,0.099581,0.201858
scene_10261,8,True,no,0.178594,0.204225
scene_12820,8,True,no,0.177477,0.210605
scene_14827,8,False,no,0.126236,0.256758
scene_13362,7,True,no,0.006921,0.250767
scene_10299,8,False,no,0.111761,0.177026
scene_10893,8,False,yes,0.084312,0.144582
scene_10012,7,False,no,0.120321,0.145284
scene_14549,8,False,yes,0.198550,0.324045
scene_13382,7,False,yes,0.028104,0.095189
scene_13929,8,True,no,0.169970,0.292852
scene_11263,8,False,no,0.244815,0.283135
scene_11894,8,False,no,0.098215,0.200083
scene_13423,7,True,no,0.140567,0.163921
scene_14983,8,True,no,0.150233,0.207738
scene_13361,7,False,no,0.125457,0.218108
scene_12638,8,False,no,0.164770,0.179739
scene_14125,8,False,no,0.156542,0.216696
scene_14423,8,False,no,0.276071,0.266648
scene_10541,7,False,no,0.097974,0.162423
scene_12930,7,True,no,0.059323,0.185399
scene_10227,8,False,no,0.151479,0.145623
scene_11825,7,False,no,0.129656,0.158606
scene_13373,8,False,no,0.058122,0.251471
scene_14278,8,True,no,0.178638,0.281829
scene_14383,8,True,no,0.161276,0.203276
scene_10842,7,True,no,0.041779,0.183215
scene_10477,8,True,no,0.165793,0.245855
scene_14126,8,False,no,0.250129,0.302811
scene_14899,7,False,no,0.001942,0.186770
scene_13260,8,True,no,0.139503,0.189884
scene_14605,8,False,no,0.150906,0.220214
scene_10614,8,True,no,0.198797,0.347055
scene_14230,6,True,no,0.112562,0.170217
scene_14697,8,False,yes,0.126332,0.248041
scene_10829,8,False,no,0.056020,0.105339
scene_13153,7,True,no,0.123483,0.129273
scene_12244,7,True,no,0.035745,0.156080
scene_10252,8,False,no,0.090564,0.304019
scene_10460,6,False,no,0.045159,0.105708
scene_12311,7,False,no,0.179728,0.213230
scene_10319,7,True,no,0.117889,0.169380
scene_11482,8,False,no,0.125022,0.234485
scene_12164,8,True,yes,0.208716,0.310420
scene_14245,8,True,no,0.185626,0.283658
scene_13331,7,True,no,0.080436,0.146387
scene_10335,8,True,no,0.147420,0.216096
scene_11014,8,True,no,0.117229,0.180027
scene_10895,7,True,no,0.221095,0.198637
scene_13782,7,False,no,0.145925,0.214997
scene_11929,8,False,no,0.213359,0.421591
scene_14477,7,False,no,0.180842,0.196978
scene_13612,8,False,no,0.242017,0.229939
scene_11531,8,True,no,0.211331,0.298052
scene_14708,8,False,no,0.130280,0.256597
scene_10628,8,True,no,0.170958,0.294164
scene_11959,8,False,no,0.075334,0.146963
scene_10548,8,False,no,0.130436,0.212486
scene_14319,8,True,yes,0.170343,0.258180
scene_10905,8,False,no,0.073837,0.192058
scene_13541,6,True,no,0.122686,0.102613
scene_12456,6,True,no,0.034719,0.096598
scene_14748,8,True,no,0.193827,0.242432
scene_14666,6,False,no,0.115665,0.118359
scene_12822,7,True,no,0.090661,0.143755
scene_12452,8,False,no,0.249263,0.241797
scene_12715,7,False,no,0.155950,0.194993
scene_11257,8,True,no,0.263364,0.380092
scene_11907,7,True,no,0.056450,0.129348
scene_10485,8,False,no,0.113381,0.237812
scene_14399,8,True,no,0.134538,0.192107
scene_13359,8,True,no,0.144147,0.331756
scene_11473,7,True,no,0.123639,0.134981
scene_14910,8,False,no,0.079182,0.193603
scene_10046,7,True,no,0.082626,0.106504
scene_12347,8,True,no,0.085115,0.125914
scene_14227,8,True,yes,0.196097,0.281351
scene_11237,8,False,no,0.120512,0.231425
scene_13253,7,False,no,0.061247,0.237095
scene_11094,7,True,no,0.160039,0.209832
scene_11830,7,False,no,0.141700,0.128633
scene_10965,8,False,no,0.194616,0.289790
scene_14548,8,True,no,0.111797,0.123019
scene_11069,8,False,no,0.114750,0.228134
scene_10027,8,False,no,0.080476,0.189558
scene_13734,8,False,no,0.215844,0.274762
scene_11326,7,False,no,0.085884,0.127401
scene_12500,6,True,no,0.070663,0.091876
scene_10576,7,False,no,0.328697,0.265391
scene_14655,8,False,yes,0.216334,0.191857
scene_10391,8,True,no,0.085361,0.186287
scene_13505,7,False,no,0.027121,0.183912
scene_14956,8,False,yes,0.254338,0.279438
scene_13010,8,False,no,0.111813,0.249381
scene_14017,8,False,no,0.149043,0.208528
scene_14750,7,True,no,0.197101,0.171576
scene_11661,7,False,no,0.069645,0.116098
scene_10719,8,True,yes,0.193993,0.232691
scene_10792,8,True,no,0.065120,0.186659
scene_12326,7,False,no,0.149359,0.268072
scene_14228,8,False,no,0.114374,0.193952
scene_11381,8,False,no,0.116778,0.283261
scene_13829,7,True,no,0.042629,0.088105
scene_12889,8,False,no,0.127929,0.238639
scene_11054,8,False,no,0.161354,0.204587
scene_11880,7,False,no,0.081922,0.142143
scene_13823,8,False,no,0.072524,0.175989
scene_11355,8,True,no,0.234611,0.299806
scene_10462,8,True,no,0.110843,0.168451
scene_10790,8,True,yes,0.163357,0.308240
scene_13126,7,False,no,0.056553,0.107675
scene_11918,8,False,yes,0.046986,0.188553
scene_12665,8,True,no,0.118013,0.131711
scene_10550,7,False,no,0.261716,0.320655
scene_12848,7,False,no,0.243727,0.268338
scene_12598,7,True,yes,0.202432,0.209536
scene_14638,8,False,yes,0.236231,0.299231
scene_11862,7,False,no,0.089632,0.118802
scene_14212,7,False,no,0.139014,0.154994
scene_11373,8,False,no,0.152969,0.196856
scene_14257,6,False,no,0.047618,0.082248
scene_12946,6,False,no,0.019676,0.091775
scene_12327,8,False,yes,0.195256,0.237785
scene_14824,8,False,no,0.088618,0.222737
scene_10037,8,False,no,0.097859,0.179456
scene_10153,7,False,no,0.131680,0.167368
scene_13928,8,True,no,0.145118,0.287648
scene_14136,8,True,no,0.237174,0.369815
scene_12030,8,True,no,0.128786,0.227121
scene_13764,7,False,yes,0.030103,0.200156
scene_10148,7,False,no,0.062322,0.207154
scene_10721,7,True,yes,0.191812,0.188524
scene_11712,8,True,no,0.049286,0.145280
scene_13009,8,False,no,0.289681,0.343216
scene_14924,8,True,yes,0.107904,0.179053
scene_12192,7,True,no,0.045857,0.222279
scene_14050,7,False,no,0.162800,0.239355
scene_13537,7,False,no,0.228583,0.304230
scene_10366,8,False,no,0.226095,0.305453
scene_10242,7,True,no,0.112364,0.255680
scene_14590,8,True,no,0.093965,0.214223
scene_13609,8,True,yes,0.140744,0.285150
scene_11177,8,False,no,0.202729,0.273394
scene_10817,6,False,no,0.042915,0.168833
scene_14703,8,False,no,0.086631,0.269587
scene_14914,8,False,no,0.189083,0.207133
scene_11667,7,False,no,0.201056,0.215231
scene_10647,7,True,no,0.039011,0.156059
scene_12255,8,False,yes,0.095291,0.215974
scene_13089,8,True,yes,0.073983,0.217481
scene_14623,7,False,no,0.128671,0.104943
scene_14008,8,True,no,0.283729,0.313831
scene_11935,7,True,no,0.182512,0.255958
scene_14758,5,True,no,0.031839,0.087543
scene_11693,8,True,yes,0.220679,0.279873
scene_14728,6,False,no,0.063509,0.112397
scene_13482,8,False,no,0.182966,0.234129
scene_10954,8,True,no,0.224555,0.322355
scene_14204,8,True,no,0.079577,0.146838
scene_13991,8,False,yes,0.154306,0.238246
scene_13021,8,True,no,0.168832,0.271892
scene_10994,7,True,no,0.191810,0.350006
scene_10981,8,False,no,0.153277,0.215168
scene_12404,7,False,yes,0.001227,0.193999
scene_10448,7,True,no,0.112980,0.146060
scene_13440,6,True,no,0.056302,0.085610
scene_11113,7,True,yes,0.240973,0.229449
scene_12303,8,False,yes,0.094825,0.195545
scene_11111,7,True,yes,0.119063,0.206584
scene_12207,4,True,no,0.036781,0.035106
scene_14939,7,True,yes,0.089288,0.114662
scene_14668,8,False,yes,0.137190,0.243777
scene_11963,8,True,yes,0.089486,0.210056
scene_11051,7,False,no,0.177574,0.202909
scene_13325,8,True,no,0.046862,0.180310
scene_11419,7,True,no,0.242403,0.266742
scene_12799,8,True,no,0.082691,0.185016
scene_14645,8,True,no,0.168313,0.205877
scene_14813,8,False,no,0.196889,0.261574
scene_12860,7,False,no,0.055162,0.115587
scene_13363,8,False,no,0.100991,0.192181
scene_14883,8,False,yes,0.134341,0.226432
scene_13830,7,False,no,0.090268,0.153930
scene_14736,6,False,no,0.063125,0.122192
scene_12988,8,True,yes,0.111671,0.235834
scene_13407,8,False,no,0.122116,0.234855
scene_13074,7,True,no,0.230674,0.245824
scene_13561,8,False,no,0.188872,0.246689
scene_11121,7,True,no,0.287752,0.317125
scene_12296,7,True,no,0.116630,0.128650
scene_11429,7,True,no,0.055726,0.204515
scene_11966,7,False,no,0.148800,0.226938
scene_14960,8,True,no,0.159953,0.289434
scene_12003,8,True,no,0.091374,0.159873
scene_13020,8,False,no,0.073518,0.264504
scene_11184,8,True,no,0.054785,0.182685
scene_11220,8,False,yes,0.095227,0.218943
scene_10922,5,True,no,0.089506,0.089814
scene_14255,8,True,yes,0.125510,0.275900
scene_13618,8,True,yes,0.081962,0.158480
scene_11143,8,True,no,0.127007,0.217979
scene_11010,8,True,no,0.079022,0.134785
scene_10788,8,True,no,0.101522,0.192035
scene_12745,7,False,no,0.093193,0.138608
scene_13804,8,True,yes,0.143193,0.237156
scene_11083,7,False,no,0.155298,0.193688
scene_11452,8,False,no,0.324124,0.318421
scene_12238,7,True,no,0.037836,0.275336
scene_11403,7,True,no,0.077460,0.182507
scene_12184,7,False,no,0.085905,0.166595
scene_13968,8,False,no,0.131148,0.244138
scene_14345,8,True,no,0.197043,0.382012
scene_11286,8,False,no,0.296303,0.241800
scene_13182,7,True,no,0.078055,0.103685
scene_14898,7,True,no,0.175387,0.352017
scene_14478,8,True,no,0.106912,0.248613
scene_14490,8,True,no,0.073238,0.141260
scene_13532,7,True,no,0.155488,0.174059
scene_10850,8,False,yes,0.086188,0.312817
scene_12125,8,True,yes,0.105889,0.186618
scene_10566,7,False,no,0.201245,0.197959
scene_10255,7,False,no,0.053623,0.210390
scene_14350,7,True,no,0.065575,0.114246
scene_12505,7,False,no,0.243263,0.233628
scene_13862,7,True,no,0.061215,0.263177
scene_11681,7,False,no,0.336621,0.202384
scene_12743,7,False,no,0.168078,0.249138
scene_11692,7,True,no,0.199814,0.198017
scene_10621,7,True,no,0.133756,0.265861
scene_11716,8,True,no,0.089655,0.240392
scene_11285,7,False,no,0.125755,0.154868
scene_14441,8,False,no,0.148180,0.234559
scene_13087,7,True,no,0.105745,0.176372
scene_10782,8,True,no,0.119472,0.291507
scene_14343,8,False,no,0.147061,0.279898
scene_12346,7,False,no,0.015034,0.206882
scene_10129,8,False,no,0.094955,0.252940
scene_10993,7,True,yes,0.026605,0.256193
scene_10606,7,True,no,0.197017,0.216502
scene_13428,8,True,yes,0.127278,0.317317
scene_14798,7,False,no,0.167849,0.234269
scene_14722,8,False,yes,0.196334,0.308537
scene_12148,8,True,no,0.097082,0.223218
scene_10699,7,False,no,0.157823,0.198538
scene_11968,8,True,no,0.050319,0.132914
scene_13103,6,True,yes,0.042586,0.090391
scene_13559,8,False,no,0.241341,0.319157
scene_10933,8,True,no,0.296081,0.270895
scene_12366,5,True,no,0.028986,0.056037
scene_12370,8,True,no,0.148650,0.216385
scene_11088,8,False,no,0.130535,0.272418
scene_11944,8,False,no,0.271428,0.248757
scene_13064,8,True,yes,0.135977,0.244119
scene_13117,7,True,no,0.054475,0.180817
scene_14909,7,True,yes,0.204043,0.168077
scene_11261,8,True,yes,0.207052,0.326899
scene_14129,8,False,no,0.118181,0.185063
scene_12765,7,True,no,0.215471,0.267977
scene_10449,7,False,no,0.177790,0.257609
scene_11357,8,False,no,0.105482,0.189409
scene_11509,7,True,no,0.242837,0.275531
scene_10068,8,True,no,0.076512,0.136415
scene_11946,8,True,no,0.269763,0.278421
scene_11228,8,True,yes,0.115272,0.250547
scene_12306,6,True,no,0.056028,0.168858
scene_14996,7,False,no,0.160857,0.191564
scene_12181,6,True,no,0.072541,0.099224
scene_12088,8,False,yes,0.080592,0.224137
scene_12078,7,False,no,0.165011,0.205797
scene_11378,8,True,yes,0.229340,0.191193
scene_13667,8,False,no,0.122458,0.200697
scene_13951,7,False,no,0.101342,0.163133
scene_14630,7,False,yes,0.202408,0.189239
scene_11610,6,True,yes,0.143807,0.118811
scene_14237,8,True,yes,0.093354,0.270975
scene_14609,8,False,no,0.075385,0.180127
scene_14301,8,True,yes,0.163097,0.255645
scene_12951,8,False,no,0.164400,0.245304
scene_13791,8,False,no,0.107653,0.262667
scene_13597,7,False,yes,0.159801,0.205766
scene_14263,8,False,yes,0.069989,0.125693
scene_10611,8,False,no,0.328667,0.297269
scene_13945,7,False,no,0.061993,0.136483
scene_12128,7,True,no,0.074002,0.140755
scene_11941,8,True,no,0.129857,0.235646
scene_13799,7,True,yes,0.018888,0.174304
scene_14719,6,True,no,0.138508,0.102520
scene_14848,8,True,no,0.092600,0.239278
scene_12676,7,False,no,0.086577,0.137618
scene_10164,8,False,no,0.118819,0.229278
scene_12049,7,False,no,0.157065,0.251304
scene_11645,7,False,no,0.304924,0.335804
scene_12086,8,False,no,0.119728,0.315132
scene_14284,8,False,no,0.107006,0.158725
scene_13942,7,True,no,0.061184,0.239687
scene_14059,7,False,no,0.048216,0.288180
scene_11498,7,False,no,0.090590,0.142357
scene_14344,8,True,no,0.322767,0.380554
scene_12970,8,True,yes,0.121011,0.228970
scene_11529,7,False,no,0.154585,0.192645
scene_11614,7,False,no,0.103816,0.167690
scene_12722,8,True,no,0.241126,0.242573
scene_10528,7,False,no,0.082204,0.135787
scene_10487,6,False,no,0.160803,0.162278
scene_12503,8,True,yes,0.230910,0.229638
scene_14047,8,False,yes,0.085884,0.201273
scene_13760,8,False,no,0.209293,0.184672
scene_13234,8,True,no,0.160171,0.140524
scene_11845,7,False,no,0.149830,0.356660
scene_12066,8,True,no,0.152663,0.264800
scene_14596,5,True,no,0.048379,0.096136
scene_13641,8,False,no,0.110599,0.205586
scene_11183,8,True,no,0.150095,0.192659
scene_14653,8,False,no,0.143079,0.213618
scene_11485,7,True,no,0.000779,0.207306
scene_10798,8,True,no,0.093593,0.262901
scene_12302,7,False,no,0.090390,0.139083
scene_12336,7,True,no,0.133739,0.180628
scene_10209,7,True,no,0.115050,0.181202
scene_13385,7,False,yes,0.196769,0.162206
scene_13790,7,False,yes,0.063774,0.200678
scene_12679,8,True,no,0.137964,0.216554
scene_11652,7,True,yes,0.094385,0.121937
scene_13833,6,False,yes,0.046767,0.239314
scene_14781,8,False,no,0.075915,0.185657
scene_10549,8,False,no,0.200115,0.245068
scene_11766,7,False,yes,0.170849,0.199763
scene_10441,7,False,no,0.108634,0.142438
scene_14269,7,False,no,0.065372,0.155915
scene_14348,8,False,no,0.158501,0.221223
scene_14904,7,False,no,0.088962,0.115533
scene_11928,8,True,no,0.098824,0.182288
scene_12680,7,True,no,0.112193,0.150574
scene_12448,7,False,no,0.169125,0.212473
scene_12028,8,False,yes,0.111596,0.301377
scene_11153,8,True,no,0.061474,0.201896
scene_12721,8,False,no,0.107564,0.194998
scene_10199,5,True,no,0.040984,0.050012
scene_13579,8,False,no,0.089172,0.196789
scene_12390,8,True,no,0.088450,0.214162
scene_13615,7,False,no,0.107052,0.203568
scene_13977,8,True,no,0.121338,0.212007
scene_13162,6,False,no,0.051675,0.089533
scene_14534,8,False,no,0.132804,0.254561
scene_11611,8,True,no,0.141709,0.173949
scene_10368,8,True,yes,0.118978,0.203668
scene_14875,8,True,no,0.080892,0.149345
scene_13835,8,True,no,0.131326,0.212497
scene_13451,7,False,yes,0.110616,0.166893
scene_12043,8,False,no,0.171195,0.254310
scene_14220,8,True,yes,0.097798,0.283707
scene_12109,7,True,no,0.094516,0.183644
scene_12041,7,False,no,0.145273,0.144542
scene_10653,6,True,yes,0.015053,0.133508
scene_13740,7,False,no,0.088316,0.133320
scene_13776,8,True,no,0.271021,0.350173
scene_12367,6,True,no,0.060168,0.107492
scene_14384,8,True,yes,0.171367,0.267893
scene_10655,8,False,no,0.183325,0.256632
scene_11017,8,False,no,0.128775,0.220011
scene_11713,7,False,no,0.243964,0.243924
scene_13090,8,True,no,0.041740,0.205868
scene_11574,8,False,no,0.292113,0.338033
scene_11189,7,False,no,0.001246,0.155404
scene_14792,7,False,no,0.168705,0.196845
scene_10397,8,True,yes,0.116857,0.284966
scene_10578,7,True,no,0.123659,0.168812
scene_11016,7,False,no,0.092737,0.196043
scene_14215,8,True,no,0.046861,0.252080
scene_13702,8,False,yes,0.185076,0.246150
scene_10502,8,False,no,0.331735,0.391338
scene_11911,7,False,yes,0.099064,0.145836
scene_13940,7,True,no,0.157089,0.222859
scene_13421,6,True,no,0.013460,0.098332
scene_10435,7,False,no,0.127929,0.144001
scene_14110,7,True,yes,0.238072,0.248160
scene_12110,8,True,yes,0.137985,0.225255
scene_14694,7,False,no,0.238455,0.273647
scene_14261,7,False,no,0.056474,0.195867
scene_13599,8,True,no,0.079670,0.307782
scene_11415,8,False,no,0.116240,0.217894
scene_14971,7,True,yes,0.139130,0.128256
scene_13593,7,True,no,0.188206,0.255186
scene_14406,8,False,no,0.057963,0.120511
scene_12485,8,False,yes,0.163125,0.389891
scene_11394,8,True,no,0.152607,0.185101
scene_10836,8,False,no,0.078625,0.138335
scene_11903,8,True,no,0.131525,0.188703
scene_11984,7,False,no,0.133634,0.218860
scene_14240,8,False,no,0.178620,0.310494
scene_11801,8,True,yes,0.103780,0.186904
scene_14073,7,False,no,0.116786,0.168457
scene_14181,7,False,no,0.153106,0.207872
scene_10298,7,False,no,0.215115,0.204977
scene_14206,8,True,no,0.280990,0.357413
scene_11219,8,False,no,0.252847,0.302920
scene_12928,8,False,no,0.166034,0.224059
scene_11004,8,False,no,0.168279,0.287232
scene_11979,8,False,yes,0.140460,0.209906
scene_13795,8,True,no,0.094882,0.246085
scene_12630,8,False,no,0.108466,0.200847
scene_11187,8,False,no,0.074496,0.171215
scene_12956,7,False,no,0.135870,0.216298
scene_12569,8,False,yes,0.150527,0.191209
scene_12040,8,False,no,0.143651,0.237039
scene_10124,8,False,no,0.124654,0.273703
scene_13070,8,False,yes,0.192668,0.242942
scene_13185,7,False,yes,0.202910,0.222005
scene_13048,7,False,no,0.145363,0.195148
scene_12344,8,True,no,0.053260,0.101134
scene_10864,8,False,no,0.224949,0.255729
scene_12668,8,True,no,0.051325,0.087991
scene_11085,8,True,yes,0.092622,0.290856
scene_12363,8,True,no,0.109075,0.169720
scene_12628,7,False,yes,0.204225,0.291647
scene_13450,7,False,no,0.210362,0.192764
scene_10332,8,False,no,0.115854,0.203234
scene_10116,8,True,yes,0.094667,0.223147
scene_13296,8,False,no,0.160124,0.279319
scene_14664,7,True,no,0.201382,0.254708
scene_11383,7,True,no,0.189233,0.222211
scene_13405,7,True,no,0.037105,0.190688
scene_14762,8,False,no,0.198001,0.170809
scene_13657,8,False,yes,0.089359,0.172133
scene_14324,8,False,no,0.052144,0.144869
scene_13367,7,False,no,0.002924,0.230343
scene_12379,8,True,yes,0.253610,0.376617
scene_12425,8,False,no,0.126478,0.165969
scene_10691,8,False,no,0.261679,0.230674
scene_12626,7,False,no,0.040400,0.097974
scene_12059,8,True,no,0.141849,0.263395
scene_13216,7,True,no,0.053164,0.146251
scene_14037,8,True,no,0.092055,0.192890
scene_12517,8,True,no,0.311791,0.281711
scene_13323,8,True,no,0.082853,0.187546
scene_12561,7,False,no,0.050120,0.215625
scene_10513,7,False,no,0.265150,0.296811
scene_13000,7,True,no,0.263002,0.287238
scene_12257,8,False,no,0.117848,0.181938
scene_12602,8,False,no,0.213226,0.261801
scene_10805,8,False,no,0.191983,0.270312
scene_13698,8,False,no,0.131413,0.213160
scene_12960,8,False,no,0.143751,0.254389
scene_14083,8,False,no,0.050918,0.164403
scene_12126,8,False,no,0.125959,0.172071
scene_11418,8,False,no,0.140577,0.221375
scene_10924,8,True,no,0.084651,0.108096
scene_11322,8,False,yes,0.051145,0.170872
scene_14121,7,True,no,0.121339,0.177713
scene_10675,8,False,no,0.137883,0.276911
scene_11246,8,True,yes,0.063184,0.201464
scene_13352,8,True,yes,0.108144,0.202350
scene_12123,6,True,no,0.001857,0.062606
scene_10509,8,False,yes,0.174888,0.254686
scene_14585,7,True,no,0.000909,0.132918
scene_14510,8,True,no,0.129979,0.252410
scene_14292,8,True,no,0.156301,0.238212
scene_13231,7,False,no,0.131608,0.173684
scene_10746,8,False,no,0.145375,0.382401
scene_12408,7,False,no,0.188579,0.273401
scene_12621,7,False,no,0.108097,0.187263
scene_13610,8,True,no,0.105275,0.152303
scene_10526,8,False,no,0.182237,0.271070
scene_11412,8,True,no,0.051677,0.150251
scene_12120,7,False,no,0.143204,0.203463
scene_12787,8,False,no,0.133886,0.258412
scene_11909,7,False,yes,0.155248,0.244585
scene_11844,7,False,no,0.102545,0.186485
scene_12872,7,False,no,0.000865,0.133024
scene_12632,8,True,yes,0.118838,0.223602
scene_11299,7,False,no,0.135796,0.185910
scene_10514,7,True,no,0.082519,0.224277
scene_13956,8,False,yes,0.087236,0.273793
scene_13933,8,False,yes,0.216711,0.284369
scene_11678,7,True,no,0.088300,0.091713
scene_13171,7,True,no,0.187891,0.330495
scene_12154,6,False,no,0.079204,0.100941
scene_13005,8,False,yes,0.103175,0.189122
scene_12896,7,False,no,0.122324,0.178642
scene_14620,7,False,no,0.141995,0.228528
scene_13254,8,True,yes,0.112144,0.211256
scene_10353,8,True,no,0.186843,0.241576
scene_12879,7,False,no,0.077462,0.153057
scene_10532,7,False,yes,0.100294,0.153189
scene_12260,8,False,yes,0.246399,0.272091
scene_11915,7,False,no,0.067884,0.159986
scene_11512,7,False,yes,0.073866,0.165622
scene_12345,8,True,no,0.181021,0.280423
scene_13036,8,False,no,0.093211,0.189615
scene_11479,7,True,no,0.122577,0.198543
scene_14537,7,False,no,0.059228,0.178594
scene_13344,7,True,yes,0.090286,0.168644
scene_10970,7,False,no,0.064419,0.165008
scene_13533,7,True,yes,0.122346,0.157503
scene_14288,8,True,no,0.158735,0.256326
scene_10498,8,True,yes,0.201942,0.254354
scene_13547,8,True,yes,0.244144,0.203697
scene_12084,8,True,no,0.122218,0.131195
scene_11481,8,True,yes,0.213576,0.338352
scene_14975,7,False,no,0.100933,0.132958
scene_14107,8,True,no,0.084744,0.188248
scene_14990,7,True,yes,0.072385,0.266054
scene_11229,7,False,no,0.080106,0.183105
scene_11190,8,False,no,0.050415,0.151480
scene_12221,7,True,no,0.183735,0.267618
scene_12253,8,True,no,0.143231,0.187861
scene_10265,7,False,no,0.169007,0.187461
scene_14234,8,False,no,0.165602,0.276694
scene_12737,7,False,no,0.037581,0.103241
scene_11310,6,False,no,0.073070,0.107068
scene_12795,7,False,no,0.111862,0.118517
scene_10359,8,False,no,0.214509,0.299076
scene_11824,7,True,no,0.076811,0.177689
scene_10708,8,False,no,0.160049,0.282245
scene_13313,7,True,no,0.226070,0.232925
scene_13316,8,True,no,0.132795,0.195494
scene_13781,8,True,no,0.197367,0.202217
scene_10503,7,False,no,0.036618,0.187531
scene_14692,7,True,no,0.118502,0.198244
scene_14346,7,True,no,0.112917,0.191074
scene_14321,7,False,no,0.047339,0.114322
scene_11170,7,True,no,0.124959,0.192237
scene_12507,8,True,no,0.121742,0.189933
scene_10879,7,False,no,0.134496,0.161987
scene_11828,7,False,no,0.116056,0.229013
scene_11067,8,False,no,0.114835,0.192215
scene_14700,7,False,no,0.338273,0.277259
scene_14807,8,False,no,0.210182,0.296431
scene_14057,6,False,no,0.035680,0.188564
scene_11586,8,True,no,0.186836,0.311534
scene_12121,8,True,no,0.175125,0.185012
scene_14625,8,False,no,0.069175,0.224971
scene_14315,7,False,no,0.219226,0.322226
scene_10106,7,True,no,0.153451,0.230650
scene_10465,7,True,no,0.099110,0.138471
scene_14953,8,True,yes,0.124856,0.182673
scene_13538,7,False,yes,0.114577,0.162648
scene_12661,8,True,no,0.054295,0.119578
scene_11288,7,False,no,0.081425,0.119846
scene_14495,8,False,no,0.261620,0.269412
scene_14767,8,True,yes,0.082812,0.165916
scene_12169,7,True,no,0.131181,0.172847
scene_13099,7,False,no,0.245158,0.166601
scene_14539,8,False,no,0.094041,0.291910
scene_13308,8,False,no,0.100399,0.187576
scene_13057,8,False,no,0.151600,0.281530
scene_11524,8,False,no,0.235831,0.273386
scene_13778,8,True,no,0.129449,0.206733
scene_13295,8,False,no,0.136859,0.295965
scene_12783,8,True,no,0.081641,0.176996
scene_10629,7,False,yes,0.024752,0.174392
scene_13290,7,True,no,0.042769,0.112047
scene_10132,7,False,no,0.188732,0.251607
scene_12324,8,True,no,0.290182,0.231199
scene_11569,8,False,yes,0.177404,0.302553
scene_11484,6,False,yes,0.033738,0.180761
scene_11501,8,True,no,0.052572,0.110491
scene_12643,7,False,no,0.001062,0.308924
scene_10967,7,True,no,0.088351,0.122610
scene_10275,7,True,no,0.181597,0.158038
scene_14075,7,True,no,0.043232,0.129601
scene_10142,8,False,no,0.209204,0.317443
scene_11795,8,False,no,0.066594,0.144958
scene_13457,7,True,no,0.243498,0.357291
scene_12489,8,True,no,0.107764,0.258905
scene_14211,8,True,no,0.280997,0.277930
scene_13652,7,True,no,0.063730,0.204474
scene_10656,8,True,yes,0.104521,0.213008
scene_12784,7,True,no,0.150413,0.155807
scene_12102,8,True,no,0.151831,0.259798
scene_14796,7,False,no,0.112176,0.191829
scene_11664,8,True,no,0.178612,0.233530
scene_12612,7,True,no,0.178831,0.241279
scene_12751,8,True,no,0.119305,0.235939
scene_10307,7,True,no,0.086065,0.110138
scene_10234,7,True,no,0.199248,0.262412
scene_13731,8,True,yes,0.145234,0.283396
scene_13925,8,True,no,0.108336,0.142604
scene_11782,6,False,no,0.042186,0.180158
scene_13919,8,True,no,0.077390,0.279260
scene_11445,8,True,no,0.092417,0.259410
scene_13415,8,False,no,0.046607,0.169015
scene_11832,7,False,no,0.125685,0.235371
scene_11440,6,True,yes,0.046576,0.099208
scene_11819,8,True,yes,0.245394,0.333221
scene_12827,8,True,yes,0.150453,0.237046
scene_10683,7,True,no,0.104435,0.133331
scene_11746,7,False,no,0.032980,0.183607
scene_12941,8,True,no,0.055824,0.179707
scene_14906,8,True,yes,0.174804,0.280737
scene_14598,8,True,no,0.185436,0.261669
scene_11256,7,False,yes,0.165055,0.221278
scene_11211,8,True,no,0.179819,0.317342
scene_13961,8,True,no,0.041242,0.191346
scene_13892,7,False,no,0.193090,0.240949
scene_10327,8,True,yes,0.104803,0.220252
scene_13134,8,False,yes,0.064884,0.191572
scene_11316,7,False,no,0.064263,0.248155
scene_11204,8,False,no,0.068248,0.171685
scene_12235,8,False,no,0.166991,0.263850
scene_10740,8,False,no,0.171631,0.269793
scene_13353,8,False,no,0.082470,0.191830
scene_13431,8,True,no,0.076889,0.319454
scene_13983,7,False,no,0.107876,0.147587
scene_11739,8,False,no,0.085836,0.213554
scene_10338,8,False,no,0.113379,0.227399
scene_14494,7,True,yes,0.014853,0.188252
scene_12127,7,True,no,0.299945,0.259885
scene_14698,8,False,no,0.067533,0.153439
scene_13433,8,False,no,0.068980,0.165377
scene_12836,7,False,no,0.161221,0.220389
scene_14611,7,True,no,0.104259,0.237690
scene_14524,6,False,yes,0.067940,0.138425
scene_13602,6,True,no,0.076773,0.165080
scene_13987,8,True,no,0.122586,0.266826
scene_14028,8,False,no,0.103703,0.166511
scene_11639,8,False,no,0.155197,0.250491
scene_11790,8,False,yes,0.191067,0.296320
scene_11508,7,True,no,0.104570,0.175820
scene_10510,8,True,yes,0.153342,0.212763
scene_13516,8,True,no,0.237612,0.373028
scene_14071,7,False,no,0.031312,0.267340
scene_12686,8,False,no,0.131440,0.220141
scene_13073,7,False,no,0.210843,0.257455
scene_14636,8,True,no,0.083540,0.209345
scene_11172,8,True,no,0.144736,0.279967
scene_10783,8,True,no,0.134889,0.199151
scene_12650,8,True,no,0.206407,0.182749
scene_10149,8,True,yes,0.093389,0.178021
scene_11038,6,False,no,0.040905,0.159812
scene_14619,7,False,no,0.048155,0.220514
scene_12225,7,True,no,0.194657,0.220407
scene_14520,8,False,yes,0.211050,0.265333
scene_12112,8,True,no,0.038183,0.239678
scene_13236,8,True,yes,0.207359,0.216484
scene_14794,7,False,no,0.070749,0.127485
scene_10171,8,False,no,0.192456,0.197684
scene_13143,7,True,no,0.066322,0.252806
scene_10179,8,True,no,0.086991,0.192166
scene_10826,8,False,no,0.121989,0.239748
scene_14334,6,True,yes,0.097161,0.103612
scene_14076,7,True,no,0.228645,0.246102
scene_11875,8,False,no,0.132458,0.251844
scene_12934,7,True,no,0.090835,0.141460
scene_13801,6,True,no,0.033089,0.099015
scene_14805,8,False,yes,0.132773,0.199072
scene_10747,8,True,yes,0.191511,0.322954
scene_12588,7,True,no,0.034864,0.148840
scene_14141,7,False,no,0.138523,0.135437
scene_12850,7,True,no,0.103402,0.163650
scene_11904,8,True,no,0.118432,0.221653
scene_12806,8,True,no,0.190069,0.260346
scene_14838,8,True,no,0.089227,0.218610
scene_13841,8,True,no,0.171068,0.286166
scene_14199,6,False,yes,0.121445,0.090595
scene_12237,8,False,no,0.181145,0.230327
scene_13904,8,False,no,0.137359,0.187273
scene_10181,7,True,no,0.069292,0.117221
scene_10547,8,False,yes,0.183845,0.243694
scene_11362,7,True,no,0.331564,0.266190
scene_13013,7,True,no,0.171957,0.254331
scene_12384,8,True,no,0.254373,0.264453
scene_13658,8,True,no,0.171967,0.250191
scene_13890,8,True,no,0.101469,0.138785
scene_12692,7,False,no,0.073398,0.156504
scene_13004,7,True,no,0.066581,0.228955
scene_10988,8,True,no,0.134352,0.169375
scene_11413,8,True,no,0.104694,0.204880
scene_10276,8,True,yes,0.283311,0.292573
scene_14582,8,False,no,0.101920,0.237618
scene_10066,7,True,no,0.103012,0.225700
scene_11039,8,False,no,0.153828,0.254923
scene_11530,8,False,no,0.243799,0.381140
scene_11585,8,False,no,0.180165,0.214925
scene_12604,8,False,no,0.046785,0.180003
scene_13172,8,False,no,0.103083,0.219432
scene_11926,7,True,no,0.054200,0.127490
scene_11600,7,False,yes,0.094967,0.159448
scene_14327,7,False,no,0.159023,0.240865
scene_12270,7,True,yes,0.076878,0.136282
scene_13194,7,False,no,0.124515,0.155454
scene_13317,8,False,no,0.052916,0.221050
scene_12229,7,False,no,0.141300,0.236919
scene_13676,8,True,no,0.095543,0.195621
scene_10277,6,False,yes,0.236897,0.198578
scene_11478,8,True,no,0.148275,0.315538
scene_12145,8,True,no,0.130920,0.219111
scene_10350,7,False,no,0.170169,0.187140
scene_12739,8,True,no,0.104207,0.231677
scene_14613,7,True,no,0.081741,0.305284
scene_14986,7,True,no,0.209479,0.203508
scene_11707,7,False,no,0.154716,0.205024
scene_12338,7,False,no,0.147354,0.199006
scene_10986,8,True,no,0.113013,0.253497
scene_11446,8,False,yes,0.109277,0.143331
scene_12519,8,True,no,0.079704,0.185226
scene_10006,6,False,no,0.208278,0.200669
scene_13408,8,False,no,0.243541,0.308225
scene_11194,7,False,no,0.213720,0.187902
scene_10589,8,False,no,0.131409,0.178607
scene_14032,7,True,no,0.113041,0.186887
scene_10991,7,True,no,0.212100,0.231470
scene_12356,8,False,no,0.093518,0.204075
scene_12111,8,True,no,0.182252,0.254170
scene_12589,7,False,yes,0.184725,0.214470
scene_10067,6,True,no,0.055211,0.103827
scene_12196,8,True,yes,0.134725,0.202110
scene_14859,8,False,no,0.120462,0.245042
scene_12048,8,True,no,0.062864,0.171050
scene_14768,4,True,no,0.032631,0.043151
scene_14804,6,True,no,0.039839,0.262573
scene_11873,7,True,yes,0.227276,0.188422
scene_12552,8,True,yes,0.148521,0.209529
scene_13950,7,True,no,0.161659,0.158912
scene_14040,8,True,no,0.177121,0.285040
scene_10977,8,True,no,0.135596,0.221864
scene_10195,8,True,no,0.105701,0.410993
scene_14731,7,False,no,0.297677,0.347513
scene_11234,5,False,yes,0.019053,0.080040
scene_10974,7,True,no,0.013546,0.175926
scene_11181,7,True,no,0.129140,0.145761
scene_10456,8,False,no,0.167537,0.252770
scene_14415,8,True,no,0.062734,0.224871
scene_12162,7,True,no,0.070993,0.118333
scene_12494,8,False,no,0.147265,0.263042
scene_13660,8,True,no,0.103177,0.195313
scene_14279,7,False,no,0.085447,0.120480
scene_10613,8,False,no,0.128395,0.175473
scene_10884,7,False,no,0.061583,0.153102
scene_13356,7,False,no,0.182559,0.217098
scene_10077,8,True,yes,0.091968,0.162141
scene_10324,8,True,no,0.097581,0.153900
scene_14113,8,False,no,0.144091,0.205769
scene_12521,7,True,yes,0.142315,0.175664
scene_11838,8,False,yes,0.233772,0.250851
scene_13156,7,True,yes,0.190230,0.217312
scene_12891,8,False,no,0.194400,0.242894
scene_14592,8,False,no,0.171834,0.268895
scene_12853,8,True,no,0.145500,0.212292
scene_11936,7,False,no,0.041749,0.200981
scene_13535,6,False,no,0.168882,0.135063
scene_10156,8,False,no,0.208397,0.224439
scene_13199,8,True,no,0.118247,0.203281
scene_10599,7,False,yes,0.194272,0.244375
scene_11374,8,True,no,0.147216,0.243786
scene_14676,8,True,no,0.160273,0.235318
scene_12929,7,False,no,0.024044,0.153972
scene_13765,7,False,no,0.181912,0.267382
scene_11306,7,False,no,0.141777,0.164693
scene_14281,8,True,no,0.116786,0.211996
scene_10920,7,False,no,0.085986,0.186607
scene_13995,8,True,no,0.123559,0.164751
scene_13475,7,False,no,0.150268,0.216115
scene_14152,7,True,no,0.161127,0.210884
scene_10966,7,True,no,0.112895,0.175635
scene_11532,8,True,no,0.172150,0.296416
scene_12057,8,True,no,0.078489,0.215605
scene_11624,8,False,no,0.236190,0.359947
scene_10218,8,False,no,0.163030,0.178407
scene_13767,7,True,no,0.138782,0.199403
scene_10109,7,False,yes,0.009871,0.191920
scene_13366,8,False,no,0.086795,0.329083
scene_11848,7,False,no,0.089739,0.160654
scene_10910,7,False,yes,0.108987,0.176161
scene_13499,8,False,yes,0.105493,0.219121
scene_14985,8,False,no,0.169842,0.257389
scene_10604,4,True,no,0.093494,0.084255
scene_13668,7,False,no,0.001039,0.144241
scene_14135,8,False,yes,0.110849,0.201625
scene_11118,7,False,yes,0.224040,0.270920
scene_14721,6,True,no,0.039733,0.138495
scene_13127,7,False,no,0.162531,0.130767
scene_10343,7,False,no,0.175477,0.144248
scene_13164,7,False,no,0.136312,0.154409
scene_14454,6,False,no,0.047385,0.093493
scene_12114,8,True,no,0.058126,0.149313
scene_12915,6,True,yes,0.056871,0.059024
scene_14265,8,True,no,0.243815,0.299789
scene_14481,7,False,no,0.117008,0.149017
scene_11521,8,True,no,0.194000,0.280802
scene_14320,8,True,no,0.096240,0.194384
scene_12627,8,False,no,0.157776,0.258550
scene_10213,8,False,no,0.243351,0.316986
scene_14751,7,True,no,0.016248,0.157387
scene_14837,8,False,no,0.087846,0.205144
scene_14282,7,False,no,0.085886,0.153798
scene_10818,8,False,no,0.148408,0.220188
scene_10664,8,False,no,0.127200,0.273622
scene_11715,8,True,no,0.331202,0.340830
scene_12161,7,True,no,0.171976,0.280240
scene_14300,7,False,no,0.159132,0.154940
scene_11565,7,True,no,0.170530,0.212218
scene_11155,6,False,no,0.264929,0.227087
scene_14159,7,True,no,0.098740,0.142492
scene_14810,7,False,no,0.118663,0.119800
scene_14741,8,False,no,0.103500,0.250754
scene_13250,6,False,no,0.066604,0.142691
scene_11507,8,True,no,0.117300,0.234040
scene_13368,8,False,no,0.083386,0.249487
scene_11922,7,False,yes,0.046210,0.137199
scene_11268,8,False,no,0.064911,0.219550
scene_14295,7,False,no,0.034017,0.181426
scene_14148,8,False,no,0.176241,0.281515
scene_10959,7,False,no,0.239724,0.238028
scene_13338,8,False,no,0.057566,0.177388
scene_13068,8,False,no,0.153108,0.223745
scene_13083,8,False,no,0.085905,0.217496
scene_11168,6,False,yes,0.047213,0.071896
scene_14980,8,False,no,0.066220,0.181596
scene_11820,8,True,no,0.167531,0.228843
scene_10973,8,False,no,0.121218,0.221099
scene_12949,8,False,no,0.196253,0.260941
scene_13840,8,True,no,0.149815,0.194297
scene_11493,7,True,no,0.183268,0.220479
scene_13566,8,False,no,0.175252,0.269856
scene_14094,8,True,yes,0.065903,0.114171
scene_14502,8,True,no,0.075456,0.197273
scene_13560,7,True,yes,0.058838,0.219143
scene_10679,8,False,no,0.083684,0.218051
scene_13713,7,True,no,0.001908,0.222768
scene_13160,7,True,no,0.025977,0.129397
scene_14046,8,True,no,0.142979,0.247691
scene_10741,8,False,no,0.090887,0.269238
scene_10665,8,True,no,0.190876,0.257799
scene_10632,7,True,no,0.172434,0.214622
scene_11544,8,True,no,0.062735,0.107816
scene_13626,8,True,no,0.121054,0.207730
scene_10537,6,False,no,0.077154,0.117751
scene_13395,7,False,yes,0.185786,0.139218
scene_14130,8,True,no,0.088632,0.292993
scene_11380,7,True,yes,0.032886,0.306261
scene_14654,7,False,no,0.120634,0.157337
scene_13312,7,True,no,0.040202,0.222870
scene_13217,7,False,no,0.204101,0.260875
scene_13027,7,False,no,0.105260,0.137401
scene_12211,7,True,no,0.099597,0.232931
scene_13159,8,True,no,0.081429,0.174772
scene_12080,8,False,no,0.041954,0.179635
scene_14759,8,False,no,0.177165,0.187710
scene_13932,8,False,no,0.097906,0.316202
scene_10316,7,False,no,0.057242,0.106708
scene_14475,7,False,yes,0.031099,0.296865
scene_14684,7,True,no,0.154256,0.204879
scene_10928,8,True,no,0.101874,0.193944
scene_10787,8,True,no,0.131980,0.227103
scene_11992,7,False,no,0.168352,0.208605
scene_13140,7,True,no,0.102373,0.167923
scene_11400,8,True,no,0.108440,0.184813
scene_10878,7,False,no,0.031299,0.253406
scene_13517,8,True,no,0.268681,0.216175
scene_13513,7,False,no,0.145450,0.157898
scene_13805,7,True,no,0.170129,0.195239
scene_10074,8,True,no,0.149218,0.234452
scene_13601,8,True,yes,0.058704,0.263791
scene_12083,7,False,yes,0.064238,0.159026
scene_11735,8,True,no,0.173714,0.290680
scene_13777,8,False,no,0.104784,0.211212
scene_13279,8,True,no,0.054185,0.128091
scene_10383,8,True,yes,0.081002,0.177527
scene_12157,7,True,no,0.039632,0.107647
scene_12809,7,True,no,0.164455,0.293261
scene_14270,8,False,no,0.083268,0.194546
scene_14244,8,True,yes,0.299012,0.279159
scene_13850,8,True,yes,0.093751,0.270689
scene_10524,8,True,no,0.111498,0.174391
scene_13710,8,True,no,0.258998,0.224674
scene_13653,8,True,no,0.183986,0.205601
scene_11543,8,True,no,0.111823,0.185492
scene_12290,6,True,no,0.150512,0.193422
scene_14737,8,True,no,0.204495,0.231754
scene_13483,8,False,no,0.087281,0.161318
scene_12905,7,False,no,0.148242,0.231937
scene_12438,8,False,no,0.258065,0.352195
scene_10529,8,False,no,0.299436,0.362265
scene_11606,8,False,yes,0.123598,0.186664
scene_14586,7,False,yes,0.037734,0.153102
scene_12862,8,False,no,0.095268,0.273127
scene_12688,8,False,no,0.086303,0.141471
scene_13381,7,True,no,0.123113,0.172035
scene_11433,7,True,no,0.242102,0.256734
scene_10580,7,True,no,0.043639,0.173996
scene_14084,8,True,no,0.182057,0.249787
scene_12387,8,False,no,0.201059,0.297311
scene_10333,7,False,no,0.188723,0.294774
scene_11366,7,True,no,0.087737,0.119747
scene_10616,7,True,no,0.278351,0.244269
scene_12469,6,False,no,0.086395,0.076219
scene_13549,8,True,no,0.082994,0.174764
scene_12966,7,False,no,0.225042,0.241919
scene_11033,5,True,yes,0.065571,0.080178
scene_11164,7,True,yes,0.075792,0.101410
scene_11584,7,True,no,0.274975,0.243939
scene_12780,7,True,yes,0.146423,0.210517
scene_12286,6,True,no,0.127460,0.157490
scene_10388,8,False,yes,0.174245,0.247619
scene_14436,7,True,yes,0.121966,0.173785
scene_13636,8,True,no,0.247422,0.354812
scene_11371,8,False,no,0.145937,0.156891
scene_12652,8,False,no,0.259197,0.207910
scene_14296,7,True,no,0.071942,0.279668
scene_13235,8,False,no,0.179481,0.191417
scene_13680,7,False,yes,0.047188,0.181395
scene_12449,7,False,no,0.108900,0.149890
scene_12782,8,True,no,0.067872,0.232472
scene_11386,8,False,no,0.185834,0.266545
scene_13174,8,True,no,0.115666,0.219132
scene_11675,7,True,no,0.168359,0.169028
scene_11587,8,True,no,0.113411,0.268790
scene_11159,8,True,yes,0.225300,0.218747
scene_11528,7,False,no,0.051390,0.149732
scene_11491,7,False,no,0.073149,0.125242
scene_10651,8,False,no,0.172898,0.208719
scene_12498,7,True,no,0.149375,0.214062
scene_12142,8,False,yes,0.112043,0.312782
scene_13384,8,False,no,0.209105,0.238476
scene_14920,8,True,no,0.111895,0.179364
scene_11794,8,True,no,0.100482,0.171161
scene_12900,8,True,no,0.129167,0.201685
scene_11015,7,False,yes,0.074394,0.212914
scene_14450,7,False,no,0.120110,0.184957
scene_10707,8,True,no,0.132336,0.297424
scene_12647,8,False,no,0.206477,0.285311
scene_14408,8,False,no,0.112681,0.160722
scene_10345,8,False,no,0.114838,0.182185
scene_12927,6,False,no,0.118630,0.180254
scene_11407,7,True,no,0.068144,0.296678
scene_10424,7,True,yes,0.119274,0.130500
scene_11846,8,True,no,0.166940,0.278374
scene_10253,8,False,no,0.069110,0.242055
scene_14763,6,False,no,0.047618,0.152682
scene_12054,7,False,no,0.084493,0.149746
scene_11949,8,True,yes,0.300347,0.253703
scene_14677,7,True,yes,0.000832,0.145039
scene_11317,8,True,no,0.085910,0.169803
scene_10772,7,False,no,0.086166,0.180493
scene_12670,8,True,no,0.151739,0.268755
scene_12342,8,False,yes,0.091284,0.192648
scene_11843,7,False,no,0.056793,0.128376
scene_10168,7,True,yes,0.084395,0.124119
scene_13578,7,True,no,0.133309,0.153684
scene_13246,8,False,no,0.208707,0.228466
scene_14936,8,True,no,0.061017,0.219328
scene_12378,8,True,no,0.161372,0.212028
scene_11896,8,True,no,0.057855,0.198529
scene_11575,8,True,no,0.081667,0.297078
scene_12077,8,True,no,0.067139,0.108159
scene_12434,8,False,yes,0.097075,0.167261
scene_13662,7,False,no,0.190367,0.238906
scene_13832,6,True,no,0.021215,0.132889
scene_14194,7,True,no,0.143419,0.183037
scene_10314,8,False,yes,0.117563,0.253435
scene_11176,7,False,no,0.100162,0.194004
scene_14266,7,True,no,0.111756,0.242277
scene_10233,8,False,yes,0.171015,0.218347
scene_10154,8,False,no,0.301265,0.324624
scene_13665,8,True,no,0.076256,0.135917
scene_11892,8,False,no,0.124410,0.249970
scene_11272,7,False,no,0.171309,0.190067
scene_10303,8,False,no,0.111216,0.194226
scene_13552,7,False,no,0.072704,0.149816
scene_11442,8,True,no,0.152557,0.240121
scene_10230,7,True,no,0.115081,0.217620
scene_14551,8,False,no,0.154349,0.248800
scene_11126,7,True,yes,0.205756,0.252873
scene_13999,8,True,no,0.098781,0.261757
scene_11241,7,True,no,0.089096,0.222982
scene_12587,7,False,no,0.077882,0.131059
scene_11812,8,False,no,0.171090,0.168800
scene_14473,7,True,no,0.184888,0.264530
scene_10279,7,True,yes,0.135857,0.246308
scene_11802,8,False,no,0.110514,0.191692
scene_10619,8,True,no,0.126127,0.180940
scene_11295,7,True,no,0.119143,0.132837
scene_14576,8,False,yes,0.073844,0.219484
scene_14647,8,False,no,0.125319,0.195364
scene_12559,7,False,yes,0.196482,0.248766
scene_13800,8,False,no,0.142508,0.216486
scene_12634,7,False,no,0.151200,0.109615
scene_14222,8,True,yes,0.111017,0.137624
scene_12791,7,True,no,0.126758,0.167096
scene_11839,8,True,no,0.209928,0.218145
scene_13880,7,False,no,0.182712,0.205074
scene_14962,8,False,no,0.107384,0.189087
scene_12310,7,True,no,0.167795,0.198659
scene_13479,7,True,no,0.129046,0.132488
scene_11901,7,False,no,0.211303,0.281355
scene_12024,6,False,no,0.128697,0.120784
scene_12573,8,False,yes,0.107542,0.205398
scene_13167,8,False,no,0.165084,0.247609
scene_10726,8,True,no,0.163198,0.215177
scene_13845,7,False,yes,0.159601,0.245551
scene_12685,7,False,no,0.037779,0.102200
scene_13111,7,True,yes,0.062861,0.147494
scene_14938,8,True,no,0.251706,0.246237
scene_10627,8,True,no,0.195494,0.327803
scene_12468,7,False,no,0.069411,0.106690
scene_10711,7,True,no,0.215906,0.218805
scene_10809,7,True,no,0.144222,0.196751
scene_11049,8,True,yes,0.160214,0.190149
scene_10600,7,False,no,0.129398,0.210807
scene_10422,7,True,no,0.175578,0.260607
scene_13753,8,True,no,0.153929,0.230169
scene_13708,8,False,yes,0.143132,0.270691
scene_13341,7,False,no,0.114742,0.194841
scene_12644,8,True,no,0.134029,0.215333
scene_13357,8,True,no,0.172066,0.209310
scene_12981,8,True,no,0.155265,0.234037
scene_11439,8,False,no,0.251916,0.250607
scene_11432,7,True,no,0.219912,0.194038
scene_13181,7,True,no,0.290466,0.237252
scene_14786,7,True,no,0.174071,0.231617
scene_12089,6,True,no,0.198182,0.191413
scene_14184,7,True,no,0.172591,0.179944
scene_10468,5,True,no,0.052696,0.071341
scene_13501,8,False,no,0.069281,0.183767
scene_12091,7,False,no,0.321048,0.274782
scene_10312,8,True,no,0.202261,0.185726
scene_10689,7,False,no,0.139879,0.251757
scene_13193,7,True,no,0.138748,0.260287
scene_11365,7,True,no,0.138042,0.188072
scene_13663,7,True,yes,0.101951,0.132960
scene_14635,8,False,no,0.130273,0.194928
scene_14317,7,False,no,0.317688,0.270587
scene_11271,8,False,no,0.204102,0.317472
scene_13926,8,True,no,0.100789,0.251715
scene_10322,8,False,no,0.054965,0.121667
scene_12147,8,False,no,0.130371,0.339529
scene_11641,8,True,no,0.067708,0.211828
scene_12413,7,True,no,0.015568,0.182896
scene_11785,8,False,no,0.050255,0.180440
scene_10997,7,True,no,0.106010,0.218923
scene_10434,8,True,no,0.078541,0.268289
scene_11789,4,False,no,0.035020,0.078626
scene_10360,8,False,no,0.107537,0.182438
scene_13669,7,True,no,0.150199,0.256123
scene_12826,7,True,no,0.037117,0.112263
scene_11885,7,True,no,0.044814,0.171154
scene_12532,8,False,yes,0.050380,0.245099
scene_14260,8,False,no,0.230815,0.245826
scene_10704,7,True,no,0.131886,0.185636
scene_11331,7,True,yes,0.169521,0.172277
scene_10085,8,False,yes,0.193095,0.249500
scene_11660,8,False,no,0.243040,0.376749
scene_13847,7,False,no,0.141421,0.187149
scene_14710,8,True,yes,0.084477,0.175305
scene_11711,8,True,yes,0.063521,0.155364
scene_12623,8,True,yes,0.194418,0.251979
scene_14332,7,False,no,0.072810,0.126629
scene_11657,7,False,no,0.065797,0.089380
scene_12349,7,False,no,0.177683,0.224422
scene_11759,7,False,no,0.152106,0.252312
scene_12359,8,True,no,0.101281,0.250149
scene_14232,8,True,no,0.111936,0.216907
scene_10318,8,False,no,0.102071,0.313669
scene_11884,8,True,no,0.063433,0.225121
scene_14695,7,True,no,0.051617,0.124968
scene_11787,8,False,no,0.072189,0.164650
scene_10173,8,False,no,0.108414,0.179112
scene_13041,8,False,no,0.066991,0.223098
scene_11627,7,True,no,0.118310,0.173865
scene_14637,7,True,no,0.059489,0.102394
scene_14617,7,True,no,0.088502,0.200629
scene_13305,7,True,yes,0.209369,0.178224
scene_12738,7,True,yes,0.072717,0.122730
scene_13416,8,False,no,0.070359,0.173394
scene_12289,7,False,no,0.048415,0.202673
scene_12050,8,True,no,0.072114,0.129597
scene_13907,7,True,no,0.192494,0.279805
scene_14304,8,True,no,0.202626,0.247144
scene_12182,8,True,no,0.102283,0.226082
scene_14571,8,False,no,0.124142,0.279812
scene_10530,7,False,no,0.124854,0.209447
scene_13870,8,True,yes,0.139257,0.284162
scene_14966,7,True,no,0.025252,0.184634
scene_14822,4,False,no,0.049084,0.049250
scene_12038,7,False,no,0.061677,0.143376
scene_13445,8,True,no,0.085109,0.203932
scene_10492,8,False,yes,0.084090,0.216938
scene_13806,8,True,yes,0.217772,0.305304
scene_11186,7,False,no,0.138795,0.165466
scene_11047,7,False,no,0.134524,0.256648
scene_13132,8,True,no,0.101149,0.177445
scene_14873,8,True,no,0.186372,0.272374
scene_13531,8,True,yes,0.089162,0.214592
scene_10866,8,False,no,0.100382,0.188232
scene_11235,8,True,no,0.111309,0.155690
scene_14964,8,True,no,0.157433,0.248531
scene_10031,7,True,yes,0.111370,0.150658
scene_10224,7,True,no,0.145683,0.230635
scene_12455,8,True,no,0.228996,0.298295
scene_11619,8,False,no,0.122786,0.201594
scene_10904,8,True,no,0.095631,0.215146
scene_10186,7,False,no,0.092622,0.177007
scene_11264,8,True,yes,0.243231,0.218755
scene_14841,8,True,no,0.068879,0.143519
scene_12159,7,True,no,0.109492,0.213004
scene_14311,8,False,no,0.137644,0.209762
scene_12430,7,False,yes,0.088908,0.138393
scene_14776,6,False,no,0.033210,0.095725
scene_12779,8,False,no,0.110228,0.200089
scene_11161,7,False,no,0.237029,0.283611
scene_10455,8,True,no,0.112063,0.198053
scene_11761,7,True,no,0.161809,0.245328
scene_11414,8,True,no,0.142038,0.205559
scene_10467,6,False,yes,0.104643,0.109760
scene_12099,7,False,no,0.000985,0.214749
scene_13094,8,False,no,0.063056,0.150239
scene_10883,7,True,no,0.039017,0.142284
scene_14119,7,True,no,0.077507,0.163781
scene_11697,7,False,no,0.130563,0.206228
scene_11811,6,False,yes,0.041805,0.131959
scene_13906,8,False,yes,0.079595,0.206895
scene_14375,8,False,yes,0.090695,0.213629
scene_11737,7,True,yes,0.084464,0.124597
scene_12713,6,True,no,0.088551,0.130238
scene_11815,8,False,no,0.261254,0.269776
scene_11115,7,False,no,0.042215,0.191784
scene_10334,8,True,no,0.169764,0.260887
scene_12762,8,False,no,0.108056,0.222118
scene_14693,7,True,no,0.213092,0.147658
scene_12531,8,True,no,0.245780,0.226920
scene_14104,6,True,no,0.166994,0.167799
scene_14042,8,False,yes,0.103989,0.222629
scene_10638,8,False,no,0.149873,0.215003
scene_10215,8,False,no,0.070284,0.284321
scene_10347,8,False,no,0.300562,0.204790
scene_12443,8,False,yes,0.172397,0.246163
scene_14527,7,False,no,0.157949,0.159158
scene_13183,8,False,no,0.216932,0.330093
scene_14000,8,False,no,0.059043,0.209442
scene_12957,7,False,yes,0.077517,0.211732
scene_11277,7,False,yes,0.067018,0.129390
scene_11516,8,True,no,0.075474,0.276807
scene_10645,6,True,no,0.135308,0.209660
scene_11397,7,False,no,0.016346,0.136497
scene_13623,8,False,no,0.101785,0.150441
scene_11720,7,False,no,0.321864,0.309719
scene_11541,7,False,no,0.206161,0.132958
scene_10882,6,False,no,0.051325,0.097041
scene_14687,6,False,no,0.001071,0.072980
scene_13058,8,False,yes,0.125632,0.251500
scene_13735,8,False,no,0.134384,0.211015
scene_10125,8,False,no,0.170166,0.295864
scene_13632,8,False,no,0.175145,0.369197
scene_14369,8,True,no,0.166840,0.203881
scene_14808,8,True,yes,0.145308,0.239669
scene_10285,7,True,no,0.221624,0.286825
scene_11642,8,False,yes,0.104804,0.164402
scene_12693,8,True,no,0.175557,0.261979
scene_12320,8,False,yes,0.111096,0.154688
scene_14144,8,False,no,0.125025,0.226804
scene_10744,8,True,yes,0.045032,0.183287
scene_10025,8,True,yes,0.102536,0.200899
scene_11438,7,True,no,0.306183,0.290963
scene_11392,7,False,no,0.131485,0.174330
scene_13884,8,False,no,0.112481,0.185831
scene_13124,8,False,no,0.077285,0.224080
scene_12880,8,False,yes,0.176705,0.243053
scene_11120,8,True,no,0.177342,0.239781
scene_10739,7,False,yes,0.159563,0.181384
scene_14440,8,True,yes,0.080635,0.216501
scene_11096,8,True,yes,0.147398,0.277448
scene_12842,7,False,yes,0.236944,0.327981
scene_13400,5,False,no,0.044342,0.089090
scene_12695,8,False,no,0.196108,0.226833
scene_12495,7,False,no,0.000767,0.235306
scene_10107,8,False,no,0.085592,0.178164
scene_12281,8,False,no,0.085765,0.144477
scene_12633,8,True,no,0.078102,0.207650
scene_13813,7,True,no,0.170902,0.230488
scene_12514,8,True,no,0.150477,0.272052
scene_12547,8,True,yes,0.149048,0.240707
scene_13355,8,False,no,0.162013,0.281164
scene_14515,8,True,no,0.277884,0.282899
scene_12298,8,False,no,0.083073,0.211084
scene_14067,8,True,no,0.196644,0.268762
scene_11758,7,False,no,0.251741,0.319035
scene_13309,8,False,no,0.127388,0.205094
scene_10927,8,True,no,0.152117,0.257700
scene_12352,7,False,no,0.212123,0.237952
scene_11142,8,False,no,0.120789,0.197991
scene_13125,6,False,no,0.167531,0.197579
scene_10471,7,True,yes,0.115713,0.163618
scene_11506,7,True,no,0.088726,0.130812
scene_13574,8,False,no,0.099244,0.202123
scene_13944,5,True,no,0.068752,0.047021
scene_11435,8,False,yes,0.096381,0.173723
scene_13814,8,True,no,0.160480,0.238394
scene_13649,7,True,yes,0.062785,0.189670
scene_10919,6,False,no,0.064533,0.074143
scene_11976,8,True,no,0.191796,0.250408
scene_14594,7,False,no,0.258076,0.278418
scene_10634,7,False,no,0.110450,0.143147
scene_14860,6,False,no,0.059993,0.189867
scene_12079,8,False,yes,0.086786,0.137448
scene_12368,8,True,no,0.115036,0.209188
scene_10425,6,True,no,0.009147,0.082856
scene_14501,8,False,no,0.214690,0.270852
scene_11280,8,True,no,0.133191,0.228457
scene_12460,8,True,no,0.138830,0.203878
scene_13960,6,False,no,0.064939,0.159773
scene_14381,8,False,no,0.096668,0.271126
scene_12955,8,False,no,0.142275,0.267175
scene_13558,8,False,no,0.163225,0.179825
scene_11733,7,False,no,0.072169,0.224464
scene_13075,7,True,no,0.034288,0.167425
scene_12727,7,True,no,0.045904,0.160516
scene_11449,7,True,no,0.052630,0.135984
scene_14095,8,True,yes,0.165251,0.144173
scene_13739,8,False,no,0.128039,0.251006
scene_12746,7,False,no,0.088001,0.137388
scene_11351,8,True,no,0.072628,0.187641
scene_14349,8,False,no,0.213173,0.198282
scene_12301,7,False,no,0.023772,0.212301
scene_12403,8,True,no,0.089101,0.286042
scene_10245,7,True,no,0.033690,0.200376
scene_14183,8,True,no,0.059152,0.270078
scene_13700,8,False,no,0.143015,0.235540
scene_13328,7,False,no,0.150787,0.152361
scene_11527,7,False,no,0.115593,0.143008
scene_13028,8,False,no,0.145943,0.179719
scene_13051,7,True,no,0.168279,0.262405
scene_10396,7,False,no,0.101908,0.181684
scene_11769,8,True,no,0.079580,0.311804
scene_10382,7,True,no,0.032091,0.142665
scene_10349,7,True,no,0.033922,0.208785
scene_14455,8,True,no,0.055600,0.132020
scene_10374,8,True,yes,0.147811,0.258362
scene_10274,8,True,no,0.075546,0.129230
scene_11943,8,True,no,0.181002,0.331308
scene_12815,8,False,no,0.205775,0.300423
scene_10626,7,False,no,0.167200,0.249841
scene_11534,8,True,no,0.111183,0.244848
scene_14632,7,True,no,0.158047,0.282493
scene_12726,8,True,no,0.177764,0.223351
scene_13595,7,True,no,0.164763,0.304769
scene_11749,7,False,no,0.316044,0.300721
scene_11281,7,True,no,0.215070,0.231485
scene_10390,8,True,no,0.104212,0.254518
scene_14935,8,False,no,0.055126,0.252600
scene_11704,8,False,yes,0.196149,0.209655
scene_14397,8,False,no,0.202524,0.323072
scene_11858,8,True,no,0.100414,0.283123
scene_13392,6,False,no,0.051558,0.083173
scene_11389,7,True,no,0.168600,0.202218
scene_14678,8,True,no,0.162803,0.326633
scene_10936,8,False,yes,0.142372,0.251879
scene_11850,8,True,no,0.261497,0.319593
scene_11762,8,False,no,0.154193,0.252287
scene_10881,7,True,no,0.075177,0.167693
scene_13548,8,False,yes,0.318651,0.333012
scene_14833,7,False,no,0.069386,0.171315
scene_12259,8,False,no,0.103844,0.192077
scene_13151,8,False,no,0.165669,0.229483
scene_13598,7,True,no,0.173416,0.265688
scene_12667,8,False,yes,0.086141,0.164503
scene_14056,7,True,yes,0.112247,0.157683
scene_13496,7,True,yes,0.085745,0.160620
scene_14729,8,False,no,0.179267,0.309044
scene_12876,8,True,yes,0.051310,0.140972
scene_13251,5,False,no,0.134701,0.120049
scene_13750,8,True,no,0.056554,0.121228
scene_11763,8,True,no,0.132461,0.214394
scene_12480,8,False,no,0.070771,0.218336
scene_12071,7,True,yes,0.067727,0.111044
scene_13779,8,True,yes,0.082036,0.221202
scene_14519,8,False,no,0.090037,0.168777
scene_12174,7,True,no,0.157836,0.233836
scene_14445,8,False,no,0.142911,0.279907
scene_13818,8,False,yes,0.064960,0.151488
scene_14618,8,False,no,0.101113,0.172764
scene_12918,7,True,no,0.163794,0.204010
scene_12247,7,False,no,0.089323,0.216623
scene_12398,7,True,no,0.099660,0.163058
scene_12594,8,False,no,0.100540,0.193042
scene_12558,8,False,no,0.157333,0.347881
scene_11127,8,False,no,0.131186,0.187079
scene_10517,8,True,no,0.060951,0.274941
scene_10269,7,True,no,0.187592,0.184903
scene_10608,7,True,no,0.160930,0.129474
scene_14203,7,True,no,0.254045,0.225128
scene_11320,8,True,yes,0.120851,0.228211
scene_10330,7,True,no,0.170982,0.173928
scene_10301,7,True,yes,0.127696,0.217980
scene_13755,7,False,no,0.089327,0.116744
scene_12919,8,False,no,0.119128,0.244630
scene_12009,8,False,no,0.174478,0.203727
scene_10443,8,False,yes,0.045013,0.180268
scene_12812,8,True,no,0.112098,0.203106
scene_14689,7,False,no,0.094903,0.163665
scene_11646,8,True,no,0.112960,0.198902
scene_13473,7,False,yes,0.161903,0.315383
scene_14844,8,False,no,0.121574,0.141551
scene_10249,7,True,no,0.124243,0.196886
scene_10127,8,False,no,0.195430,0.263945
scene_12636,7,False,no,0.231579,0.218834
scene_14917,7,False,no,0.172473,0.236648
scene_14466,8,False,no,0.137034,0.211906
scene_12136,8,True,yes,0.122650,0.184748
scene_12700,8,True,no,0.171926,0.268492
scene_14359,7,False,no,0.237180,0.310558
scene_13211,7,True,no,0.159250,0.261577
scene_12980,8,True,no,0.099025,0.248148
scene_10177,7,True,no,0.207936,0.215373
scene_14208,8,False,no,0.160888,0.304215
scene_10908,8,True,no,0.076976,0.202140
scene_12064,8,True,no,0.192403,0.241578
scene_11852,7,False,no,0.167088,0.194947
scene_14725,8,False,no,0.165320,0.321013
scene_12432,7,True,no,0.153170,0.175908
scene_12103,8,False,no,0.140505,0.211394
scene_11483,8,False,no,0.152680,0.232730
scene_13188,8,True,yes,0.078466,0.180803
scene_14402,7,False,no,0.081873,0.150025
scene_11951,7,False,yes,0.208566,0.262550
scene_14988,8,True,no,0.081513,0.196891
scene_13056,7,False,no,0.170634,0.161683
scene_14793,7,True,yes,0.144564,0.179602
scene_14064,8,False,no,0.123591,0.220116
scene_11725,8,False,no,0.240564,0.340995
scene_13040,8,True,no,0.131372,0.330745
scene_10520,7,True,no,0.084366,0.148795
scene_10214,7,False,no,0.095609,0.182625
scene_11087,8,False,yes,0.147362,0.231340
scene_10714,8,False,no,0.085660,0.188041
scene_14675,7,True,no,0.144099,0.150572
scene_11327,7,True,yes,0.213701,0.219032
scene_12412,8,True,no,0.173186,0.278311
scene_10975,8,False,no,0.131997,0.192300
scene_13232,8,False,no,0.087430,0.209724
scene_13238,8,False,no,0.146076,0.222286
scene_11468,8,False,yes,0.210654,0.296272
scene_10060,8,True,no,0.092467,0.139649
scene_10540,8,True,no,0.114022,0.221752
scene_10105,8,False,no,0.089382,0.240178
scene_13551,8,True,no,0.095814,0.278448
scene_12709,8,False,no,0.051046,0.230135
scene_10451,4,False,no,0.051831,0.057039
scene_10715,8,True,yes,0.111061,0.229444
scene_13273,8,True,no,0.144075,0.207547
scene_13899,6,True,no,0.057568,0.163735
scene_13774,7,True,yes,0.125466,0.292491
scene_10533,6,False,yes,0.037788,0.073171
scene_10593,7,True,yes,0.163219,0.250370
scene_13519,7,False,no,0.210497,0.190397
scene_11136,6,True,no,0.076824,0.154457
scene_10011,7,False,no,0.098430,0.252290
scene_12442,8,True,no,0.118005,0.183856
scene_13691,7,False,no,0.118513,0.108955
scene_13883,8,True,yes,0.150876,0.289148
scene_10605,6,False,no,0.099005,0.124061
scene_13173,7,False,no,0.082729,0.132641
scene_14041,8,True,no,0.152131,0.265808
scene_10955,8,True,no,0.068706,0.119924
scene_14070,8,False,no,0.264395,0.325822
scene_13333,8,False,no,0.229654,0.316645
scene_10885,8,True,yes,0.123709,0.248146
scene_14949,8,False,no,0.135147,0.276141
scene_14672,8,False,no,0.121341,0.269944
scene_12271,7,False,yes,0.080204,0.125388
scene_13136,8,False,no,0.332666,0.399225
scene_14460,7,True,no,0.048938,0.241389
scene_10281,8,True,yes,0.206452,0.276077
scene_14480,6,False,yes,0.114645,0.117622
scene_12313,5,False,yes,0.001152,0.064489
scene_13226,8,True,no,0.056506,0.299471
scene_10516,7,True,no,0.110170,0.126111
scene_10998,8,True,no,0.053005,0.225493
scene_11367,8,False,no,0.205789,0.259216
scene_13225,8,False,no,0.111883,0.149714
scene_10207,7,True,no,0.093253,0.247243
scene_10087,6,True,no,0.020178,0.070838
scene_14111,8,False,no,0.131175,0.166501
scene_14992,7,True,no,0.093819,0.138243
scene_12629,8,True,no,0.105026,0.240719
scene_10869,8,False,no,0.135221,0.298712
scene_12716,7,False,no,0.062611,0.139500
scene_14944,8,False,no,0.147872,0.230130
scene_13825,7,True,no,0.247725,0.283100
scene_13378,8,True,yes,0.039215,0.138156
scene_13476,7,False,no,0.114985,0.155387
scene_10501,7,True,yes,0.037741,0.280268
scene_10778,8,False,no,0.090347,0.274870
scene_11131,7,False,yes,0.010300,0.097556
scene_11631,8,True,no,0.139152,0.240754
scene_10248,8,True,no,0.076431,0.229794
scene_14283,8,True,yes,0.207978,0.263206
scene_12642,8,False,no,0.099267,0.243358
scene_13696,7,False,yes,0.107412,0.162060
scene_14201,7,False,no,0.161655,0.153922
scene_11505,7,True,no,0.254506,0.291721
scene_14662,7,False,yes,0.070625,0.200910
scene_10407,7,False,no,0.176745,0.227113
scene_11486,5,False,no,0.047896,0.085710
scene_14644,8,False,yes,0.108290,0.181866
scene_10968,8,True,yes,0.115309,0.198074
scene_11822,8,False,no,0.132860,0.217646
scene_11817,8,False,no,0.168940,0.226952
scene_10890,7,True,no,0.063062,0.133288
scene_11518,8,True,no,0.061965,0.118708
scene_13947,8,False,no,0.103110,0.224231
scene_10134,8,False,no,0.158239,0.297094
scene_11146,7,True,no,0.214952,0.247149
scene_11672,7,True,yes,0.092242,0.108221
scene_12522,8,False,no,0.152203,0.236360
scene_12005,8,False,no,0.062516,0.202350
scene_13417,8,False,no,0.162747,0.285443
scene_10406,8,True,no,0.095322,0.192444
scene_12683,8,True,no,0.121215,0.190400
scene_11700,8,False,no,0.166182,0.240977
scene_14500,8,True,no,0.058888,0.223598
scene_14054,7,False,yes,0.072529,0.149852
scene_12978,8,False,no,0.172418,0.323836
scene_13042,7,True,no,0.270722,0.211982
scene_12406,7,True,no,0.125359,0.109030
scene_14931,7,False,no,0.154814,0.174469
scene_14352,8,True,no,0.154702,0.188480
scene_12854,7,True,no,0.106215,0.208585
scene_13045,8,True,no,0.118024,0.231798
scene_12748,8,False,no,0.079196,0.182502
scene_11520,8,True,no,0.219815,0.207316
scene_11859,7,True,no,0.115362,0.145484
scene_11592,8,False,no,0.094226,0.202999
scene_10556,8,True,no,0.174997,0.200481
scene_12202,8,True,yes,0.225224,0.324723
scene_14180,7,True,no,0.150275,0.165065
scene_14318,8,True,no,0.082037,0.210418
scene_10399,8,False,no,0.146589,0.176448
scene_10476,8,False,no,0.116256,0.294224
scene_12018,7,True,no,0.171791,0.209087
scene_11247,6,True,no,0.031576,0.127453
scene_10152,7,True,no,0.090723,0.144577
scene_10185,8,False,no,0.071525,0.281684
scene_10573,7,False,no,0.082168,0.171935
scene_10478,7,True,yes,0.117031,0.150986
scene_11673,8,True,no,0.146600,0.268242
scene_12660,8,False,no,0.123719,0.292677
scene_13949,8,True,no,0.100257,0.206453
scene_12873,8,False,no,0.128750,0.216819
scene_14414,8,False,no,0.146524,0.269104
scene_11902,7,False,no,0.052674,0.125771
scene_13377,7,False,no,0.089417,0.202874
scene_12603,6,True,yes,0.126039,0.147541
scene_10258,6,False,no,0.121462,0.110831
scene_12653,7,True,no,0.260808,0.311655
scene_10907,7,True,yes,0.261744,0.297809
scene_12499,8,True,no,0.247684,0.253522
scene_13751,7,False,yes,0.069574,0.106510
scene_11344,8,False,no,0.163575,0.258381
scene_12300,7,False,no,0.084470,0.106117
scene_14151,8,True,no,0.141474,0.145408
scene_12538,7,True,no,0.080224,0.168600
scene_10102,8,False,no,0.088913,0.242129
scene_11932,8,True,yes,0.116677,0.184379
scene_10958,8,False,no,0.149765,0.208535
scene_14442,8,False,no,0.215943,0.292173
scene_14780,7,False,no,0.144872,0.233730
scene_11522,8,True,yes,0.180129,0.197656
scene_12616,8,False,yes,0.170631,0.212300
scene_13371,8,False,yes,0.098380,0.205724
scene_11561,8,True,no,0.114848,0.204997
scene_12395,8,False,no,0.150325,0.259727
scene_14365,8,False,no,0.198962,0.190203
scene_14433,7,False,no,0.176516,0.260383
scene_13069,7,True,no,0.154458,0.221242
scene_14339,8,False,no,0.101630,0.202477
scene_11510,8,True,no,0.239458,0.236032
scene_11863,7,False,no,0.002212,0.140851
scene_10507,8,True,no,0.168087,0.255036
scene_12198,8,False,no,0.075109,0.254658
scene_14795,8,True,no,0.178266,0.285016
scene_10057,7,False,no,0.134740,0.176697
scene_11617,7,True,no,0.189258,0.219597
scene_13241,8,False,yes,0.139651,0.188369
scene_13876,6,True,no,0.000933,0.084691
scene_13864,8,False,yes,0.071569,0.222708
scene_14593,8,True,no,0.063925,0.198984
scene_14351,8,True,no,0.055640,0.121621
scene_13467,7,True,no,0.319896,0.307926
scene_11628,8,False,no,0.242740,0.270295
scene_14039,7,False,no,0.178482,0.223538
scene_12968,6,True,no,0.097051,0.081466
scene_12772,8,True,yes,0.157485,0.231896
scene_13526,8,False,no,0.109485,0.214202
scene_10925,8,True,yes,0.075452,0.223740
scene_13091,8,False,yes,0.272808,0.250511
scene_10577,7,True,no,0.124472,0.185005
scene_10308,8,True,no,0.069331,0.231877
scene_11919,7,False,no,0.120276,0.199749
scene_10472,8,False,no,0.106408,0.256993
scene_13297,8,True,yes,0.144313,0.188565
scene_11388,8,True,no,0.198284,0.210988
scene_13568,8,False,no,0.138422,0.208914
scene_13059,8,False,no,0.214315,0.306972
scene_14077,7,False,no,0.225356,0.258789
scene_13306,7,True,no,0.247823,0.263253
scene_14842,7,False,no,0.067449,0.130935
scene_14616,6,True,no,0.036890,0.238534
scene_13746,7,False,no,0.092720,0.122384
scene_11053,7,False,no,0.049995,0.202815
scene_10674,7,True,yes,0.269530,0.232065
scene_13404,7,True,yes,0.089255,0.137989
scene_11117,8,False,no,0.156611,0.178066
scene_14089,7,True,no,0.254659,0.239491
scene_12056,8,False,yes,0.261398,0.271999
scene_14581,7,True,no,0.083606,0.181943
scene_11499,8,True,no,0.110691,0.161562
scene_14145,8,False,yes,0.216345,0.257132
scene_12210,8,False,no,0.087147,0.268663
scene_13224,7,True,no,0.135504,0.173976
scene_10542,8,False,no,0.137115,0.258603
scene_10823,8,False,no,0.157041,0.268389
scene_10720,8,False,no,0.117653,0.174849
scene_11702,6,True,yes,0.122238,0.143614
scene_13063,8,True,no,0.101306,0.290565
scene_14925,8,True,yes,0.113603,0.349170
scene_14832,7,False,no,0.094702,0.151733
scene_14165,7,False,no,0.142912,0.161508
scene_10369,8,False,yes,0.136509,0.229785
scene_10539,6,True,no,0.108006,0.117982
scene_13001,7,True,yes,0.293407,0.336523
scene_11495,8,False,no,0.123002,0.158045
scene_12374,7,True,no,0.212861,0.291478
scene_10136,7,True,no,0.184212,0.226535
scene_14976,7,True,no,0.227072,0.184143
scene_13233,7,True,no,0.234588,0.289744
scene_11266,7,True,no,0.166672,0.223847
scene_10161,8,True,no,0.155869,0.245809
scene_12648,7,False,no,0.058250,0.131550
scene_12571,8,False,yes,0.202041,0.239950
scene_14003,6,False,no,0.231101,0.216865
scene_10398,7,True,no,0.115550,0.215960
scene_14704,8,False,no,0.127911,0.217830
scene_10561,8,False,yes,0.276168,0.332817
scene_13436,8,True,no,0.145867,0.236734
scene_14330,8,False,no,0.066196,0.136471
scene_12702,8,False,no,0.154144,0.228968
scene_13145,8,False,yes,0.090109,0.195542
scene_12954,7,False,no,0.257470,0.251767
scene_13096,8,True,yes,0.125497,0.335807
scene_12778,8,True,no,0.182353,0.269477
scene_11027,8,False,no,0.097398,0.143591
scene_12544,7,True,no,0.207810,0.255855
scene_10779,8,True,no,0.120706,0.200037
scene_12608,8,False,no,0.071766,0.341563
scene_10898,8,False,no,0.119586,0.218385
scene_11444,8,True,no,0.092852,0.125001
scene_13287,8,False,no,0.196653,0.200295
scene_12487,8,False,no,0.235597,0.169748
scene_10943,8,True,no,0.126383,0.233372
scene_13275,7,False,no,0.157999,0.137240
scene_13179,7,True,no,0.148184,0.170362
scene_11173,7,False,no,0.084878,0.127905
scene_14819,8,True,no,0.100896,0.230200
scene_13706,8,True,no,0.123624,0.254327
scene_13414,8,True,no,0.092677,0.161601
scene_12035,8,True,no,0.244342,0.251712
scene_13054,7,True,no,0.137122,0.165776
scene_12484,8,False,no,0.112796,0.196932
scene_14063,8,True,no,0.110612,0.228657
scene_14518,8,True,no,0.062193,0.178216
scene_14907,8,False,no,0.243374,0.333777
scene_13189,8,False,no,0.076846,0.165330
scene_12811,8,True,yes,0.304172,0.323168
scene_13546,8,True,no,0.256552,0.246117
scene_14738,6,True,yes,0.001122,0.105972
scene_10033,7,False,no,0.148519,0.188297
scene_11125,7,True,no,0.019714,0.159765
scene_11622,8,False,yes,0.048380,0.175479
scene_12698,7,True,no,0.125805,0.173707
scene_14116,8,True,no,0.110789,0.270586
scene_10089,8,True,yes,0.063949,0.302578
scene_11210,8,True,yes,0.206506,0.253743
scene_14900,7,True,no,0.162944,0.198221
scene_11212,8,True,no,0.097177,0.167714
scene_12355,7,False,no,0.185648,0.203591
scene_11471,7,False,no,0.225517,0.304591
scene_12343,7,False,no,0.228992,0.230981
scene_11563,8,False,yes,0.095118,0.179054
scene_10972,7,False,no,0.039434,0.087488
scene_10437,6,True,no,0.123601,0.135452
scene_11980,8,False,yes,0.114539,0.224255
scene_14488,8,False,no,0.067876,0.147866
scene_14946,8,False,no,0.072317,0.174239
scene_10816,6,False,no,0.139241,0.168871
scene_11238,8,False,yes,0.275097,0.275676
scene_14970,8,True,yes,0.141795,0.195341
scene_14062,6,True,yes,0.040403,0.201841
scene_11025,8,True,yes,0.085244,0.203879
scene_14106,8,False,yes,0.183398,0.318761
scene_14333,8,False,no,0.070119,0.179405
scene_13943,8,True,no,0.121094,0.320719
scene_12618,6,False,no,0.021491,0.150197
scene_11226,6,True,no,0.061247,0.098986
scene_12407,8,True,no,0.084773,0.194458
scene_11416,8,True,no,0.148085,0.234977
scene_13874,5,False,yes,0.066147,0.089745
scene_11810,7,True,yes,0.057708,0.245321
scene_10302,8,True,no,0.192868,0.260983
scene_10648,6,True,no,0.041116,0.135253
scene_12239,8,True,no,0.136967,0.181278
scene_12777,7,False,no,0.014528,0.180829
scene_11179,7,True,no,0.088008,0.121928
scene_13694,7,False,no,0.088485,0.133674
scene_14984,7,True,no,0.299886,0.272853
scene_13298,8,True,no,0.084637,0.170155
scene_13684,7,False,yes,0.034743,0.153543
scene_10038,8,True,no,0.211723,0.230448
scene_12733,7,True,yes,0.028588,0.314537
scene_14429,8,False,no,0.139292,0.230544
scene_11883,8,True,no,0.054002,0.233033
scene_11041,8,True,no,0.070877,0.175920
scene_12613,8,False,yes,0.140384,0.209739
scene_14299,8,False,no,0.113280,0.319006
scene_10952,7,True,no,0.080917,0.159060
scene_10587,8,True,no,0.121388,0.255991
scene_12389,7,False,no,0.102186,0.121732
scene_13741,8,False,yes,0.107703,0.200709
scene_12039,7,True,no,0.082285,0.162954
scene_10987,8,False,yes,0.136436,0.277688
scene_12800,8,True,no,0.268057,0.305922
scene_12539,8,False,no,0.220851,0.353998
scene_11567,8,False,no,0.168177,0.189088
scene_13569,7,False,no,0.230900,0.272123
scene_12497,8,False,no,0.277285,0.259703
scene_10323,8,True,no,0.095635,0.244841
scene_10718,8,True,no,0.189706,0.191603
scene_10697,8,True,no,0.066135,0.177050
scene_10738,7,True,yes,0.062146,0.147495
scene_13249,8,True,no,0.164334,0.202739
scene_12794,7,False,no,0.042116,0.221535
scene_14289,7,False,no,0.252773,0.249247
scene_11688,8,False,yes,0.154166,0.200188
scene_14702,8,True,no,0.150249,0.236435
scene_11001,6,False,no,0.033120,0.081638
scene_14514,8,True,no,0.248126,0.237093
scene_11765,7,True,no,0.075566,0.153425
scene_11536,7,False,yes,0.148770,0.229076
scene_11469,7,False,no,0.324970,0.295546
scene_11202,7,True,no,0.103889,0.221659
scene_10229,8,False,yes,0.169096,0.231411
scene_13264,8,True,no,0.260752,0.282319
scene_11329,7,True,no,0.079176,0.116598
scene_10188,7,True,no,0.160573,0.194265
scene_10118,8,False,no,0.058269,0.164456
scene_13703,8,True,no,0.075700,0.143076
scene_11227,8,False,no,0.114859,0.267766
scene_12844,7,False,no,0.091012,0.133597
scene_10682,8,False,no,0.187997,0.227270
scene_11818,8,False,no,0.060639,0.199175
scene_14069,8,False,no,0.047129,0.129745
scene_14575,8,False,no,0.137426,0.211151
scene_12885,8,False,yes,0.053824,0.134806
scene_12596,7,False,no,0.093519,0.086077
scene_13116,8,False,no,0.048702,0.174594
scene_10404,8,False,no,0.135247,0.251729
scene_14010,5,False,no,0.061497,0.072877
scene_11778,8,False,no,0.095548,0.263008
scene_10370,7,True,no,0.074050,0.168324
scene_13060,7,False,no,0.064229,0.155569
scene_10932,7,True,no,0.067349,0.209432
scene_11178,7,False,no,0.119420,0.205040
scene_13775,6,True,no,0.099222,0.142020
scene_12805,6,False,no,0.049958,0.158370
scene_12586,8,True,no,0.052061,0.191526
scene_10962,8,False,no,0.181913,0.317448
scene_10280,7,False,no,0.134504,0.127334
scene_12530,8,False,no,0.278872,0.339643
scene_10147,7,True,no,0.091200,0.126098
scene_12217,7,False,no,0.061846,0.146572
scene_13576,8,False,no,0.130214,0.232578
scene_14507,8,True,no,0.083743,0.201960
scene_13112,8,False,no,0.136996,0.206324
scene_13637,8,False,no,0.136373,0.181520
scene_12945,7,True,no,0.238240,0.245409
scene_12568,8,True,no,0.133520,0.178725
scene_14140,8,False,yes,0.119327,0.237072
scene_13911,8,True,no,0.059204,0.122443
scene_11557,6,False,no,0.049010,0.085137
scene_14610,8,True,no,0.310126,0.359471
scene_13522,7,False,no,0.090567,0.132789
scene_12764,7,False,yes,0.094872,0.202629
scene_13494,7,True,yes,0.126425,0.185500
scene_11346,8,False,no,0.106267,0.231839
scene_13491,8,True,no,0.300588,0.292314
scene_10328,8,False,no,0.315692,0.355726
scene_12662,8,False,no,0.107119,0.274770
scene_14979,8,False,no,0.095963,0.196627
scene_12839,8,False,yes,0.182169,0.209619
scene_12553,8,True,no,0.080971,0.189463
scene_11387,7,False,no,0.162644,0.229175
scene_14686,7,True,no,0.043885,0.294983
scene_14479,7,True,yes,0.193089,0.311051
scene_13203,7,False,no,0.070136,0.130953
scene_11924,7,False,yes,0.178371,0.278592
scene_10306,7,False,no,0.161385,0.168659
scene_10633,6,True,no,0.050562,0.129727
scene_13975,8,True,no,0.132174,0.279233
scene_14416,6,False,no,0.001157,0.095898
scene_14355,6,True,no,0.058558,0.111575
scene_11680,7,False,no,0.155399,0.210428
scene_10591,8,False,no,0.203214,0.219314
scene_12961,8,True,no,0.193577,0.237781
scene_10062,8,False,no,0.050704,0.176651
scene_11872,8,True,no,0.058604,0.185383
scene_13732,8,False,yes,0.119201,0.248633
scene_12155,8,False,yes,0.136009,0.260708
scene_10409,7,False,no,0.118872,0.182902
scene_11804,8,False,no,0.054257,0.200487
scene_13464,7,True,yes,0.213533,0.256567
scene_13583,6,False,no,0.039616,0.182614
scene_14419,6,False,no,0.044645,0.075385
scene_13565,7,True,no,0.068009,0.131095
scene_14209,8,False,no,0.197518,0.192449
scene_12418,8,False,no,0.304727,0.291409
scene_13957,7,True,no,0.241999,0.242564
scene_14657,8,False,no,0.080592,0.194049
scene_10518,8,False,no,0.098445,0.137941
scene_10151,7,False,no,0.307025,0.306513
scene_13954,8,False,no,0.103111,0.213422
scene_12029,8,False,no,0.071543,0.201545
scene_10624,8,True,no,0.118420,0.226565
scene_14020,7,False,no,0.001316,0.251504
scene_12671,8,True,no,0.288960,0.299889
scene_13364,8,True,no,0.227727,0.272392
scene_13248,8,False,no,0.136100,0.270496
scene_12720,8,False,no,0.200648,0.295360
scene_14051,6,True,no,0.088222,0.112112
scene_11582,8,False,no,0.088047,0.274832
scene_14120,8,False,yes,0.182771,0.228079
scene_13326,7,True,yes,0.112661,0.167150
scene_14123,7,True,no,0.066274,0.131736
scene_12890,7,True,no,0.152531,0.205481
scene_11938,8,False,no,0.209673,0.205269
scene_13052,8,False,yes,0.147370,0.227392
scene_14486,6,True,yes,0.114908,0.161327
scene_10178,7,True,no,0.154681,0.182590
scene_11683,7,True,no,0.122430,0.170583
scene_13178,8,True,no,0.056458,0.151631
scene_13509,7,True,yes,0.074358,0.168531
scene_11914,8,False,no,0.111837,0.218717
scene_14464,7,True,no,0.150853,0.183370
scene_11957,8,True,yes,0.094290,0.201900
scene_11546,8,False,no,0.073550,0.182091
scene_12637,8,False,no,0.141830,0.198615
scene_14513,7,False,no,0.126552,0.255893
scene_13092,7,False,no,0.089300,0.117202
scene_12725,5,True,yes,0.090314,0.058100
scene_12829,8,True,no,0.170705,0.296072
scene_13970,8,True,no,0.041951,0.098021
scene_13661,7,False,no,0.154147,0.221403
scene_11218,7,False,no,0.017992,0.139599
scene_14014,7,True,no,0.115553,0.146566
scene_12446,6,False,yes,0.088774,0.091201
scene_12318,8,False,no,0.112152,0.163678
scene_14231,7,False,no,0.095646,0.166615
scene_12189,7,False,no,0.079624,0.179415
scene_12786,7,False,yes,0.097157,0.134509
scene_13402,8,True,no,0.146069,0.209056
scene_14328,7,True,yes,0.061585,0.180094
scene_10572,7,False,no,0.151153,0.218495
scene_11119,7,True,yes,0.015470,0.176674
scene_11562,7,False,no,0.009289,0.235429
scene_13144,8,True,no,0.100858,0.125677
scene_11185,7,True,no,0.121202,0.188674
scene_13744,8,True,no,0.152852,0.208158
scene_11997,8,True,no,0.122486,0.203002
scene_13871,7,True,no,0.184433,0.215925
scene_13955,8,True,yes,0.119646,0.190848
scene_13406,7,False,no,0.047899,0.127642
scene_12240,7,True,no,0.104394,0.221670
scene_12391,7,False,yes,0.075429,0.109513
scene_14085,8,True,yes,0.078647,0.260278
scene_11262,8,False,no,0.062501,0.156904
scene_10963,7,True,no,0.140900,0.168064
scene_13783,7,True,no,0.158738,0.214600
scene_10930,6,False,no,0.025156,0.107970
scene_14521,7,True,yes,0.276283,0.240257
scene_10764,7,False,no,0.177241,0.206791
scene_13345,6,False,yes,0.268637,0.221268
scene_10112,8,True,no,0.103585,0.212301
scene_12546,8,False,no,0.086301,0.233484
scene_11298,8,True,no,0.079666,0.289911
scene_11961,7,False,no,0.203909,0.243140
scene_10236,7,True,no,0.056908,0.224666
scene_14496,8,True,no,0.092775,0.181630
scene_13973,8,False,no,0.147809,0.256042
scene_14679,7,True,no,0.026301,0.327057
scene_12360,8,False,no,0.128521,0.170220
scene_11074,7,True,no,0.084879,0.202002
scene_14930,7,False,no,0.119333,0.104538
scene_14661,8,False,no,0.162545,0.226383
scene_10423,8,True,no,0.058080,0.198016
scene_13624,6,False,no,0.121879,0.122705
scene_14086,8,False,no,0.164558,0.173034
scene_12965,8,True,no,0.188414,0.333328
scene_11537,8,False,no,0.129154,0.191128
scene_10445,8,False,no,0.050109,0.244075
scene_13388,7,True,no,0.109934,0.129049
scene_13787,8,True,yes,0.096835,0.239541
scene_10009,8,True,no,0.122037,0.254008
scene_13314,7,True,no,0.085059,0.167021
scene_10950,8,False,no,0.042523,0.133870
scene_12649,8,False,no,0.241419,0.317012
scene_12068,8,False,no,0.197680,0.301106
scene_12577,7,False,no,0.097070,0.142652
scene_10722,7,False,no,0.210150,0.253008
scene_13728,7,True,no,0.187668,0.249531
scene_10300,7,True,no,0.158562,0.163075
scene_13283,7,False,no,0.106117,0.181388
scene_12362,8,False,no,0.082605,0.218753
scene_14061,8,False,no,0.090385,0.260951
scene_14612,8,True,yes,0.116803,0.141298
scene_12703,8,False,no,0.181119,0.297156
scene_11318,8,True,no,0.209898,0.318893
scene_10857,8,False,no,0.152571,0.241903
scene_12631,8,True,no,0.202587,0.265915
scene_12732,8,False,no,0.098531,0.253059
scene_14554,8,True,no,0.108348,0.210833
scene_12852,7,False,no,0.095898,0.150167
scene_13853,7,False,no,0.171492,0.232100
scene_10748,7,False,no,0.036300,0.224137
scene_14259,6,True,no,0.001682,0.111623
scene_14437,8,True,no,0.160803,0.274237
scene_11487,7,True,yes,0.045794,0.195914
scene_14973,8,False,no,0.166908,0.206505
scene_14533,8,True,yes,0.097704,0.279719
scene_13857,7,True,no,0.105218,0.131197
scene_11436,7,True,no,0.250835,0.330992
scene_14400,8,False,no,0.086471,0.143380
scene_12208,7,True,no,0.189815,0.236128
scene_10169,8,True,no,0.145313,0.338981
scene_14806,7,False,no,0.203714,0.258465
scene_10749,7,True,no,0.124403,0.348900
scene_10211,7,True,no,0.184192,0.211793
scene_12052,8,False,no,0.164994,0.181055
scene_14852,8,True,no,0.106060,0.200885
scene_13542,7,True,yes,0.193392,0.144736
scene_14628,8,True,no,0.079863,0.205993
scene_10659,7,True,no,0.115700,0.162956
scene_13589,7,True,yes,0.246089,0.262717
scene_14048,8,True,no,0.174242,0.244702
scene_14102,6,False,yes,0.039708,0.181518
scene_12231,8,True,yes,0.186951,0.225115
scene_13300,7,True,no,0.197699,0.293561
scene_12492,8,False,no,0.070636,0.235209
scene_13842,8,False,no,0.166461,0.247962
scene_11019,8,False,yes,0.093595,0.183218
scene_13600,7,True,no,0.188913,0.222730
scene_12365,8,True,yes,0.165718,0.290734
scene_14845,7,False,no,0.071560,0.206274
scene_11360,8,False,no,0.079242,0.109617
scene_10489,7,False,no,0.078987,0.119549
scene_14929,8,True,no,0.199302,0.293483
scene_11166,8,False,yes,0.116734,0.237970
scene_12177,8,True,no,0.140832,0.179449
scene_11221,7,False,no,0.154522,0.200554
scene_11842,8,False,yes,0.214443,0.315289
scene_10941,6,True,no,0.031693,0.136445
scene_14503,7,True,no,0.128875,0.193039
scene_11621,8,False,yes,0.235703,0.279100
scene_14238,8,False,no,0.130173,0.214640
scene_11913,7,True,no,0.045522,0.148519
scene_10584,7,True,no,0.049800,0.160448
scene_13722,8,False,no,0.088935,0.150717
scene_12317,7,True,no,0.216793,0.219661
scene_12361,8,True,no,0.117056,0.214774
scene_11897,7,False,no,0.024166,0.105620
scene_10267,8,False,yes,0.065174,0.146140
scene_12386,8,True,no,0.109067,0.213532
scene_13852,8,False,no,0.122566,0.195632
scene_14247,8,False,no,0.139028,0.247308
scene_13349,7,True,no,0.155125,0.199700
scene_10021,8,False,no,0.086525,0.143465
scene_11283,8,True,no,0.078482,0.186963
scene_10615,8,True,yes,0.178138,0.288800
scene_11424,8,True,no,0.197192,0.271844
scene_11965,8,True,no,0.119017,0.210426
scene_11287,7,True,no,0.150873,0.159205
scene_10666,7,False,no,0.068936,0.148512
scene_12168,8,True,no,0.278243,0.308306
scene_14911,7,False,no,0.189529,0.130086
scene_11703,8,False,no,0.063183,0.178771
scene_10813,7,True,no,0.162827,0.210190
scene_10494,8,True,no,0.058876,0.275647
scene_12502,8,False,yes,0.089373,0.249010
scene_13515,8,True,yes,0.055671,0.189054
scene_12436,8,False,yes,0.175624,0.248177
scene_13629,6,False,no,0.033908,0.092586
scene_13693,7,True,no,0.075266,0.164387
scene_14449,8,False,no,0.255805,0.195240
scene_11849,8,False,no,0.118881,0.278387
scene_13412,7,False,no,0.033524,0.250717
scene_10971,7,True,no,0.014802,0.303666
scene_12034,6,True,no,0.066270,0.136901
scene_10698,7,True,no,0.162164,0.249767
scene_14812,7,True,no,0.169882,0.206339
scene_11223,7,True,no,0.160234,0.178715
scene_11243,7,False,no,0.109773,0.167257
scene_10440,8,True,no,0.149829,0.214970
scene_10607,7,True,no,0.135472,0.161532
scene_14031,8,False,yes,0.144736,0.232044
scene_13285,8,True,yes,0.114156,0.173140
scene_10536,8,True,no,0.120622,0.189254
scene_10935,8,True,yes,0.148209,0.142814
scene_13916,8,True,no,0.083131,0.229965
scene_12069,8,False,yes,0.068430,0.207486
scene_10421,8,False,no,0.199774,0.202850
scene_11511,8,True,no,0.066441,0.240703
scene_12793,7,True,no,0.140654,0.219845
scene_13611,7,False,no,0.136886,0.137697
scene_13924,8,True,no,0.100392,0.226060
scene_13848,7,False,no,0.131878,0.143050
scene_12330,8,True,no,0.119112,0.166256
scene_10100,8,False,no,0.122421,0.236999
scene_10841,8,True,no,0.082314,0.101294
scene_14024,7,False,no,0.124473,0.193931
scene_14393,8,True,yes,0.157934,0.266473
scene_12394,7,True,no,0.097315,0.121088
scene_10447,8,True,no,0.176388,0.249753
scene_10372,7,False,no,0.116545,0.172835
scene_12248,8,True,yes,0.092883,0.178223
scene_11037,8,True,yes,0.181022,0.329123
scene_10115,8,False,no,0.118419,0.296453
scene_12477,8,False,no,0.129384,0.220796
scene_14614,7,True,no,0.156733,0.199723
scene_12958,7,True,no,0.149053,0.272309
scene_11864,7,True,yes,0.032215,0.210044
scene_12427,7,True,yes,0.194138,0.151255
scene_11591,7,False,no,0.197421,0.212938
scene_10824,7,False,no,0.097345,0.130450
scene_12319,6,True,no,0.014691,0.126652
scene_12266,8,False,no,0.066041,0.156471
scene_13969,8,True,yes,0.137626,0.259726
scene_11773,7,True,no,0.001091,0.127392
scene_14773,8,True,no,0.106227,0.249588
scene_11517,7,False,no,0.025292,0.253707
scene_10980,7,True,no,0.115812,0.164344
scene_14915,7,False,no,0.048955,0.120134
scene_11578,8,False,no,0.234274,0.235004
scene_10989,8,True,no,0.123046,0.228684
scene_11889,7,False,yes,0.076740,0.123955
scene_14877,8,True,yes,0.100630,0.211172
scene_12512,7,False,no,0.105387,0.137431
scene_12220,8,True,no,0.061977,0.163139
scene_13720,8,False,no,0.249456,0.306673
scene_12884,6,False,no,0.038696,0.166819
scene_12711,7,False,no,0.041500,0.317628
scene_13488,7,False,no,0.065819,0.117056
scene_12818,7,False,no,0.103997,0.148452
scene_14530,8,True,no,0.213086,0.188988
scene_13025,8,False,no,0.101592,0.246268
scene_12509,8,True,yes,0.148157,0.258277
scene_11994,6,True,no,0.042852,0.074895
scene_14432,8,False,no,0.130366,0.229147
scene_11816,7,False,no,0.132726,0.145270
scene_12411,8,True,yes,0.080047,0.148932
scene_10763,8,True,no,0.190097,0.241989
scene_10141,8,True,no,0.235640,0.251283
scene_13674,7,True,no,0.090299,0.157200
scene_14023,8,True,yes,0.100262,0.134477
scene_13903,8,False,no,0.248566,0.226081
scene_11969,7,False,no,0.072436,0.172594
scene_14658,8,True,no,0.180021,0.213070
scene_14621,6,True,no,0.103773,0.171983
scene_11978,8,True,no,0.146859,0.206259
scene_14839,8,True,no,0.158254,0.258487
scene_11566,8,True,no,0.152928,0.188189
scene_14235,7,False,no,0.035165,0.140223
scene_10083,8,False,no,0.150866,0.231002
scene_12264,7,True,no,0.072684,0.121613
scene_12291,8,False,yes,0.095436,0.238188
scene_12790,6,False,no,0.068635,0.112978
scene_12117,7,True,no,0.030140,0.203893
scene_12908,6,True,no,0.066861,0.119997
scene_11738,8,True,no,0.087088,0.195488
scene_13997,8,False,no,0.079699,0.139643
scene_11490,7,True,no,0.183614,0.126942
scene_12663,8,True,no,0.110883,0.295599
scene_14509,8,True,yes,0.130786,0.200469
scene_10235,8,True,no,0.185919,0.329289
scene_12757,7,True,no,0.168990,0.238150
scene_14746,7,True,no,0.154207,0.210872
scene_14493,8,False,yes,0.143046,0.186858
scene_11998,7,False,no,0.125727,0.152763
scene_13695,8,False,no,0.085450,0.212004
scene_12285,7,True,no,0.040947,0.147000
scene_10710,7,True,no,0.188638,0.168829
scene_12012,6,True,no,0.240085,0.204971
scene_12641,8,True,yes,0.108281,0.265870
scene_12199,8,True,yes,0.116599,0.143723
scene_13571,7,False,no,0.116837,0.187286
scene_13811,8,True,yes,0.207813,0.280367
scene_13963,7,False,no,0.105160,0.239939
scene_12213,8,False,no,0.044038,0.158235
scene_14277,7,False,no,0.117045,0.249025
scene_11443,7,False,no,0.050763,0.157911
scene_13570,8,True,no,0.108913,0.268700
scene_11254,7,False,no,0.123608,0.186451
scene_13769,8,True,yes,0.083733,0.202105
scene_12969,7,False,no,0.043713,0.222031
scene_13554,7,False,no,0.000894,0.252875
scene_10865,7,True,no,0.110982,0.272552
scene_14018,8,False,no,0.088234,0.167619
scene_14452,8,True,no,0.151448,0.196245
scene_10103,7,True,no,0.306940,0.326434
scene_12797,8,True,no,0.083970,0.218573
scene_14688,8,False,no,0.140140,0.170350
scene_10565,7,False,no,0.082636,0.182674
scene_13037,8,False,no,0.046351,0.126046
scene_14896,8,True,no,0.135607,0.338343
scene_14367,8,False,no,0.142579,0.219659
scene_12846,6,True,no,0.090343,0.194446
scene_10336,7,True,no,0.130084,0.207794
scene_14818,8,False,no,0.149624,0.183894
scene_12471,8,False,yes,0.053989,0.125538
scene_10835,7,True,no,0.097309,0.120419
scene_11990,8,True,no,0.086026,0.237810
scene_10623,8,False,no,0.095725,0.226654
scene_11625,7,True,no,0.220809,0.195722
scene_13252,5,True,no,0.044126,0.081703
scene_13076,7,False,no,0.105681,0.184905
scene_12556,8,True,yes,0.108519,0.191501
scene_10210,7,True,no,0.033487,0.231243
scene_14608,8,True,yes,0.215465,0.314374
scene_12549,8,True,no,0.102792,0.248113
scene_11342,8,True,no,0.135929,0.233680
scene_14874,7,True,no,0.136700,0.150296
scene_11375,8,False,no,0.209182,0.300389
scene_13023,8,True,no,0.123127,0.283387
scene_12100,8,True,no,0.219446,0.291946
scene_14667,6,False,no,0.001108,0.123028
scene_11786,7,True,no,0.125628,0.192954
scene_10938,7,False,no,0.054299,0.234234
scene_13882,8,False,no,0.144096,0.236569
scene_11035,8,True,no,0.205140,0.306157
scene_11955,8,True,no,0.090953,0.160230
scene_11249,8,True,no,0.110600,0.132241
scene_10166,8,True,no,0.115802,0.230657
scene_11634,7,True,no,0.205901,0.181047
scene_14482,6,False,no,0.087968,0.088529
scene_10254,8,False,no,0.130344,0.206128
scene_10329,8,False,no,0.061511,0.148136
scene_10563,7,True,yes,0.134829,0.228007
scene_11837,7,False,no,0.023993,0.159292
scene_12868,8,True,no,0.084860,0.156660
scene_10427,7,True,yes,0.127825,0.207845
scene_10158,8,True,no,0.112714,0.219026
scene_13855,8,True,no,0.115683,0.243128
scene_10671,8,True,yes,0.077427,0.230636
scene_12067,8,False,no,0.245068,0.276985
scene_13456,7,False,no,0.108967,0.192393
scene_12280,7,False,yes,0.080978,0.103487
scene_14417,7,False,no,0.149919,0.138526
scene_12766,8,True,no,0.279780,0.252200
scene_12678,7,True,no,0.061463,0.141773
scene_13727,8,False,no,0.103022,0.247887
scene_11734,8,False,yes,0.200653,0.260062
scene_12682,7,False,no,0.123676,0.104842
scene_14674,8,False,no,0.112690,0.234619
scene_12132,6,False,yes,0.074071,0.117341
scene_14498,8,False,no,0.204855,0.259448
scene_11489,8,False,yes,0.105743,0.247106
scene_13785,7,True,no,0.147489,0.242394
scene_11112,8,False,no,0.236050,0.211028
scene_13514,6,True,no,0.060424,0.088763
scene_10688,8,True,no,0.104773,0.173809
scene_10222,8,True,no,0.093535,0.314980
scene_13230,6,False,no,0.143659,0.123364
scene_10220,8,True,no,0.069343,0.157867
scene_14927,8,False,no,0.195948,0.226503
scene_11046,7,False,no,0.094302,0.175943
scene_13831,8,False,no,0.162603,0.315016
scene_14831,8,True,no,0.076035,0.186138
scene_13315,8,False,yes,0.270745,0.299814
scene_12755,8,False,no,0.120894,0.216046
scene_13187,8,False,no,0.143935,0.219307
scene_10237,7,False,no,0.097331,0.161922
scene_14752,8,True,no,0.098147,0.149115
scene_13573,8,True,no,0.097163,0.275423
scene_12236,7,False,no,0.259651,0.345467
scene_11798,7,True,no,0.250806,0.276873
scene_14002,7,True,no,0.121043,0.114813
scene_11807,8,True,no,0.112841,0.158839
scene_14412,8,True,no,0.146041,0.314601
scene_13435,7,True,no,0.213603,0.267752
scene_13196,8,True,no,0.357552,0.294736
scene_12447,8,False,no,0.235422,0.302866
scene_12883,8,False,no,0.115203,0.158323
scene_10048,8,True,no,0.142275,0.186828
scene_13910,7,True,no,0.098862,0.267271
scene_13118,8,False,no,0.069212,0.154486
scene_10160,7,True,no,0.149987,0.265517
scene_13192,8,True,no,0.117382,0.275765
scene_13444,7,True,no,0.012923,0.133848
scene_11695,7,False,no,0.115147,0.228987
scene_10511,8,True,no,0.078708,0.272271
scene_13409,7,False,no,0.071873,0.109454
scene_13819,8,False,no,0.111483,0.211893
scene_14448,8,True,yes,0.063306,0.198246
scene_12712,7,False,no,0.141669,0.117210
scene_13342,8,False,no,0.172298,0.203996
scene_13401,6,True,no,0.239911,0.139506
scene_10527,8,False,no,0.115514,0.172060
scene_11753,8,False,no,0.135273,0.238149
scene_11252,8,True,no,0.107550,0.252639
scene_13139,6,True,no,0.178087,0.135533
scene_11895,8,True,yes,0.054111,0.188783
scene_11236,8,False,no,0.061502,0.188597
scene_14891,8,True,no,0.179732,0.239346
scene_10661,8,True,no,0.144977,0.229729
scene_14427,8,False,no,0.166671,0.263676
scene_12620,8,True,no,0.098162,0.185169
scene_12753,8,True,no,0.095575,0.305529
scene_12226,6,False,no,0.119228,0.149388
scene_11921,8,False,no,0.228707,0.344837
scene_12341,7,False,no,0.074449,0.127261
scene_10635,7,True,no,0.089101,0.271027
scene_13606,7,True,no,0.099420,0.106728
scene_12250,8,False,no,0.110013,0.184888
scene_11960,8,True,no,0.155944,0.248355
scene_13972,6,True,no,0.096422,0.205736
scene_14273,6,False,no,0.161736,0.144266
scene_12272,7,False,no,0.094244,0.140381
scene_12026,8,False,yes,0.134187,0.264557
scene_12124,8,True,no,0.124790,0.241707
scene_13689,8,False,no,0.259699,0.261003
scene_13891,7,True,no,0.081962,0.176646
scene_11304,8,True,yes,0.092477,0.191297
scene_13655,8,True,no,0.183062,0.217828
scene_13498,8,False,no,0.230878,0.203586
scene_14138,8,False,no,0.088443,0.283656
scene_13628,8,False,no,0.264141,0.291623
scene_12600,8,True,no,0.138489,0.199244
scene_14354,8,False,no,0.136754,0.229991
scene_13809,8,False,no,0.064474,0.138737
scene_11093,7,False,no,0.098193,0.166895
scene_13742,7,True,yes,0.100405,0.116162
scene_10995,8,False,no,0.111618,0.250388
scene_12042,7,False,no,0.001925,0.123595
scene_10412,7,False,no,0.057110,0.175732
scene_13808,7,False,yes,0.135306,0.184247
scene_14246,8,False,no,0.094528,0.181497
scene_11441,8,False,no,0.188065,0.174540
scene_11793,7,False,yes,0.074087,0.118576
scene_13485,8,True,no,0.171500,0.290939
scene_10874,8,False,no,0.166446,0.214757
scene_10045,8,False,yes,0.098313,0.216925
scene_11209,8,True,no,0.101304,0.235228
scene_11999,8,True,no,0.215635,0.270075
scene_13276,8,True,no,0.122019,0.183647
scene_14052,7,True,no,0.142742,0.143592
scene_13147,8,True,no,0.144978,0.263657
scene_11593,7,False,no,0.171550,0.213735
scene_13398,8,True,no,0.254136,0.223504
scene_13733,7,True,no,0.000724,0.197852
scene_10597,8,True,yes,0.073500,0.278148
scene_13895,8,False,no,0.071529,0.213327
scene_14926,7,True,yes,0.221829,0.189385
scene_10379,8,False,no,0.250098,0.252183
scene_10200,8,False,no,0.060791,0.147615
scene_11208,5,True,no,0.133721,0.097297
scene_11632,7,True,yes,0.180068,0.285931
scene_14816,7,False,no,0.114316,0.151298
scene_12543,8,True,no,0.089461,0.220316
scene_11925,8,True,no,0.070708,0.239695
scene_10766,7,False,no,0.167225,0.254476
scene_12747,8,True,no,0.120658,0.365793
scene_14225,8,True,yes,0.132430,0.163317
scene_12325,8,True,no,0.115844,0.254407
scene_10695,7,False,no,0.156652,0.167932
scene_11391,7,False,no,0.004060,0.162674
scene_13879,8,True,no,0.085145,0.122673
scene_14190,7,False,no,0.205350,0.168658
scene_11751,8,False,no,0.319835,0.270294
scene_13625,6,True,yes,0.071352,0.068846
scene_14646,7,True,no,0.042339,0.262301
scene_13812,7,False,yes,0.175319,0.224915
scene_12640,7,True,no,0.066668,0.096010
scene_13524,8,True,no,0.168084,0.236368
scene_11722,8,False,no,0.255755,0.335572
scene_12351,8,True,no,0.084511,0.152906
scene_12490,8,True,no,0.148606,0.322933
scene_10003,7,False,no,0.001093,0.171685
scene_14491,8,True,no,0.127615,0.207963
scene_13329,7,False,no,0.023096,0.289990
scene_12466,8,True,no,0.234691,0.318996
scene_11426,7,False,no,0.112191,0.332964
scene_13107,7,True,no,0.047931,0.199385
scene_13447,8,False,no,0.346764,0.311708
scene_11572,8,False,no,0.083298,0.121963
scene_11043,8,False,no,0.185492,0.264261
scene_14544,6,True,no,0.119486,0.167733
scene_12423,8,False,no,0.168612,0.283005
scene_13299,7,True,no,0.125113,0.166447
scene_12673,8,True,no,0.095482,0.284689
scene_13348,8,True,no,0.259595,0.299455
scene_12534,7,True,no,0.291705,0.207062
scene_14157,8,False,yes,0.170322,0.259320
scene_12461,8,True,no,0.066305,0.226598
scene_11021,6,True,no,0.051916,0.128639
scene_12572,8,True,yes,0.100064,0.196391
scene_12706,8,False,yes,0.143748,0.208000
scene_10574,7,True,no,0.163549,0.211771
scene_13536,8,False,no,0.075764,0.207290
scene_12985,7,True,no,0.100384,0.148186
scene_11615,6,True,yes,0.016451,0.137280
scene_14413,7,True,no,0.045893,0.128998
scene_14262,8,True,no,0.178099,0.237536
scene_10013,7,False,no,0.151409,0.234753
scene_13575,8,True,no,0.097449,0.148257
scene_10363,8,False,yes,0.060351,0.172496
scene_12087,8,False,yes,0.079185,0.252835
scene_11558,7,False,yes,0.069826,0.175828
scene_13157,8,True,yes,0.115839,0.188844
scene_10948,7,False,yes,0.251647,0.357220
scene_14192,8,True,no,0.118313,0.213601
scene_13577,8,False,no,0.074619,0.285272
scene_14730,6,False,no,0.053741,0.102569
scene_12833,8,True,no,0.093224,0.262102
scene_13562,8,True,no,0.119023,0.261947
scene_10889,7,False,no,0.150691,0.196607
scene_10313,7,True,no,0.085047,0.160124
scene_12175,7,True,no,0.233389,0.216916
scene_11463,8,True,no,0.186197,0.203715
scene_12140,7,True,yes,0.131057,0.137595
scene_10945,8,False,no,0.138242,0.213179
scene_10226,8,False,no,0.197800,0.325912
scene_12714,6,False,no,0.065629,0.100596
scene_14954,8,False,no,0.276514,0.304578
scene_13277,7,True,yes,0.143968,0.126780
scene_14176,7,False,no,0.082197,0.219963
scene_12878,7,True,no,0.094651,0.191420
scene_12287,8,False,no,0.206922,0.309162
scene_10569,7,False,no,0.199056,0.261093
scene_12283,7,False,no,0.106295,0.148497
scene_12690,7,True,no,0.070906,0.202121
scene_13267,7,False,no,0.059221,0.212532
scene_11583,8,True,yes,0.156225,0.223785
scene_10193,6,False,no,0.073329,0.131884
scene_11827,7,False,no,0.280446,0.253269
scene_11865,7,True,no,0.077441,0.171591
scene_12501,7,True,no,0.226249,0.228638
scene_12866,8,True,yes,0.102332,0.180224
scene_13773,7,True,no,0.096849,0.208014
scene_11635,8,False,no,0.229733,0.246839
scene_11823,7,False,no,0.108567,0.117973
scene_13858,8,False,no,0.117884,0.200564
scene_10317,8,False,yes,0.070467,0.300340
scene_13135,8,False,yes,0.112150,0.265626
scene_10886,7,False,no,0.172104,0.244207
scene_11305,8,False,no,0.192491,0.259700
scene_14872,8,False,no,0.160547,0.350994
scene_12033,8,False,no,0.078401,0.196470
scene_13375,8,False,no,0.196947,0.274882
scene_12723,7,True,yes,0.114784,0.174664
scene_11470,7,True,no,0.091032,0.142365
scene_10203,7,False,no,0.182085,0.219523
scene_13380,8,True,no,0.085508,0.203083
scene_11451,7,False,no,0.078973,0.111146
scene_11332,6,True,no,0.006183,0.055637
scene_11940,8,False,no,0.185709,0.269248
scene_11267,7,False,no,0.174547,0.222924
scene_14753,7,False,no,0.146130,0.219873
scene_14589,8,True,yes,0.205190,0.248308
scene_12899,8,True,no,0.093419,0.204768
scene_10843,8,False,no,0.151088,0.273102
scene_12045,8,True,no,0.143724,0.149704
scene_11721,7,False,no,0.081048,0.102721
scene_12933,8,False,no,0.108470,0.197788
scene_10326,8,True,yes,0.191628,0.307584
scene_12989,8,True,no,0.190921,0.263371
scene_12526,7,True,yes,0.077942,0.102721
scene_10342,6,True,yes,0.087445,0.147306
scene_11045,7,False,yes,0.124803,0.135610
scene_13523,8,True,no,0.064132,0.277288
scene_11214,7,True,no,0.182080,0.162706
scene_14529,7,False,no,0.191468,0.245851
scene_13026,7,True,yes,0.071404,0.114678
scene_10295,8,False,no,0.070467,0.221919
scene_14472,8,True,no,0.066585,0.277208
scene_11222,7,False,no,0.121295,0.252392
scene_10617,7,False,no,0.001021,0.219859
scene_14847,7,False,no,0.287140,0.224978
scene_10079,7,False,no,0.170551,0.180898
scene_14597,7,True,no,0.191959,0.236126
scene_13506,8,True,no,0.119296,0.210893
scene_14522,7,True,no,0.218049,0.218777
scene_13622,7,False,no,0.279202,0.250345
scene_14854,7,False,no,0.161153,0.156417
scene_12146,7,False,no,0.074056,0.126045
scene_11072,7,True,no,0.148221,0.290415
scene_12734,8,False,no,0.238707,0.246629
scene_10029,7,False,no,0.088604,0.214579
scene_10361,7,False,no,0.155488,0.232057
scene_12267,8,False,no,0.228830,0.296891
scene_14895,8,True,no,0.177987,0.269173
scene_10757,7,False,no,0.039783,0.121314
scene_10417,8,True,no,0.096750,0.277076
scene_12058,8,False,no,0.188506,0.291569
scene_14849,8,False,no,0.213993,0.230271
scene_14143,7,True,no,0.162714,0.220522
scene_12163,7,True,no,0.188749,0.260436
scene_11668,8,True,no,0.193883,0.206637
scene_12810,8,False,no,0.174995,0.220889
scene_11726,8,False,no,0.074427,0.173252
scene_12309,7,True,yes,0.095691,0.158383
scene_12232,7,False,no,0.082242,0.168415
scene_14967,7,True,no,0.213428,0.217195
scene_14876,7,True,yes,0.107114,0.196798
scene_10877,8,False,no,0.191922,0.248639
scene_10946,7,True,no,0.049774,0.134953
scene_14957,7,True,no,0.198904,0.267486
scene_11101,8,False,yes,0.161862,0.228557
scene_10849,6,True,no,0.064570,0.113538
scene_12453,7,True,no,0.030049,0.221585
scene_14546,7,True,yes,0.083311,0.106236
scene_10064,8,False,no,0.220698,0.316827
scene_14336,7,False,no,0.190261,0.197701
scene_12479,8,True,no,0.115916,0.230540
scene_14453,8,True,no,0.153572,0.215363
scene_13592,7,True,no,0.094805,0.151180
scene_11293,8,False,yes,0.152132,0.228591
scene_12335,7,False,no,0.254045,0.163370
scene_13029,7,False,no,0.254370,0.215356
scene_12002,5,True,no,0.063872,0.046533
scene_10564,8,True,yes,0.080415,0.110668
scene_12861,8,True,yes,0.205516,0.289517
scene_11086,7,True,yes,0.048912,0.155532
scene_14743,7,False,no,0.000995,0.199231
scene_14147,8,True,no,0.048795,0.200565
scene_11747,7,False,no,0.052626,0.201252
scene_14407,6,True,no,0.063556,0.094838
scene_10601,8,True,no,0.080096,0.179801
scene_10820,7,False,no,0.035165,0.189162
scene_14615,8,True,no,0.133973,0.206358
scene_13757,6,True,no,0.086338,0.102448
scene_10076,7,False,no,0.001070,0.184083
scene_10595,8,False,no,0.120283,0.188448
scene_12591,8,False,no,0.243533,0.316712
scene_13748,6,True,yes,0.135684,0.108919
scene_12458,8,False,yes,0.251092,0.362651
scene_11073,7,True,no,0.067781,0.194566
scene_13245,8,False,no,0.174309,0.233066
scene_12176,8,True,yes,0.220376,0.423807
scene_11956,7,False,yes,0.092900,0.138537
scene_12574,7,False,no,0.222873,0.258163
scene_11674,8,True,no,0.047113,0.257383
scene_12137,7,False,yes,0.047040,0.295004
scene_12592,7,False,no,0.054813,0.199695
scene_14285,7,False,yes,0.070784,0.127955
scene_14633,8,False,no,0.081114,0.158562
scene_13437,8,False,no,0.053633,0.252838
scene_10672,8,True,yes,0.219194,0.345765
scene_10325,8,False,no,0.046066,0.289504
scene_12017,8,True,no,0.112863,0.175394
scene_14669,8,False,no,0.166446,0.257209
scene_10983,8,True,no,0.254871,0.300451
scene_13310,8,True,no,0.183216,0.181306
scene_11927,7,True,no,0.035365,0.298629
scene_10557,8,False,no,0.111835,0.205595
scene_10562,8,True,no,0.131770,0.292522
scene_11523,6,False,no,0.139915,0.160854
scene_10657,7,False,no,0.147789,0.172075
scene_14163,6,True,yes,0.043545,0.097635
scene_10466,7,False,no,0.146940,0.192018
scene_11290,8,True,yes,0.192042,0.297849
scene_14353,7,True,yes,0.148839,0.237839
scene_14122,8,False,yes,0.099712,0.169608
scene_13908,6,True,no,0.079768,0.091444
scene_10411,8,False,no,0.048203,0.180812
scene_10469,8,False,no,0.157248,0.250389
scene_12570,8,True,no,0.196104,0.333835
scene_10500,8,True,no,0.098847,0.170625
scene_14444,8,True,no,0.182191,0.254412
scene_10480,8,True,yes,0.174530,0.235861
scene_11784,8,False,no,0.134677,0.178097
scene_12431,7,False,no,0.096719,0.113868
scene_11556,5,True,no,0.063867,0.084993
scene_11269,7,False,no,0.091480,0.138179
scene_13989,7,False,yes,0.160625,0.285351
scene_14555,8,True,no,0.094915,0.135774
scene_13468,7,True,no,0.068661,0.268942
scene_12337,8,True,yes,0.183532,0.262889
scene_13730,8,True,no,0.112973,0.164576
scene_12173,6,False,yes,0.210631,0.239415
scene_13200,6,False,no,0.063464,0.081676
scene_10017,7,False,no,0.137284,0.215003
scene_13106,8,True,no,0.238465,0.305128
scene_11349,7,True,no,0.063229,0.172480
scene_10481,8,True,yes,0.068423,0.154117
scene_13288,7,True,no,0.077951,0.169206
scene_11752,7,True,no,0.165886,0.173710
scene_13946,7,False,no,0.142185,0.254588
scene_13981,8,False,no,0.114567,0.200345
scene_13332,6,True,no,0.064269,0.148615
scene_11363,8,False,no,0.097416,0.177667
scene_11937,8,True,no,0.165420,0.299315
scene_10765,7,False,no,0.230297,0.272373
scene_10120,8,True,no,0.047419,0.177798
scene_14431,7,True,yes,0.186951,0.245744
scene_10415,8,True,no,0.249683,0.328274
scene_10803,8,False,no,0.170838,0.297060
scene_14511,8,True,no,0.054589,0.136598
scene_13633,7,True,no,0.100742,0.188525
scene_10618,7,False,no,0.135323,0.135571
scene_12047,7,False,no,0.163467,0.189859
scene_13792,8,False,yes,0.105577,0.192531
scene_14799,8,True,no,0.164727,0.183226
scene_11504,7,True,yes,0.140404,0.140038
scene_14989,7,True,no,0.062396,0.181393
scene_11149,7,False,yes,0.145019,0.145712
scene_13678,8,True,yes,0.108394,0.221457
scene_14396,8,True,no,0.066457,0.270086
scene_11559,8,False,no,0.113293,0.197398
scene_11570,7,True,no,0.140726,0.182669
scene_12037,7,True,no,0.153929,0.252045
scene_10896,7,True,no,0.098606,0.116433
scene_12781,8,True,no,0.170655,0.334434
scene_13301,6,False,no,0.131387,0.154247
scene_10497,8,False,no,0.183497,0.247318
scene_10807,8,False,no,0.118951,0.179607
scene_10444,8,True,no,0.147517,0.269052
scene_13828,7,True,no,0.086564,0.147430
scene_13370,7,False,no,0.108749,0.146260
scene_13472,7,True,no,0.144810,0.254108
scene_12904,7,True,no,0.047062,0.204677
scene_13534,8,False,no,0.105891,0.232915
scene_10795,7,True,no,0.121770,0.154004
scene_10773,8,True,no,0.099626,0.338470
scene_11560,8,False,yes,0.106898,0.173304
scene_13337,8,False,no,0.121808,0.300356
scene_13877,8,True,no,0.060183,0.208072
scene_11991,8,True,no,0.077047,0.280322
scene_13875,8,True,no,0.153204,0.235438
scene_14723,8,False,no,0.225054,0.295907
scene_14680,7,False,no,0.142910,0.246307
scene_11084,8,False,yes,0.109589,0.162653
scene_14826,8,False,no,0.153605,0.263263
scene_11756,7,True,yes,0.121346,0.215215
scene_13979,6,True,no,0.156212,0.149570
scene_12282,7,True,no,0.219060,0.241670
scene_11950,7,False,no,0.088432,0.134885
scene_14214,8,False,yes,0.058329,0.153571
scene_10581,8,False,no,0.181942,0.283720
scene_12708,8,False,no,0.070419,0.341770
scene_10257,7,False,no,0.116108,0.154031
scene_10553,7,True,no,0.140901,0.204412
scene_11876,7,False,no,0.216560,0.370250
scene_10483,7,True,no,0.105501,0.198421
scene_10582,8,True,no,0.167909,0.235366
scene_10058,8,False,yes,0.098744,0.235591
scene_11805,8,True,no,0.103320,0.143138
scene_11886,7,True,no,0.058764,0.295332
scene_14540,8,False,yes,0.210360,0.236560
scene_10172,8,True,no,0.124590,0.380634
scene_12771,5,True,no,0.053060,0.126603
scene_10525,8,False,no,0.145622,0.174179
scene_11841,7,False,no,0.037180,0.135547
scene_12031,8,False,no,0.124044,0.220646
scene_10992,7,False,no,0.197657,0.166674
scene_13701,8,False,yes,0.112591,0.346201
scene_14242,8,True,no,0.114560,0.245684
scene_13591,7,True,no,0.119687,0.170474
scene_13061,8,False,no,0.141983,0.223304
scene_13271,7,True,no,0.155348,0.202077
scene_12554,8,False,yes,0.225792,0.202872
scene_11648,8,False,no,0.072013,0.166563
scene_14420,6,False,no,0.031421,0.164087
scene_11736,8,True,no,0.245846,0.232303
scene_13469,8,False,no,0.139899,0.261205
scene_14325,8,True,yes,0.091334,0.185212
scene_12172,8,True,no,0.181445,0.275138
scene_11353,8,True,yes,0.173878,0.277428
scene_14506,7,False,no,0.092606,0.155273
scene_13896,7,True,no,0.059758,0.116167
scene_11052,7,True,yes,0.032496,0.176299
scene_11031,8,False,no,0.235678,0.314152
scene_14366,8,False,no,0.044884,0.120332
scene_10567,7,True,no,0.179488,0.178898
scene_13984,7,False,no,0.073922,0.172938
scene_10702,7,True,yes,0.098496,0.133531
scene_14951,7,True,yes,0.064971,0.279133
scene_14650,8,True,yes,0.083052,0.230024
scene_11974,8,True,no,0.134138,0.322366
scene_10475,8,False,no,0.146199,0.215143
scene_11962,8,True,no,0.190543,0.244456
scene_12520,7,False,no,0.122302,0.138410
scene_12975,7,True,no,0.282377,0.246513
scene_10917,8,True,no,0.095842,0.263076
scene_10159,8,True,no,0.130411,0.227516
scene_14005,7,False,no,0.141139,0.220042
scene_12656,8,True,yes,0.203124,0.219458
scene_10004,8,True,no,0.144262,0.247077
scene_14347,7,True,no,0.206611,0.279837
scene_14421,8,True,no,0.265609,0.304981
scene_11324,8,True,no,0.056348,0.132529
scene_13065,7,True,no,0.071417,0.191882
scene_14885,7,False,no,0.069303,0.139733
scene_11630,8,False,yes,0.192654,0.230111
scene_14861,8,True,no,0.167685,0.180705
scene_12445,7,False,no,0.140263,0.163023
scene_10872,8,False,no,0.189017,0.299428
scene_14161,8,True,yes,0.074966,0.189985
scene_11464,7,False,no,0.120306,0.158792
scene_14103,8,True,no,0.157558,0.180559
scene_12158,8,False,no,0.053484,0.226134
scene_10026,8,False,no,0.085511,0.175303
scene_13719,8,True,no,0.076813,0.255326
scene_11296,8,False,no,0.090586,0.148728
scene_13564,8,False,no,0.152152,0.280515
scene_12405,7,False,no,0.198173,0.240600
scene_10914,7,True,no,0.175619,0.223482
scene_12788,7,True,no,0.098856,0.197998
scene_12186,8,False,no,0.078702,0.131989
scene_14401,7,True,yes,0.136773,0.188576
scene_10939,8,False,no,0.237938,0.257064
scene_10094,8,False,no,0.048393,0.260084
scene_14535,8,False,yes,0.104201,0.194423
scene_12060,7,False,no,0.129023,0.285781
scene_14337,7,True,no,0.134770,0.145616
scene_13837,7,True,no,0.155561,0.242816
scene_13128,8,True,no,0.073407,0.176360
scene_13154,8,False,yes,0.094153,0.216703
scene_10521,8,True,no,0.233910,0.220560
scene_13461,7,True,no,0.005003,0.359075
scene_11311,8,True,yes,0.144901,0.172393
scene_11253,7,True,no,0.087032,0.123198
scene_10899,8,False,no,0.136993,0.171397
scene_10386,8,False,no,0.253438,0.296894
scene_10745,8,False,no,0.123400,0.215401
scene_14045,7,True,no,0.121416,0.138369
scene_14177,8,True,yes,0.048776,0.296271
scene_11134,7,True,no,0.109017,0.171143
scene_11797,8,True,no,0.182004,0.348687
scene_12967,8,False,yes,0.278327,0.307114
scene_13274,8,False,no,0.147543,0.176809
scene_14783,8,False,yes,0.144330,0.171908
scene_13512,7,False,no,0.146437,0.171630
scene_14791,8,True,no,0.159234,0.219699
scene_12153,7,True,no,0.076778,0.260027
scene_14418,8,False,no,0.225114,0.286372
scene_14601,8,True,no,0.125559,0.341960
scene_12021,7,False,no,0.154431,0.187750
scene_14994,7,False,no,0.139385,0.163702
scene_12170,8,True,yes,0.060290,0.182895
scene_11171,7,True,no,0.244854,0.219674
scene_13761,8,False,no,0.186214,0.309598
scene_13244,7,False,no,0.199859,0.259208
scene_14092,8,True,no,0.194795,0.276530
scene_11742,7,False,no,0.046025,0.266610
scene_12578,7,True,no,0.097007,0.216096
scene_14649,8,False,no,0.087672,0.168139
scene_11729,8,False,no,0.102652,0.187613
scene_10543,6,False,no,0.000702,0.096097
scene_12194,8,False,no,0.104400,0.175334
scene_13289,8,True,no,0.066811,0.150985
scene_12585,7,True,no,0.135086,0.170074
scene_10262,8,False,no,0.151782,0.378018
scene_11877,8,False,yes,0.151825,0.248655
scene_10459,8,True,no,0.114461,0.252726
scene_12657,8,False,no,0.162127,0.311132
scene_11800,7,True,no,0.042366,0.147544
scene_14565,8,False,no,0.119820,0.242186
scene_12212,7,False,no,0.267143,0.231944
scene_13110,8,False,no,0.078887,0.206292
scene_13789,8,False,yes,0.137927,0.184246
scene_11339,7,False,yes,0.189087,0.258557
scene_12006,8,True,no,0.222323,0.296323
scene_14378,8,False,no,0.107817,0.217200
scene_11402,8,False,no,0.113259,0.207033
scene_10585,8,True,no,0.144919,0.219106
scene_12188,7,True,no,0.168948,0.260727
scene_11717,8,False,yes,0.183249,0.354901
scene_12912,7,True,no,0.170549,0.209332
scene_13034,8,False,no,0.196534,0.303973
scene_11333,7,True,no,0.057307,0.210089
scene_12990,7,True,no,0.082450,0.115892
scene_13717,8,True,no,0.105135,0.233872
scene_12278,7,True,no,0.044830,0.204314
scene_13115,8,False,no,0.070830,0.154664
scene_10828,7,False,no,0.155933,0.190804
scene_11908,7,False,yes,0.045777,0.199038
scene_10654,8,False,yes,0.098058,0.173872
scene_12371,7,False,no,0.113736,0.132797
scene_11867,8,False,no,0.087081,0.156117
scene_10376,6,False,yes,0.040421,0.167758
scene_10570,7,True,no,0.227364,0.243802
scene_11576,8,False,no,0.196597,0.271091
scene_14732,8,True,yes,0.064718,0.325910
scene_12964,7,False,no,0.068899,0.162777
scene_12402,8,False,no,0.107286,0.308322
scene_14525,8,False,no,0.258740,0.317778
scene_10646,7,True,no,0.079546,0.198758
scene_13102,8,True,no,0.075885,0.243629
scene_11023,6,False,no,0.090487,0.092657
scene_14395,7,False,no,0.146965,0.205295
scene_13766,8,False,no,0.092542,0.131019
scene_10355,6,True,no,0.014505,0.125743
scene_12167,7,False,no,0.151573,0.164592
scene_14948,8,False,yes,0.062494,0.202479
scene_12819,7,False,no,0.084736,0.171899
scene_12942,8,False,no,0.127332,0.260950
scene_10793,7,False,no,0.074391,0.216928
scene_13114,8,True,no,0.150291,0.278931
scene_10760,7,False,no,0.046039,0.147359
scene_10838,8,True,no,0.105416,0.325983
scene_12759,8,True,no,0.110046,0.244228
scene_11764,6,True,no,0.085566,0.151094
scene_11274,8,True,yes,0.108020,0.162452
scene_12277,8,True,no,0.241240,0.302220
scene_12789,8,False,yes,0.091496,0.280095
scene_13465,8,False,no,0.174985,0.292781
scene_11308,8,False,no,0.120082,0.260424
scene_10053,7,False,no,0.001160,0.181277
scene_12279,7,True,no,0.163630,0.158973
scene_14830,7,False,no,0.069911,0.117812
scene_13682,7,True,no,0.177862,0.274339
scene_11806,7,True,no,0.078172,0.118574
scene_13439,8,True,yes,0.125218,0.206360
scene_14467,7,False,no,0.129413,0.213143
scene_11629,8,False,no,0.227149,0.310736
scene_14600,8,False,no,0.125103,0.261363
scene_10217,8,True,no,0.121993,0.284956
scene_14934,7,True,yes,0.012715,0.257237
scene_14142,8,True,yes,0.128630,0.323418
scene_11906,8,True,yes,0.233353,0.291981
scene_11792,8,True,no,0.145049,0.236855
scene_10768,7,False,yes,0.212350,0.205043
scene_10244,7,True,yes,0.178826,0.190082
scene_10260,7,False,no,0.098021,0.173267
scene_13459,8,True,yes,0.168725,0.273431
scene_14840,8,True,no,0.107227,0.180485
scene_10713,8,False,no,0.164651,0.225456
scene_14470,8,True,no,0.247025,0.259011
scene_10840,8,False,yes,0.111222,0.224923
scene_11144,8,False,no,0.102761,0.217634
scene_11829,7,False,no,0.183889,0.261700
scene_12007,7,True,no,0.036324,0.244331
scene_12254,8,False,no,0.086642,0.194318
scene_10204,7,True,no,0.144675,0.208380
scene_10913,7,True,no,0.000583,0.299611
