scenario,seq_len,ground_truth,answer
scene_14124,7,"(5, 6)","2,3"
scene_10696,7,"(0, 1)","2,3"
scene_14922,8,"(0, 1)","2,3"
scene_14012,8,"(5, 6)","4,5"
scene_14779,7,"(2, 3)","5,6"
scene_13854,8,"(1, 2)","2,3"
scene_14696,7,"(1, 2)","5,6"
scene_11199,8,"(1, 2)","2,3"
scene_10716,6,"(0, 1)","1,2"
scene_12474,7,"(5, 6)","5,6"
scene_11448,8,"(5, 6)","5,6"
scene_13886,8,"(4, 5)","5,6"
scene_14268,7,"(0, 1)","2,3"
scene_10493,7,"(4, 5)","4,5"
scene_13918,6,"(3, 4)","3,4"
scene_10362,8,"(0, 1)","2,3"
scene_12332,8,"(0, 1)","7,8"
scene_11032,6,"(0, 1)","2,3"
scene_12897,8,"(1, 2)","3,4"
scene_12742,7,"(1, 2)","2,3"
scene_13909,6,"(4, 5)","2,3"
scene_11971,7,"(4, 5)","4,6"
scene_11590,8,"(0, 1)","6,7"
scene_12129,8,"(4, 5)","5,6"
scene_10165,8,"(1, 2)","2,3"
scene_12672,8,"(5, 6)","6,7"
scene_14293,8,"(5, 6)","3,4"
scene_11020,7,"(5, 6)","2,3"
scene_13493,8,"(4, 5)","2,3"
scene_13462,8,"(3, 4)","4,5"
scene_12228,8,"(1, 2)","2,3"
scene_10964,7,"(3, 4)","5,6"
scene_11140,7,"(4, 5)","5,6"
scene_14516,7,"(2, 3)","2,3"
scene_12025,7,"(0, 1)","2,3"
scene_14735,8,"(6, 7)","6,7"
scene_10015,8,"(6, 7)","6,7"
scene_11410,7,"(1, 2)","4,5"
scene_14626,8,"(5, 6)","5,6"
scene_13868,8,"(3, 4)","4,5"
scene_13307,8,"(2, 3)","2,3"
scene_11525,7,"(2, 3)","2,3"
scene_13673,7,"(1, 2)","2,3"
scene_14389,7,"(1, 2)","2,3"
scene_12832,7,"(2, 3)","2,3"
scene_10770,8,"(0, 1)","2,3"
scene_12886,7,"(0, 1)","2,3"
scene_10596,8,"(3, 4)","4,5"
scene_14118,8,"(0, 1)","2,3"
scene_13834,7,"(2, 3)","2,3"
scene_14713,7,"(2, 3)","2,3"
scene_14373,8,"(4, 5)","5,6"
scene_12294,8,"(2, 3)","2,3"
scene_10831,7,"(0, 1)","2,3"
scene_12560,8,"(5, 6)","6,7"
scene_10594,8,"(3, 4)","8,9"
scene_10701,7,"(4, 5)","2,3"
scene_14856,7,"(0, 1)","2,3"
scene_14556,7,"(3, 4)","4,5"
scene_12373,8,"(0, 1)","2,3"
scene_14305,8,"(4, 5)","3,4"
scene_10155,8,"(2, 3)","3,4"
scene_14004,8,"(6, 7)","6,7"
scene_10018,8,"(5, 6)","5,6"
scene_14886,8,"(4, 5)","2,3"
scene_12582,8,"(6, 7)","2,3"
scene_12994,7,"(2, 3)","3,4"
scene_13671,5,"(1, 2)","2,3"
scene_11122,7,"(5, 6)","5,6"
scene_14068,7,"(0, 1)","2,3"
scene_13770,8,"(0, 1)","1,2"
scene_12870,8,"(5, 6)","1,2"
scene_14943,7,"(1, 2)","2,3"
scene_14868,8,"(6, 7)","7,8"
scene_14200,8,"(2, 3)","2,3"
scene_14133,7,"(0, 1)","2,3"
scene_13915,7,"(1, 2)","2,3"
scene_14388,7,"(0, 1)","2,3"
scene_13881,8,"(3, 4)","2,3"
scene_11689,8,"(2, 3)","2,3"
scene_13872,8,"(3, 4)","3,4"
scene_14560,8,"(5, 6)","6,7"
scene_11597,8,"(6, 7)","4,5"
scene_13643,7,"(2, 3)","2,3"
scene_11135,6,"(1, 2)","2,3"
scene_11891,8,"(2, 3)","2,3"
scene_13015,7,"(2, 3)","5,6"
scene_14580,7,"(1, 2)","2,3"
scene_11251,8,"(5, 6)","6,7"
scene_11492,8,"(2, 3)","2,3"
scene_14918,8,"(5, 6)","7,8"
scene_10724,8,"(5, 6)","5,6"
scene_10238,8,"(5, 6)","6,7"
scene_14358,8,"(0, 1)","2,3"
scene_13330,8,"(4, 5)","6,7"
scene_12701,8,"(5, 6)","6,7"
scene_13902,7,"(1, 2)","2,3"
scene_12339,8,"(4, 5)","5,6"
scene_11553,8,"(5, 6)","6,7"
scene_10296,8,"(1, 2)","2,3"
scene_10544,7,"(1, 2)","2,3"
scene_12943,8,"(3, 4)","4,5"
scene_13555,8,"(3, 4)","2,3"
scene_14782,8,"(2, 3)","2,3"
scene_11835,7,"(5, 6)","5,6"
scene_12333,8,"(5, 6)","2,3"
scene_12625,8,"(4, 5)","5,6"
scene_13647,8,"(1, 2)","5,6"
scene_10251,7,"(5, 6)","6,7"
scene_14652,8,"(2, 3)","2,3"
scene_11662,8,"(6, 7)","2,3"
scene_13286,8,"(6, 7)","7,8"
scene_11066,6,"(0, 1)","2,3"
scene_14552,7,"(1, 2)","2,3"
scene_10758,7,"(0, 1)","2,3"
scene_13966,5,"(2, 3)","2,3"
scene_12106,8,"(3, 4)","2,3"
scene_11912,8,"(2, 3)","2,3"
scene_11866,8,"(0, 1)","2,3"
scene_14091,7,"(1, 2)","2,3"
scene_11679,6,"(4, 5)","2,3"
scene_13645,8,"(5, 6)","6,7"
scene_14641,8,"(2, 3)","3,4"
scene_13642,6,"(1, 2)","2,3"
scene_14928,8,"(5, 6)","4,5"
scene_13988,6,"(3, 4)","2,3"
scene_13584,8,"(3, 4)","2,3"
scene_12646,7,"(5, 6)","4,5"
scene_10673,6,"(3, 4)","2,3"
scene_11677,7,"(1, 2)","5,6"
scene_10794,6,"(2, 3)","2,3"
scene_10590,8,"(1, 2)","2,3"
scene_11002,8,"(1, 2)","2,3"
scene_10640,7,"(5, 6)","2,3"
scene_14797,7,"(4, 5)","4,5"
scene_12019,7,"(4, 5)","2,3"
scene_14016,7,"(2, 3)","2,3"
scene_10957,7,"(5, 6)","6,7"
scene_14182,8,"(4, 5)","5,6"
scene_14170,7,"(3, 4)","5,6"
scene_13204,8,"(4, 5)","6,7"
scene_10961,6,"(3, 4)","2,3"
scene_14081,8,"(2, 3)","1,2"
scene_10588,8,"(1, 2)","2,3"
scene_11650,7,"(1, 2)","2,3"
scene_11856,8,"(4, 5)","2,3"
scene_10832,8,"(3, 4)","4,5"
scene_11967,7,"(0, 1)","2,3"
scene_11476,8,"(6, 7)","1,2"
scene_14734,8,"(0, 1)","2,3"
scene_13927,8,"(6, 7)","7,8"
scene_10839,8,"(0, 1)","2,3"
scene_14884,7,"(1, 2)","2,3"
scene_11931,7,"(5, 6)","4,5"
scene_13839,7,"(1, 2)","2,3"
scene_14879,7,"(5, 6)","6,7"
scene_12785,8,"(3, 4)","4,5"
scene_14864,7,"(4, 5)","4,5"
scene_11106,8,"(0, 1)","4,5"
scene_14207,7,"(3, 4)","2,3"
scene_10394,7,"(3, 4)","4,5"
scene_11012,8,"(4, 5)","5,6"
scene_10810,8,"(3, 4)","4,5"
scene_12023,8,"(4, 5)","1,2"
scene_12513,8,"(2, 3)","3,4"
scene_11138,8,"(4, 5)","2,3"
scene_13137,8,"(6, 7)","4,5"
scene_14021,8,"(0, 1)","2,3"
scene_11972,7,"(5, 6)","4,5"
scene_12817,7,"(5, 6)","4,5"
scene_10180,8,"(0, 1)","2,3"
scene_12508,7,"(5, 6)","6,7"
scene_11026,7,"(4, 5)","5,6"
scene_10854,8,"(6, 7)","6,7"
scene_10202,8,"(2, 3)","2,3"
scene_13177,8,"(6, 7)","7,8"
scene_11224,8,"(5, 6)","2,3"
scene_11609,7,"(2, 3)","6,7"
scene_10256,7,"(0, 1)","2,3"
scene_13390,8,"(2, 3)","2,3"
scene_12396,6,"(3, 4)","4,5"
scene_11162,8,"(1, 2)","5,6"
scene_10693,7,"(3, 4)","5,6"
scene_14823,8,"(0, 1)","4,5"
scene_12376,7,"(5, 6)","2,3"
scene_11103,7,"(5, 6)","6,7"
scene_12677,8,"(2, 3)","3,4"
scene_14213,7,"(4, 5)","2,3"
scene_11040,8,"(6, 7)","6,7"
scene_10163,8,"(1, 2)","2,3"
scene_14405,7,"(4, 5)","5,6"
scene_14595,8,"(0, 1)","2,3"
scene_11996,8,"(6, 7)","1,2"
scene_10000,8,"(5, 6)","4,5"
scene_14469,8,"(2, 3)","6,7"
scene_11291,7,"(5, 6)","4,5"
scene_13985,8,"(4, 5)","2,3"
scene_14117,7,"(4, 5)","2,3"
scene_11284,7,"(1, 2)","2,3"
scene_10875,8,"(1, 2)","2,3"
scene_10559,8,"(2, 3)","3,4"
scene_12707,7,"(1, 2)","2,3"
scene_10294,8,"(4, 5)","2,3"
scene_12516,8,"(6, 7)","6,7"
scene_11174,7,"(4, 5)","1,2"
scene_13936,7,"(0, 1)","2,3"
scene_12729,8,"(4, 5)","2,3"
scene_12340,7,"(2, 3)","2,3"
scene_10022,5,"(3, 4)","2,3"
scene_13931,8,"(0, 1)","1,2"
scene_10146,8,"(0, 1)","2,3"
scene_12947,7,"(2, 3)","2,3"
scene_11018,8,"(6, 7)","5,6"
scene_10117,7,"(2, 3)","2,3"
scene_13443,7,"(1, 2)","5,6"
scene_12767,7,"(0, 1)","2,3"
scene_14591,6,"(1, 2)","2,3"
scene_14149,8,"(4, 5)","5,6"
scene_14249,6,"(0, 1)","2,3"
scene_13962,7,"(0, 1)","2,3"
scene_10717,8,"(5, 6)","8,9"
scene_14558,8,"(3, 4)","5,6"
scene_14866,8,"(6, 7)","4,5"
scene_11874,8,"(0, 1)","2,3"
scene_10071,8,"(6, 7)","1,2"
scene_13454,8,"(4, 5)","5,6"
scene_10061,8,"(6, 7)","2,3"
scene_12223,8,"(1, 2)","3,4"
scene_13500,8,"(1, 2)","2,3"
scene_12375,7,"(5, 6)","6,7"
scene_11745,7,"(3, 4)","2,3"
scene_10042,7,"(4, 5)","2,3"
scene_14150,7,"(1, 2)","3,4"
scene_14528,7,"(2, 3)","2,3"
scene_12051,8,"(4, 5)","2,3"
scene_10331,7,"(4, 5)","2,3"
scene_14981,7,"(3, 4)","4,5"
scene_10377,7,"(1, 2)","3,4"
scene_14275,7,"(4, 5)","2,3"
scene_13257,8,"(6, 7)","2,3"
scene_14749,7,"(5, 6)","2,3"
scene_10915,8,"(5, 6)","6,7"
scene_12619,8,"(1, 2)","2,3"
scene_10436,7,"(5, 6)","2,3"
scene_10730,6,"(2, 3)","2,3"
scene_13768,8,"(3, 4)","2,3"
scene_14465,7,"(5, 6)","2,3"
scene_11145,8,"(5, 6)","4,5"
scene_12094,8,"(2, 3)","5,6"
scene_14942,8,"(3, 4)","2,3"
scene_13122,8,"(4, 5)","5,6"
scene_14532,7,"(3, 4)","2,3"
scene_11089,8,"(0, 1)","1,2"
scene_10088,8,"(1, 2)","2,3"
scene_14665,8,"(1, 2)","2,3"
scene_14888,8,"(0, 1)","1,2"
scene_10221,8,"(2, 3)","2,3"
scene_11248,7,"(0, 1)","1,2"
scene_11201,7,"(4, 5)","2,3"
scene_14789,8,"(4, 5)","5,6"
scene_14187,8,"(1, 2)","2,3"
scene_11058,8,"(4, 5)","4,5"
scene_10133,8,"(1, 2)","2,3"
scene_10032,7,"(0, 1)","2,3"
scene_11480,7,"(0, 1)","3,4"
scene_10225,7,"(5, 6)","6,7"
scene_10858,8,"(5, 6)","5,6"
scene_11076,8,"(0, 1)","5,6"
scene_10870,8,"(1, 2)","2,3"
scene_14309,6,"(0, 1)","2,3"
scene_11156,7,"(0, 1)","2,3"
scene_14271,8,"(6, 7)","5,6"
scene_11803,7,"(2, 3)","3,4"
scene_12675,7,"(0, 1)","2,3"
scene_11905,7,"(4, 5)","5,6"
scene_10297,7,"(1, 2)","2,3"
scene_13978,8,"(2, 3)","3,4"
scene_10631,8,"(5, 6)","2,3"
scene_10371,8,"(3, 4)","3,4"
scene_11340,8,"(1, 2)","4,5"
scene_10030,8,"(4, 5)","2,3"
scene_12769,7,"(1, 2)","2,3"
scene_14893,8,"(5, 6)","6,7"
scene_12731,7,"(4, 5)","6,7"
scene_13763,8,"(4, 5)","5,6"
scene_13675,7,"(3, 4)","2,3"
scene_13214,7,"(1, 2)","6,7"
scene_11669,7,"(3, 4)","6,7"
scene_14606,8,"(6, 7)","6,7"
scene_14814,7,"(3, 4)","4,5"
scene_13794,8,"(1, 2)","2,3"
scene_13607,8,"(0, 1)","3,4"
scene_12252,8,"(0, 1)","2,3"
scene_14258,8,"(5, 6)","2,3"
scene_11637,7,"(3, 4)","6,7"
scene_10047,8,"(2, 3)","2,3"
scene_10676,7,"(3, 4)","4,5"
scene_13446,8,"(3, 4)","5,6"
scene_11783,8,"(3, 4)","2,3"
scene_14082,6,"(0, 1)","2,3"
scene_11462,8,"(5, 6)","6,7"
scene_11616,7,"(5, 6)","5,6"
scene_11315,7,"(5, 6)","2,3"
scene_10432,8,"(0, 1)","1,2"
scene_13699,8,"(0, 1)","1,2"
scene_14468,7,"(3, 4)","3,4"
scene_13351,7,"(5, 6)","6,7"
scene_10901,7,"(2, 3)","2,3"
scene_13219,7,"(0, 1)","2,3"
scene_10723,7,"(1, 2)","2,3"
scene_10337,8,"(1, 2)","2,3"
scene_12185,8,"(1, 2)","3,4"
scene_10996,8,"(4, 5)","4,5"
scene_11279,8,"(3, 4)","2,3"
scene_13268,8,"(1, 2)","2,3"
scene_13043,8,"(3, 4)","2,3"
scene_13861,7,"(1, 2)","2,3"
scene_11182,7,"(2, 3)","2,3"
scene_11330,8,"(3, 4)","2,3"
scene_13912,7,"(1, 2)","5,6"
scene_13452,7,"(0, 1)","1,2"
scene_11275,7,"(3, 4)","3,4"
scene_13836,8,"(6, 7)","1,2"
scene_14066,6,"(4, 5)","2,3"
scene_10876,7,"(0, 1)","2,3"
scene_13484,8,"(0, 1)","1,2"
scene_10293,8,"(5, 6)","2,3"
scene_10056,8,"(4, 5)","2,3"
scene_10474,8,"(6, 7)","6,7"
scene_13053,7,"(0, 1)","2,3"
scene_10918,8,"(0, 1)","7,8"
scene_14815,8,"(6, 7)","2,3"
scene_11730,7,"(1, 2)","2,3"
scene_13934,8,"(1, 2)","2,3"
scene_14160,7,"(3, 4)","2,3"
scene_10348,7,"(3, 4)","4,5"
scene_13481,7,"(3, 4)","2,3"
scene_14038,7,"(1, 2)","1,2"
scene_11157,8,"(6, 7)","2,3"
scene_13350,8,"(3, 4)","6,7"
scene_11447,6,"(0, 1)","1,2"
scene_10418,7,"(1, 2)","4,5"
scene_10712,8,"(3, 4)","2,3"
scene_12150,8,"(0, 1)","7,8"
scene_14803,8,"(3, 4)","2,3"
scene_11658,8,"(2, 3)","3,4"
scene_14570,7,"(3, 4)","4,5"
scene_10101,7,"(2, 3)","3,4"
scene_11613,8,"(3, 4)","2,3"
scene_11434,8,"(5, 6)","2,3"
scene_10759,8,"(5, 6)","2,3"
scene_14903,8,"(6, 7)","1,2"
scene_13166,7,"(4, 5)","5,6"
scene_13197,8,"(5, 6)","2,3"
scene_12357,8,"(5, 6)","2,3"
scene_11071,8,"(3, 4)","2,3"
scene_12893,8,"(1, 2)","2,3"
scene_11097,7,"(1, 2)","2,3"
scene_12756,7,"(2, 3)","3,4"
scene_12143,8,"(1, 2)","3,4"
scene_12216,7,"(0, 1)","2,3"
scene_12710,7,"(4, 5)","2,3"
scene_13240,8,"(5, 6)","2,3"
scene_11982,8,"(4, 5)","2,3"
scene_11453,8,"(0, 1)","1,2"
scene_10389,7,"(5, 6)","4,5"
scene_13393,8,"(2, 3)","5,6"
scene_10934,7,"(0, 1)","2,3"
scene_14851,7,"(0, 1)","2,3"
scene_14921,8,"(4, 5)","2,3"
scene_10433,6,"(3, 4)","4,5"
scene_13545,8,"(4, 5)","2,3"
scene_13692,7,"(4, 5)","2,3"
scene_10078,8,"(1, 2)","2,3"
scene_13463,8,"(0, 1)","2,3"
scene_14709,8,"(4, 5)","2,3"
scene_14100,7,"(0, 1)","2,3"
scene_11244,7,"(1, 2)","2,3"
scene_10402,7,"(0, 1)","2,3"
scene_13002,8,"(4, 5)","2,3"
scene_11188,8,"(0, 1)","1,2"
scene_14099,5,"(1, 2)","1,2"
scene_12758,6,"(3, 4)","2,3"
scene_12055,8,"(0, 1)","2,3"
scene_14882,7,"(4, 5)","5,6"
scene_10010,8,"(1, 2)","6,7"
scene_13109,8,"(4, 5)","5,6"
scene_12828,8,"(4, 5)","6,7"
scene_12610,8,"(0, 1)","5,6"
scene_14932,7,"(4, 5)","6,7"
scene_10847,8,"(0, 1)","2,3"
scene_13605,8,"(3, 4)","4,5"
scene_12397,8,"(5, 6)","5,6"
scene_12464,7,"(4, 5)","2,3"
scene_12849,8,"(4, 5)","7,8"
scene_13721,7,"(4, 5)","6,7"
scene_13304,8,"(2, 3)","2,3"
scene_10892,8,"(2, 3)","2,3"
scene_11714,8,"(1, 2)","3,4"
scene_10364,7,"(5, 6)","3,4"
scene_11748,8,"(5, 6)","6,7"
scene_14205,7,"(2, 3)","2,3"
scene_13269,8,"(1, 2)","2,3"
scene_12104,7,"(2, 3)","3,4"
scene_13544,7,"(3, 4)","2,3"
scene_14950,5,"(1, 2)","2,3"
scene_14030,8,"(5, 6)","2,3"
scene_13784,7,"(5, 6)","2,3"
scene_14542,7,"(2, 3)","3,4"
scene_10428,7,"(3, 4)","6,7"
scene_13964,8,"(2, 3)","2,3"
scene_12774,8,"(6, 7)","8,7"
scene_10799,8,"(0, 1)","2,3"
scene_10743,6,"(0, 1)","2,3"
scene_10084,7,"(3, 4)","3,4"
scene_10096,8,"(4, 5)","4,5"
scene_13220,5,"(0, 1)","4,5"
scene_12888,7,"(0, 1)","2,3"
scene_12740,7,"(4, 5)","6,7"
scene_12792,8,"(1, 2)","2,3"
scene_13095,8,"(4, 5)","5,6"
scene_10552,8,"(2, 3)","2,3"
scene_13922,8,"(1, 2)","2,3"
scene_11981,5,"(2, 3)","2,3"
scene_10268,7,"(0, 1)","6,7"
scene_12180,7,"(1, 2)","2,3"
scene_11075,8,"(2, 3)","7,8"
scene_12380,8,"(2, 3)","2,3"
scene_14241,7,"(1, 2)","2,3"
scene_12486,7,"(3, 4)","2,3"
scene_11953,7,"(4, 5)","2,3"
scene_11319,7,"(5, 6)","2,3"
scene_13994,7,"(2, 3)","2,3"
scene_12611,8,"(4, 5)","3,4"
scene_11636,8,"(6, 7)","5,6"
scene_13098,8,"(5, 6)","2,3"
scene_14461,5,"(0, 1)","4,5"
scene_13067,8,"(5, 6)","8,1"
scene_13563,8,"(6, 7)","7,8"
scene_10052,8,"(4, 5)","2,3"
scene_10473,8,"(2, 3)","2,3"
scene_12249,7,"(5, 6)","6,7"
scene_12599,8,"(0, 1)","2,3"
scene_12193,6,"(1, 2)","2,3"
scene_14863,8,"(2, 3)","2,3"
scene_11900,8,"(0, 1)","5,6"
scene_13121,7,"(0, 1)","2,3"
scene_10320,8,"(5, 6)","1,2"
scene_13851,7,"(4, 5)","5,6"
scene_10873,8,"(1, 2)","5,6"
scene_12243,8,"(2, 3)","2,3"
scene_10097,6,"(2, 3)","6,1"
scene_11150,6,"(4, 5)","4,5"
scene_13258,8,"(1, 2)","3,4"
scene_13620,7,"(5, 6)","5,6"
scene_13206,7,"(2, 3)","2,3"
scene_14314,7,"(1, 2)","4,5"
scene_11408,8,"(5, 6)","5,6"
scene_11399,8,"(5, 6)","7,8"
scene_13441,8,"(6, 7)","7,8"
scene_12415,8,"(2, 3)","2,3"
scene_11197,7,"(4, 5)","5,6"
scene_11708,7,"(3, 4)","5,6"
scene_13528,7,"(2, 3)","2,3"
scene_10196,6,"(0, 1)","2,3"
scene_13677,8,"(0, 1)","2,3"
scene_12624,8,"(5, 6)","2,3"
scene_14097,7,"(3, 4)","4,5"
scene_12269,8,"(6, 7)","6,7"
scene_10490,8,"(2, 3)","2,3"
scene_14425,8,"(0, 1)","1,2"
scene_12840,8,"(0, 1)","2,3"
scene_11623,7,"(2, 3)","4,6"
scene_13707,7,"(1, 2)","4,5"
scene_11682,7,"(5, 6)","3,4"
scene_13635,8,"(2, 3)","2,3"
scene_11581,8,"(1, 2)","2,3"
scene_11116,7,"(5, 6)","2,3"
scene_13726,7,"(3, 4)","5,6"
scene_10392,7,"(4, 5)","4,5"
scene_13418,8,"(5, 6)","6,7"
scene_10086,7,"(3, 4)","6,7"
scene_11335,8,"(4, 5)","5,6"
scene_13596,7,"(0, 1)","4,5"
scene_13543,7,"(0, 1)","4,5"
scene_11141,7,"(0, 1)","2,3"
scene_13376,7,"(5, 6)","6,7"
scene_13822,7,"(1, 2)","2,3"
scene_10650,8,"(4, 5)","2,3"
scene_12902,7,"(0, 1)","2,3"
scene_11917,8,"(6, 7)","2,3"
scene_14578,7,"(2, 3)","3,4"
scene_13824,8,"(4, 5)","2,3"
scene_13996,6,"(4, 5)","4,5"
scene_14766,8,"(1, 2)","2,3"
scene_10041,7,"(3, 4)","4,5"
scene_14853,7,"(1, 2)","5,6"
scene_13797,8,"(0, 1)","2,3"
scene_14312,8,"(2, 3)","2,3"
scene_14438,8,"(2, 3)","2,3"
scene_10999,7,"(0, 1)","2,3"
scene_10073,8,"(2, 3)","3,4"
scene_12932,7,"(1, 2)","2,3"
scene_13093,8,"(5, 6)","5,6"
scene_14134,8,"(1, 2)","2,3"
scene_11405,6,"(0, 1)","2,3"
scene_12160,7,"(2, 3)","2,3"
scene_11975,7,"(4, 5)","2,3"
scene_11831,8,"(6, 7)","2,3"
scene_13856,7,"(3, 4)","4,5"
scene_13055,8,"(4, 5)","2,3"
scene_11767,7,"(5, 6)","5,6"
scene_12454,8,"(1, 2)","2,3"
scene_12350,7,"(1, 2)","2,3"
scene_12983,8,"(6, 7)","4,5"
scene_13086,8,"(1, 2)","2,3"
scene_12482,8,"(6, 7)","7,8"
scene_13168,8,"(6, 7)","6,7"
scene_14308,7,"(1, 2)","2,3"
scene_14313,8,"(3, 4)","4,5"
scene_10484,7,"(0, 1)","2,3"
scene_11983,8,"(1, 2)","2,3"
scene_10861,8,"(5, 6)","2,3"
scene_10482,8,"(2, 3)","2,3"
scene_14757,7,"(3, 4)","4,5"
scene_13539,6,"(1, 2)","2,3"
scene_12496,8,"(2, 3)","2,3"
scene_10266,7,"(1, 2)","2,3"
scene_14627,7,"(5, 6)","3,4"
scene_12565,8,"(0, 1)","2,3"
scene_10431,7,"(3, 4)","2,3"
scene_14379,8,"(6, 7)","2,3"
scene_13158,8,"(0, 1)","2,3"
scene_11028,7,"(3, 4)","4,5"
scene_11744,7,"(1, 2)","3,4"
scene_12451,7,"(1, 2)","2,3"
scene_10931,6,"(3, 4)","2,3"
scene_12203,8,"(2, 3)","2,3"
scene_12115,8,"(2, 3)","2,3"
scene_12314,7,"(1, 2)","3,4"
scene_11533,6,"(1, 2)","2,3"
scene_12920,7,"(0, 1)","2,3"
scene_14166,8,"(5, 6)","2,3"
scene_11651,7,"(1, 2)","2,3"
scene_11358,7,"(3, 4)","4,5"
scene_13821,8,"(2, 3)","5,6"
scene_13679,8,"(2, 3)","6,7"
scene_12948,8,"(6, 7)","4,5"
scene_11663,7,"(0, 1)","2,3"
scene_13265,8,"(6, 7)","6,7"
scene_12377,8,"(2, 3)","2,3"
scene_12073,8,"(2, 3)","2,3"
scene_11709,8,"(5, 6)","2,3"
scene_10036,7,"(4, 5)","5,6"
scene_11080,8,"(3, 4)","8,9"
scene_14153,7,"(5, 6)","5,6"
scene_13432,8,"(6, 7)","7,8"
scene_12863,7,"(4, 5)","5,6"
scene_11292,4,"(1, 2)","1,2"
scene_12976,7,"(0, 1)","2,3"
scene_12639,8,"(0, 1)","6,7"
scene_10143,7,"(2, 3)","4,5"
scene_12881,6,"(1, 2)","2,3"
scene_13869,7,"(4, 5)","5,6"
scene_14809,7,"(2, 3)","4,5"
scene_14862,8,"(0, 1)","2,3"
scene_12075,8,"(0, 1)","1,2"
scene_11699,7,"(4, 5)","5,6"
scene_10897,8,"(3, 4)","2,3"
scene_14587,6,"(2, 3)","2,3"
scene_13085,7,"(5, 6)","4,5"
scene_11755,8,"(6, 7)","4,5"
scene_12773,7,"(2, 3)","6,7"
scene_10283,6,"(3, 4)","2,3"
scene_12754,7,"(4, 5)","4,5"
scene_10065,8,"(4, 5)","5,6"
scene_11059,8,"(0, 1)","5,6"
scene_12744,8,"(3, 4)","2,3"
scene_10305,8,"(4, 5)","7,8"
scene_12488,7,"(1, 2)","2,3"
scene_14977,8,"(2, 3)","1,2"
scene_11354,6,"(0, 1)","2,3"
scene_13222,8,"(5, 6)","7,8"
scene_10007,8,"(3, 4)","4,5"
scene_10104,8,"(0, 1)","8,1"
scene_11406,7,"(4, 5)","2,3"
scene_10534,8,"(6, 7)","7,8"
scene_14829,8,"(4, 5)","6,7"
scene_13798,8,"(5, 6)","6,7"
scene_13270,8,"(5, 6)","5,6"
scene_11851,8,"(5, 6)","3,4"
scene_13540,8,"(5, 6)","2,3"
scene_13709,8,"(5, 6)","2,3"
scene_12251,7,"(1, 2)","2,3"
scene_12887,8,"(2, 3)","4,5"
scene_12183,7,"(3, 4)","2,3"
scene_12393,8,"(0, 1)","2,3"
scene_13878,8,"(5, 6)","6,7"
scene_12575,7,"(2, 3)","2,3"
scene_10008,6,"(4, 5)","5,6"
scene_14114,8,"(2, 3)","2,3"
scene_14080,8,"(5, 6)","6,7"
scene_13209,8,"(6, 7)","2,3"
scene_11768,6,"(0, 1)","2,3"
scene_12036,8,"(5, 6)","5,6"
scene_14959,7,"(2, 3)","2,3"
scene_12234,6,"(4, 5)","2,3"
scene_11239,7,"(2, 3)","2,3"
scene_10825,8,"(5, 6)","5,6"
scene_10894,8,"(3, 4)","4,5"
scene_12940,8,"(2, 3)","2,3"
scene_14897,8,"(3, 4)","2,3"
scene_12972,7,"(5, 6)","4,5"
scene_14168,8,"(2, 3)","2,3"
scene_14424,8,"(4, 5)","2,3"
scene_10916,8,"(1, 2)","3,4"
scene_11370,7,"(1, 2)","4,5"
scene_11855,6,"(3, 4)","2,3"
scene_10092,7,"(5, 6)","3,4"
scene_13079,8,"(3, 4)","3,4"
scene_10167,7,"(5, 6)","5,6"
scene_10709,8,"(5, 6)","6,7"
scene_10923,7,"(1, 2)","4,5"
scene_14836,7,"(4, 5)","5,6"
scene_11954,8,"(4, 5)","5,6"
scene_14564,7,"(2, 3)","2,3"
scene_10969,8,"(3, 4)","2,3"
scene_12664,7,"(4, 5)","5,6"
scene_14132,8,"(6, 7)","7,8"
scene_10814,8,"(0, 1)","2,3"
scene_11705,8,"(2, 3)","2,3"
scene_11169,8,"(2, 3)","4,5"
scene_12097,8,"(1, 2)","2,3"
scene_11132,8,"(3, 4)","5,6"
scene_11167,7,"(4, 5)","4,5"
scene_12728,8,"(4, 5)","5,6"
scene_13786,7,"(5, 6)","4,5"
scene_13553,7,"(2, 3)","3,4"
scene_11450,6,"(3, 4)","2,3"
scene_11515,8,"(3, 4)","6,7"
scene_10837,8,"(3, 4)","5,6"
scene_10051,8,"(5, 6)","6,7"
scene_11514,8,"(1, 2)","2,3"
scene_12293,8,"(4, 5)","2,3"
scene_14239,8,"(3, 4)","2,3"
scene_11776,8,"(6, 7)","3,4"
scene_14705,8,"(6, 7)","2,3"
scene_14297,8,"(5, 6)","6,7"
scene_12107,8,"(1, 2)","4,5"
scene_14651,8,"(5, 6)","2,3"
scene_10583,8,"(0, 1)","2,3"
scene_11369,7,"(2, 3)","2,3"
scene_13255,7,"(4, 5)","5,6"
scene_12308,7,"(5, 6)","3,4"
scene_10519,8,"(5, 6)","6,7"
scene_11985,7,"(4, 5)","4,5"
scene_13062,8,"(2, 3)","2,3"
scene_10162,8,"(0, 1)","2,3"
scene_12658,8,"(6, 7)","6,7"
scene_11779,7,"(1, 2)","2,3"
scene_11233,8,"(5, 6)","2,3"
scene_12814,8,"(2, 3)","8,1"
scene_12369,7,"(1, 2)","4,5"
scene_13223,7,"(1, 2)","2,3"
scene_13346,4,"(0, 1)","2,3"
scene_13119,8,"(0, 1)","2,3"
scene_12276,7,"(0, 1)","1,2"
scene_11808,8,"(1, 2)","2,3"
scene_14009,8,"(3, 4)","5,6"
scene_10620,7,"(4, 5)","3,4"
scene_14404,6,"(0, 1)","2,3"
scene_11977,8,"(3, 4)","2,3"
scene_14474,8,"(3, 4)","2,3"
scene_10454,8,"(5, 6)","4,5"
scene_11273,8,"(4, 5)","2,3"
scene_13018,7,"(1, 2)","2,3"
scene_11643,8,"(5, 6)","6,7"
scene_11148,7,"(5, 6)","1,2"
scene_13865,8,"(3, 4)","2,3"
scene_12583,7,"(3, 4)","4,5"
scene_14022,6,"(3, 4)","4,5"
scene_14078,6,"(1, 2)","2,3"
scene_13281,7,"(1, 2)","3,4"
scene_12821,8,"(5, 6)","6,7"
scene_11781,8,"(5, 6)","6,7"
scene_12032,8,"(0, 1)","4,5"
scene_13292,8,"(6, 7)","6,7"
scene_12963,6,"(0, 1)","2,3"
scene_13263,7,"(3, 4)","6,7"
scene_11215,7,"(1, 2)","5,6"
scene_12191,8,"(1, 2)","2,3"
scene_13262,7,"(5, 6)","4,5"
scene_14965,8,"(4, 5)","5,6"
scene_13218,8,"(3, 4)","2,3"
scene_13897,7,"(0, 1)","2,3"
scene_14026,8,"(4, 5)","4,5"
scene_14835,8,"(1, 2)","2,3"
scene_10731,7,"(0, 1)","2,3"
scene_12807,7,"(3, 4)","2,3"
scene_14483,7,"(1, 2)","3,4"
scene_12875,8,"(6, 7)","6,7"
scene_11666,8,"(3, 4)","8,1"
scene_14963,8,"(5, 6)","5,6"
scene_12470,8,"(4, 5)","5,6"
scene_12372,8,"(4, 5)","5,6"
scene_10393,6,"(4, 5)","5,6"
scene_11382,8,"(2, 3)","2,3"
scene_13387,6,"(3, 4)","2,3"
scene_12606,8,"(4, 5)","7,8"
scene_10774,8,"(6, 7)","5,6"
scene_12937,6,"(4, 5)","2,3"
scene_11771,5,"(3, 4)","4,5"
scene_13844,7,"(4, 5)","4,5"
scene_10108,8,"(3, 4)","2,3"
scene_13810,7,"(1, 2)","2,3"
scene_13033,7,"(5, 6)","6,7"
scene_10603,8,"(6, 7)","6,7"
scene_11526,7,"(3, 4)","4,5"
scene_10742,8,"(3, 4)","2,3"
scene_11124,7,"(2, 3)","6,7"
scene_13019,7,"(1, 2)","2,3"
scene_12233,6,"(2, 3)","2,3"
scene_11847,7,"(4, 5)","5,6"
scene_10776,7,"(3, 4)","4,5"
scene_10602,5,"(1, 2)","2,3"
scene_14202,8,"(2, 3)","6,7"
scene_14410,7,"(3, 4)","3,4"
scene_12770,7,"(0, 1)","2,3"
scene_10470,7,"(5, 6)","6,7"
scene_12027,6,"(2, 3)","2,3"
scene_12256,7,"(1, 2)","2,3"
scene_14430,8,"(2, 3)","6,7"
scene_12008,8,"(2, 3)","3,4"
scene_13619,7,"(2, 3)","4,5"
scene_11551,7,"(4, 5)","4,5"
scene_13889,7,"(0, 1)","2,3"
scene_10834,8,"(1, 2)","2,3"
scene_14770,7,"(1, 2)","2,3"
scene_11513,8,"(1, 2)","7,8"
scene_10264,7,"(3, 4)","4,5"
scene_13340,8,"(5, 6)","6,7"
scene_13007,8,"(1, 2)","2,3"
scene_10643,8,"(5, 6)","5,6"
scene_10206,8,"(1, 2)","2,3"
scene_10446,8,"(0, 1)","2,3"
scene_10700,7,"(3, 4)","2,3"
scene_14701,8,"(3, 4)","6,7"
scene_14398,7,"(2, 3)","3,4"
scene_10043,8,"(4, 5)","2,3"
scene_11535,8,"(3, 4)","2,3"
scene_10197,8,"(3, 4)","4,5"
scene_12401,7,"(0, 1)","2,3"
scene_12322,8,"(1, 2)","4,5"
scene_11813,7,"(3, 4)","5,6"
scene_14572,8,"(3, 4)","5,6"
scene_13242,7,"(4, 5)","6,7"
scene_10150,7,"(5, 6)","6,7"
scene_11336,8,"(0, 1)","1,2"
scene_13427,8,"(6, 7)","4,5"
scene_11653,7,"(4, 5)","2,3"
scene_11857,7,"(3, 4)","2,3"
scene_12922,8,"(3, 4)","4,5"
scene_10515,8,"(0, 1)","1,2"
scene_10035,8,"(2, 3)","2,3"
scene_14553,8,"(2, 3)","2,3"
scene_12903,7,"(3, 4)","2,3"
scene_10080,8,"(6, 7)","8,7"
scene_14053,8,"(6, 7)","7,8"
scene_14634,8,"(3, 4)","2,3"
scene_12730,7,"(4, 5)","2,3"
scene_11401,8,"(5, 6)","2,3"
scene_12659,8,"(5, 6)","6,7"
scene_12936,8,"(4, 5)","2,3"
scene_13486,8,"(6, 7)","6,7"
scene_10429,8,"(4, 5)","2,3"
scene_12735,8,"(1, 2)","2,3"
scene_11618,5,"(3, 4)","2,3"
scene_14547,8,"(1, 2)","2,3"
scene_13141,6,"(2, 3)","2,3"
scene_10232,7,"(3, 4)","2,3"
scene_10978,8,"(3, 4)","2,3"
scene_10775,7,"(0, 1)","1,2"
scene_12581,6,"(3, 4)","2,3"
scene_12348,7,"(2, 3)","5,6"
scene_10352,8,"(5, 6)","5,6"
scene_10685,8,"(5, 6)","6,7"
scene_13474,8,"(6, 7)","2,3"
scene_10827,7,"(3, 4)","6,7"
scene_10684,8,"(5, 6)","5,6"
scene_10855,8,"(1, 2)","2,3"
scene_12752,8,"(6, 7)","7,8"
scene_14603,7,"(3, 4)","6,7"
scene_14902,7,"(1, 2)","3,4"
scene_13046,8,"(4, 5)","5,6"
scene_12776,8,"(4, 5)","2,3"
scene_13215,8,"(0, 1)","1,2"
scene_10800,8,"(3, 4)","1,2"
scene_14280,7,"(4, 5)","2,3"
scene_12590,8,"(4, 5)","6,7"
scene_12837,8,"(5, 6)","5,6"
scene_14505,6,"(0, 1)","5,6"
scene_10457,8,"(0, 1)","2,3"
scene_13256,8,"(5, 6)","7,8"
scene_12245,8,"(3, 4)","2,3"
scene_12118,7,"(1, 2)","2,3"
scene_10380,8,"(6, 7)","2,3"
scene_10189,8,"(3, 4)","2,3"
scene_14919,8,"(1, 2)","5,6"
scene_14093,8,"(0, 1)","2,3"
scene_10658,6,"(2, 3)","3,4"
scene_12329,8,"(3, 4)","2,3"
scene_12550,8,"(2, 3)","2,3"
scene_13941,5,"(1, 2)","2,3"
scene_11278,7,"(3, 4)","4,5"
scene_13426,8,"(2, 3)","2,3"
scene_10408,8,"(2, 3)","2,3"
scene_14060,8,"(6, 7)","2,3"
scene_11942,7,"(3, 4)","4,5"
scene_14982,6,"(2, 3)","3,4"
scene_12529,8,"(6, 7)","8,7"
scene_13035,7,"(3, 4)","2,3"
scene_13617,8,"(2, 3)","2,3"
scene_11070,8,"(6, 7)","2,3"
scene_14174,8,"(0, 1)","2,3"
scene_11454,7,"(3, 4)","2,3"
scene_13497,8,"(0, 1)","1,2"
scene_11796,8,"(5, 6)","2,3"
scene_14998,8,"(4, 5)","2,3"
scene_14443,8,"(0, 1)","2,3"
scene_11809,7,"(2, 3)","2,3"
scene_10641,7,"(1, 2)","2,3"
scene_12974,6,"(0, 1)","2,3"
scene_10887,8,"(6, 7)","2,3"
scene_11207,8,"(5, 6)","2,3"
scene_14342,8,"(0, 1)","2,3"
scene_14541,8,"(6, 7)","4,7"
scene_14178,7,"(0, 1)","4,5"
scene_11933,8,"(1, 2)","2,3"
scene_12491,7,"(1, 2)","2,3"
scene_11230,8,"(6, 7)","4,5"
scene_11659,8,"(0, 1)","3,4"
scene_10586,6,"(4, 5)","2,3"
scene_10403,8,"(1, 2)","7,8"
scene_11836,7,"(1, 2)","2,3"
scene_10098,8,"(1, 2)","2,3"
scene_10956,7,"(3, 4)","6,7"
scene_11654,8,"(5, 6)","2,3"
scene_10288,7,"(0, 1)","2,3"
scene_10677,7,"(4, 5)","5,6"
scene_11564,7,"(1, 2)","2,3"
scene_11303,8,"(3, 4)","5,6"
scene_11987,8,"(5, 6)","2,3"
scene_11384,8,"(2, 3)","7,8"
scene_13953,7,"(2, 3)","5,6"
scene_13971,8,"(1, 2)","6,7"
scene_10420,8,"(4, 5)","2,3"
scene_11814,7,"(4, 5)","2,3"
scene_12548,8,"(5, 6)","2,3"
scene_12265,8,"(5, 6)","6,7"
scene_11548,7,"(0, 1)","2,3"
scene_11430,8,"(6, 7)","6,7"
scene_14588,7,"(1, 2)","2,3"
scene_11428,7,"(2, 3)","2,3"
scene_10622,7,"(0, 1)","2,3"
scene_12119,8,"(4, 5)","5,6"
scene_13631,8,"(0, 1)","2,3"
scene_11368,8,"(2, 3)","7,8"
scene_13434,8,"(4, 5)","2,3"
scene_12013,8,"(5, 6)","6,7"
scene_10495,8,"(3, 4)","2,3"
scene_11079,8,"(3, 4)","7,8"
scene_10609,7,"(5, 6)","2,3"
scene_10346,8,"(1, 2)","2,3"
scene_10095,8,"(0, 1)","2,3"
scene_14485,7,"(4, 5)","2,3"
scene_13413,7,"(5, 6)","2,3"
scene_13725,8,"(6, 7)","2,3"
scene_12645,8,"(5, 6)","6,7"
scene_13816,7,"(1, 2)","2,3"
scene_14557,8,"(0, 1)","3,4"
scene_13044,8,"(5, 6)","2,3"
scene_14958,7,"(2, 3)","4,5"
scene_13320,7,"(5, 6)","6,7"
scene_11030,7,"(4, 5)","6,7"
scene_11062,8,"(6, 7)","2,3"
scene_10020,8,"(0, 1)","2,3"
scene_13723,8,"(6, 7)","6,7"
scene_12475,8,"(4, 5)","2,3"
scene_11109,8,"(6, 7)","7,8"
scene_14599,8,"(0, 1)","1,2"
scene_11890,7,"(2, 3)","2,3"
scene_12315,7,"(4, 5)","2,3"
scene_14771,8,"(3, 4)","2,3"
scene_13030,8,"(5, 6)","6,7"
scene_14940,7,"(2, 3)","5,6"
scene_10777,8,"(0, 1)","3,4"
scene_10667,8,"(4, 5)","5,6"
scene_11656,7,"(5, 6)","2,3"
scene_13714,8,"(2, 3)","6,7"
scene_11196,8,"(0, 1)","2,3"
scene_11395,7,"(3, 4)","4,5"
scene_11649,7,"(3, 4)","4,5"
scene_14291,7,"(0, 1)","2,3"
scene_10385,5,"(3, 4)","2,3"
scene_10560,8,"(2, 3)","2,3"
scene_11042,8,"(5, 6)","1,2"
scene_13686,8,"(6, 7)","4,5"
scene_10903,8,"(3, 4)","4,5"
scene_10505,7,"(5, 6)","2,3"
scene_11601,8,"(1, 2)","2,3"
scene_12555,7,"(3, 4)","2,3"
scene_10170,6,"(1, 2)","2,3"
scene_14850,7,"(5, 6)","5,6"
scene_10751,7,"(4, 5)","3,4"
scene_11198,8,"(5, 6)","6,7"
scene_13580,8,"(2, 3)","2,3"
scene_10049,7,"(4, 5)","2,3"
scene_11612,8,"(6, 7)","2,3"
scene_11294,7,"(4, 5)","5,6"
scene_10110,8,"(6, 7)","2,3"
scene_11092,8,"(3, 4)","7,8"
scene_14916,8,"(3, 4)","2,3"
scene_10358,7,"(3, 4)","4,5"
scene_10069,7,"(5, 6)","5,6"
scene_11595,7,"(4, 5)","6,7"
scene_12597,8,"(2, 3)","2,3"
scene_14811,8,"(2, 3)","2,3"
scene_12214,7,"(1, 2)","4,5"
scene_13704,7,"(0, 1)","2,3"
scene_11871,8,"(2, 3)","2,3"
scene_13129,8,"(3, 4)","6,7"
scene_13737,8,"(1, 2)","5,6"
scene_14286,8,"(6, 7)","2,3"
scene_11078,6,"(3, 4)","5,6"
scene_14801,8,"(4, 5)","6,7"
scene_13347,7,"(4, 5)","2,3"
scene_12382,8,"(5, 6)","6,7"
scene_13556,7,"(3, 4)","2,3"
scene_13630,8,"(2, 3)","2,3"
scene_11050,7,"(0, 1)","2,3"
scene_11350,8,"(3, 4)","6,7"
scene_13369,8,"(6, 7)","2,3"
scene_14185,8,"(2, 3)","2,3"
scene_10243,8,"(1, 2)","3,4"
scene_14642,7,"(3, 4)","4,5"
scene_11260,8,"(1, 2)","6,7"
scene_11605,7,"(2, 3)","3,4"
scene_10144,8,"(6, 7)","2,3"
scene_11152,8,"(2, 3)","3,4"
scene_13282,7,"(2, 3)","5,6"
scene_13688,7,"(2, 3)","2,3"
scene_12246,7,"(4, 5)","2,3"
scene_13921,7,"(5, 6)","2,3"
scene_12808,6,"(2, 3)","3,4"
scene_12871,7,"(4, 5)","2,3"
scene_10944,7,"(0, 1)","1,2"
scene_11500,7,"(4, 5)","2,3"
scene_12015,8,"(1, 2)","2,3"
scene_12691,5,"(0, 1)","2,4"
scene_12843,8,"(1, 2)","3,4"
scene_13503,8,"(5, 6)","2,3"
scene_12465,7,"(3, 4)","4,5"
scene_14229,6,"(3, 4)","3,4"
scene_12261,7,"(4, 5)","2,3"
scene_14754,7,"(1, 2)","2,3"
scene_11598,8,"(5, 6)","7,8"
scene_13247,7,"(3, 4)","4,5"
scene_13003,7,"(5, 6)","6,7"
scene_12523,8,"(5, 6)","7,8"
scene_11701,8,"(3, 4)","6,7"
scene_12070,7,"(3, 4)","5,6"
scene_10706,7,"(0, 1)","2,3"
scene_14175,8,"(0, 1)","3,4"
scene_12901,8,"(2, 3)","2,3"
scene_14428,8,"(1, 2)","2,3"
scene_11090,7,"(3, 4)","1,2"
scene_14374,8,"(5, 6)","5,6"
scene_13123,8,"(1, 2)","2,3"
scene_14006,8,"(2, 3)","2,3"
scene_10228,7,"(5, 6)","2,3"
scene_10365,8,"(4, 5)","2,3"
scene_10806,6,"(2, 3)","2,3"
scene_12907,8,"(3, 4)","3,4"
scene_13638,7,"(4, 5)","6,7"
scene_10911,8,"(4, 5)","1,2"
scene_13982,7,"(2, 3)","4,5"
scene_12882,8,"(3, 4)","2,3"
scene_12098,8,"(5, 6)","2,3"
scene_13448,7,"(4, 5)","5,6"
scene_13088,8,"(2, 3)","2,3"
scene_12704,8,"(2, 3)","2,3"
scene_10499,8,"(5, 6)","2,3"
scene_11013,8,"(3, 4)","5,6"
scene_12422,8,"(2, 3)","2,3"
scene_11777,7,"(2, 3)","3,4"
scene_11760,8,"(2, 3)","2,3"
scene_13937,8,"(1, 2)","2,3"
scene_14462,7,"(0, 1)","2,3"
scene_11348,7,"(5, 6)","6,7"
scene_13935,7,"(1, 2)","2,3"
scene_10139,8,"(2, 3)","2,3"
scene_12385,8,"(0, 1)","2,3"
scene_10309,7,"(5, 6)","6,7"
scene_14422,7,"(4, 5)","2,3"
scene_11727,8,"(6, 7)","2,3"
scene_11916,8,"(5, 6)","6,7"
scene_11129,8,"(1, 2)","6,7"
scene_13175,8,"(1, 2)","4,5"
scene_14386,8,"(1, 2)","8,7"
scene_12435,8,"(5, 6)","6,7"
scene_11754,8,"(3, 4)","4,5"
scene_13210,7,"(2, 3)","3,4"
scene_10984,8,"(5, 6)","2,3"
scene_13585,8,"(4, 5)","2,3"
scene_11861,8,"(6, 7)","2,3"
scene_14583,7,"(4, 5)","4,5"
scene_12816,8,"(4, 5)","6,7"
scene_12992,7,"(2, 3)","1,2"
scene_12457,7,"(0, 1)","2,3"
scene_11728,8,"(6, 7)","6,7"
scene_10940,6,"(1, 2)","2,3"
scene_14164,8,"(2, 3)","6,7"
scene_14691,7,"(1, 2)","6,7"
scene_13758,8,"(2, 3)","2,3"
scene_11123,8,"(1, 2)","2,3"
scene_11580,7,"(2, 3)","2,3"
scene_13780,8,"(0, 1)","2,3"
scene_12834,8,"(5, 6)","3,4"
scene_14253,8,"(4, 5)","5,6"
scene_14223,8,"(1, 2)","3,4"
scene_10413,6,"(2, 3)","2,3"
scene_13860,5,"(0, 1)","2,3"
scene_14881,8,"(0, 1)","1,2"
scene_11460,8,"(4, 5)","2,3"
scene_10040,8,"(2, 3)","2,3"
scene_13974,7,"(5, 6)","2,3"
scene_11853,7,"(1, 2)","2,3"
scene_14340,7,"(5, 6)","3,4"
scene_10184,6,"(3, 4)","5,6"
scene_13022,7,"(0, 1)","2,3"
scene_11005,8,"(6, 7)","2,3"
scene_11323,8,"(0, 1)","6,7"
scene_14357,8,"(4, 5)","7,8"
scene_11009,5,"(2, 3)","2,3"
scene_14887,8,"(3, 4)","2,3"
scene_12165,8,"(3, 4)","4,5"
scene_13213,8,"(3, 4)","2,3"
scene_14699,7,"(2, 3)","2,3"
scene_12108,8,"(1, 2)","6,7"
scene_14720,7,"(0, 1)","2,3"
scene_11200,8,"(2, 3)","2,3"
scene_13391,8,"(6, 7)","2,3"
scene_12689,7,"(3, 4)","1,2"
scene_10727,8,"(0, 1)","2,3"
scene_13820,7,"(0, 1)","2,3"
scene_10450,7,"(3, 4)","4,5"
scene_10114,8,"(3, 4)","2,3"
scene_10546,8,"(0, 1)","2,3"
scene_13379,7,"(4, 5)","5,6"
scene_11893,8,"(5, 6)","2,3"
scene_14545,8,"(5, 6)","6,7"
scene_14196,8,"(0, 1)","1,2"
scene_12383,8,"(1, 2)","2,3"
scene_10733,8,"(1, 2)","2,3"
scene_11276,8,"(6, 7)","4,5"
scene_10119,7,"(4, 5)","4,5"
scene_14937,8,"(2, 3)","4,5"
scene_11108,8,"(0, 1)","2,3"
scene_12614,8,"(1, 2)","3,4"
scene_14740,8,"(0, 1)","2,3"
scene_12190,7,"(4, 5)","4,5"
scene_14755,7,"(3, 4)","3,4"
scene_10554,8,"(4, 5)","2,3"
scene_11710,8,"(4, 5)","2,3"
scene_14197,8,"(6, 7)","7,8"
scene_11774,7,"(4, 5)","2,3"
scene_10705,7,"(1, 2)","5,6"
scene_11684,8,"(6, 7)","6,7"
scene_14715,7,"(4, 5)","2,3"
scene_11686,8,"(3, 4)","2,3"
scene_11107,7,"(3, 4)","2,3"
scene_10039,7,"(3, 4)","3,4"
scene_13131,8,"(2, 3)","3,4"
scene_11077,7,"(4, 5)","4,5"
scene_14065,8,"(3, 4)","5,6"
scene_13990,8,"(2, 3)","2,3"
scene_13639,7,"(4, 5)","5,6"
scene_12419,7,"(4, 5)","5,6"
scene_13335,7,"(0, 1)","2,3"
scene_12995,7,"(4, 5)","4,5"
scene_13738,7,"(5, 6)","3,4"
scene_13343,8,"(0, 1)","2,3"
scene_14248,7,"(1, 2)","2,3"
scene_11022,7,"(5, 6)","2,3"
scene_13360,8,"(1, 2)","2,3"
scene_10504,8,"(2, 3)","3,4"
scene_12152,8,"(5, 6)","2,3"
scene_12450,8,"(0, 1)","3,4"
scene_14870,8,"(1, 2)","3,4"
scene_13176,7,"(1, 2)","2,3"
scene_12504,6,"(1, 2)","2,3"
scene_12867,7,"(4, 5)","5,6"
scene_13146,7,"(0, 1)","2,3"
scene_12044,8,"(1, 2)","2,3"
scene_11376,7,"(0, 1)","1,2"
scene_11788,8,"(3, 4)","1,2"
scene_13712,7,"(3, 4)","4,5"
scene_12654,8,"(5, 6)","5,6"
scene_14394,8,"(4, 5)","1,2"
scene_13530,8,"(3, 4)","2,3"
scene_10888,7,"(2, 3)","4,5"
scene_14761,7,"(0, 1)","2,3"
scene_14363,6,"(1, 2)","2,3"
scene_14584,8,"(2, 3)","1,2"
scene_13729,8,"(5, 6)","2,3"
scene_10250,8,"(2, 3)","1,2"
scene_13736,8,"(5, 6)","6,7"
scene_14001,8,"(6, 7)","5,6"
scene_10263,7,"(3, 4)","6,7"
scene_10909,8,"(0, 1)","1,2"
scene_12813,7,"(5, 6)","2,3"
scene_12909,7,"(1, 2)","2,3"
scene_10044,8,"(2, 3)","7,8"
scene_11195,8,"(6, 7)","7,8"
scene_11313,7,"(5, 6)","2,3"
scene_12537,8,"(4, 5)","5,6"
scene_11372,8,"(5, 6)","5,6"
scene_11899,8,"(6, 7)","2,3"
scene_13104,7,"(1, 2)","2,3"
scene_11191,8,"(3, 4)","2,3"
scene_13078,6,"(0, 1)","1,2"
scene_10126,8,"(4, 5)","2,3"
scene_11568,8,"(1, 2)","2,3"
scene_13743,8,"(5, 6)","6,7"
scene_13923,8,"(1, 2)","2,3"
scene_11757,8,"(2, 3)","2,3"
scene_13913,7,"(1, 2)","2,3"
scene_14643,7,"(0, 1)","2,3"
scene_12719,8,"(0, 1)","2,3"
scene_12000,7,"(1, 2)","2,3"
scene_11139,7,"(2, 3)","2,3"
scene_14025,8,"(4, 5)","2,3"
scene_12601,8,"(5, 6)","2,3"
scene_11665,8,"(6, 7)","4,5"
scene_10356,7,"(4, 5)","2,3"
scene_14568,7,"(2, 3)","2,3"
scene_11930,8,"(3, 4)","2,3"
scene_14272,7,"(0, 1)","2,3"
scene_14834,7,"(3, 4)","4,5"
scene_11488,8,"(5, 6)","2,3"
scene_10729,8,"(2, 3)","2,3"
scene_13208,7,"(5, 6)","2,3"
scene_12855,8,"(3, 4)","1,2"
scene_12825,8,"(2, 3)","5,6"
scene_14711,8,"(4, 5)","2,3"
scene_14955,8,"(4, 5)","4,5"
scene_10082,7,"(3, 4)","5,6"
scene_11989,7,"(3, 4)","4,5"
scene_12999,8,"(0, 1)","5,6"
scene_14146,7,"(4, 5)","5,6"
scene_12749,7,"(0, 1)","2,6"
scene_12053,7,"(3, 4)","2,3"
scene_12824,8,"(5, 6)","4,5"
scene_12065,7,"(2, 3)","3,4"
scene_12595,7,"(4, 5)","2,3"
scene_10426,8,"(2, 3)","2,3"
scene_11552,7,"(0, 1)","2,3"
scene_14162,8,"(0, 1)","1,2"
scene_13080,8,"(1, 2)","4,5"
scene_12525,7,"(5, 6)","2,3"
scene_12227,7,"(4, 5)","6,7"
scene_13711,7,"(4, 5)","2,3"
scene_11772,8,"(0, 1)","2,3"
scene_13511,7,"(5, 6)","4,5"
scene_11860,8,"(6, 7)","2,3"
scene_11345,8,"(2, 3)","1,2"
scene_13697,8,"(4, 5)","7,8"
scene_11970,7,"(0, 1)","2,3"
scene_10416,6,"(1, 2)","2,3"
scene_14254,8,"(3, 4)","2,3"
scene_10479,7,"(4, 5)","2,3"
scene_14718,8,"(5, 6)","2,3"
scene_14744,7,"(3, 4)","6,7"
scene_10652,7,"(2, 3)","2,3"
scene_10669,7,"(1, 2)","3,4"
scene_12877,8,"(4, 5)","4,5"
scene_12858,6,"(3, 4)","4,5"
scene_10535,8,"(5, 6)","2,3"
scene_11240,8,"(6, 7)","2,3"
scene_12925,8,"(3, 4)","2,3"
scene_13815,8,"(0, 1)","2,3"
scene_13644,8,"(3, 4)","4,5"
scene_12923,8,"(2, 3)","6,7"
scene_11163,7,"(3, 4)","4,5"
scene_12481,8,"(2, 3)","7,8"
scene_10808,6,"(2, 3)","2,3"
scene_10273,8,"(5, 6)","2,3"
scene_14459,7,"(0, 1)","2,3"
scene_12971,8,"(6, 7)","6,7"
scene_12535,8,"(1, 2)","2,3"
scene_11723,8,"(2, 3)","2,3"
scene_11540,7,"(3, 4)","2,3"
scene_12459,8,"(5, 6)","6,7"
scene_10846,8,"(3, 4)","4,5"
scene_11065,8,"(2, 3)","3,4"
scene_14390,8,"(5, 6)","6,7"
scene_13031,8,"(3, 4)","5,6"
scene_12410,8,"(6, 7)","2,3"
scene_12095,8,"(6, 7)","7,8"
scene_13148,8,"(4, 5)","5,6"
scene_10122,7,"(0, 1)","2,3"
scene_11947,8,"(3, 4)","2,3"
scene_10860,6,"(0, 1)","2,3"
scene_10488,8,"(2, 3)","2,3"
scene_14049,8,"(2, 3)","5,6"
scene_12020,7,"(2, 3)","2,3"
scene_10212,7,"(0, 1)","2,3"
scene_10630,8,"(6, 7)","6,7"
scene_13165,8,"(3, 4)","6,7"
scene_12062,8,"(6, 7)","5,6"
scene_14607,7,"(4, 5)","4,5"
scene_14484,7,"(0, 1)","2,3"
scene_12567,8,"(5, 6)","6,7"
scene_11110,6,"(4, 5)","2,3"
scene_14765,7,"(3, 4)","2,3"
scene_12156,8,"(3, 4)","2,3"
scene_14993,7,"(0, 1)","2,3"
scene_11988,6,"(1, 2)","2,3"
scene_13527,7,"(4, 5)","4,5"
scene_12874,7,"(2, 3)","2,3"
scene_12082,6,"(4, 5)","1,2"
scene_11993,8,"(6, 7)","1,2"
scene_11011,7,"(3, 4)","4,5"
scene_14947,8,"(5, 6)","2,3"
scene_10755,7,"(3, 4)","4,5"
scene_13859,8,"(6, 7)","7,8"
scene_13672,8,"(0, 1)","2,3"
scene_14376,7,"(1, 2)","2,3"
scene_13529,8,"(2, 3)","3,4"
scene_14252,7,"(4, 5)","6,7"
scene_12511,7,"(1, 2)","2,3"
scene_11549,8,"(2, 3)","3,4"
scene_11467,7,"(3, 4)","3,4"
scene_13604,7,"(5, 6)","5,6"
scene_11270,8,"(3, 4)","6,7"
scene_12741,8,"(0, 1)","1,2"
scene_14101,8,"(0, 1)","1,2"
scene_10637,8,"(5, 6)","6,7"
scene_10579,8,"(4, 5)","5,6"
scene_10953,8,"(6, 7)","6,7"
scene_11923,7,"(1, 2)","2,3"
scene_10822,7,"(5, 6)","5,6"
scene_13489,7,"(1, 2)","2,3"
scene_14894,7,"(2, 3)","2,3"
scene_10458,7,"(4, 5)","2,3"
scene_10367,6,"(0, 1)","2,3"
scene_12847,8,"(4, 5)","5,6"
scene_11029,7,"(3, 4)","5,6"
scene_11698,7,"(0, 1)","2,3"
scene_12483,8,"(1, 2)","2,3"
scene_12979,7,"(0, 1)","2,3"
scene_12580,5,"(3, 4)","3,4"
scene_13796,8,"(0, 1)","6,7"
scene_12924,8,"(5, 6)","6,7"
scene_10853,7,"(1, 2)","2,3"
scene_13024,7,"(3, 4)","4,5"
scene_11571,8,"(5, 6)","5,6"
scene_14456,7,"(2, 3)","2,3"
scene_10859,8,"(4, 5)","5,6"
scene_11133,8,"(5, 6)","1,2"
scene_10072,8,"(2, 3)","2,3"
scene_13081,7,"(3, 4)","2,3"
scene_12931,7,"(3, 4)","2,3"
scene_14426,8,"(3, 4)","2,3"
scene_13588,8,"(1, 2)","6,7"
scene_13133,7,"(3, 4)","2,3"
scene_13490,8,"(4, 5)","2,3"
scene_13365,8,"(1, 2)","3,4"
scene_11840,6,"(3, 4)","2,3"
scene_11870,7,"(1, 2)","2,3"
scene_12760,7,"(4, 5)","5,6"
scene_12364,7,"(4, 5)","5,6"
scene_13817,8,"(5, 6)","5,6"
scene_12258,8,"(1, 2)","5,6"
scene_14727,7,"(0, 1)","1,2"
scene_12796,8,"(2, 3)","3,4"
scene_10523,7,"(3, 4)","2,3"
scene_13383,8,"(2, 3)","3,4"
scene_12910,6,"(4, 5)","2,3"
scene_11356,8,"(2, 3)","2,3"
scene_13458,8,"(6, 7)","4,5"
scene_11390,7,"(0, 1)","2,3"
scene_10113,7,"(2, 3)","4,5"
scene_12541,8,"(5, 6)","6,7"
scene_13648,8,"(2, 3)","2,3"
scene_14604,7,"(4, 5)","2,3"
scene_13291,7,"(4, 5)","4,5"
scene_12381,8,"(5, 6)","6,7"
scene_13627,7,"(3, 4)","2,3"
scene_13077,8,"(6, 7)","2,3"
scene_14218,7,"(1, 2)","2,3"
scene_10130,8,"(3, 4)","4,5"
scene_14446,7,"(4, 5)","4,5"
scene_10558,7,"(3, 4)","2,3"
scene_11420,8,"(2, 3)","2,3"
scene_10687,8,"(2, 3)","5,6"
scene_13690,7,"(4, 5)","2,3"
scene_11719,7,"(4, 5)","5,6"
scene_12274,8,"(3, 4)","4,5"
scene_11577,8,"(3, 4)","3,4"
scene_13170,8,"(2, 3)","5,6"
scene_13603,8,"(6, 7)","6,7"
scene_10531,8,"(1, 2)","2,3"
scene_11060,7,"(5, 6)","3,4"
scene_12215,8,"(1, 2)","6,7"
scene_13354,8,"(4, 5)","5,6"
scene_12441,8,"(3, 4)","8,7"
scene_13715,7,"(1, 2)","2,3"
scene_10023,7,"(3, 4)","5,6"
scene_14303,7,"(0, 1)","2,3"
scene_13914,7,"(2, 3)","5,6"
scene_14987,8,"(5, 6)","2,3"
scene_14403,7,"(3, 4)","2,3"
scene_13550,8,"(5, 6)","4,5"
scene_14489,8,"(6, 7)","2,3"
scene_13788,8,"(3, 4)","2,3"
scene_14356,7,"(3, 4)","4,5"
scene_10929,8,"(5, 6)","6,7"
scene_12400,8,"(6, 7)","2,3"
scene_14137,7,"(5, 6)","4,5"
scene_10176,8,"(1, 2)","2,3"
scene_13567,8,"(3, 4)","2,3"
scene_13518,7,"(0, 1)","2,3"
scene_13336,7,"(1, 2)","4,7"
scene_12166,8,"(4, 5)","6,7"
scene_14112,7,"(4, 5)","2,3"
scene_10135,8,"(2, 3)","7,8"
scene_12222,7,"(0, 1)","2,3"
scene_14512,8,"(6, 7)","4,5"
scene_11300,8,"(6, 7)","4,5"
scene_12997,7,"(3, 4)","5,6"
scene_10801,8,"(0, 1)","6,7"
scene_10670,7,"(4, 5)","5,6"
scene_12463,8,"(3, 4)","4,5"
scene_13411,8,"(0, 1)","1,2"
scene_14656,7,"(5, 6)","2,3"
scene_11048,7,"(1, 2)","2,3"
scene_13958,8,"(3, 4)","2,3"
scene_13198,8,"(6, 7)","2,3"
scene_12993,8,"(5, 6)","2,3"
scene_13006,7,"(1, 2)","5,6"
scene_13374,8,"(0, 1)","1,2"
scene_11431,8,"(3, 4)","6,7"
scene_11973,8,"(6, 7)","6,7"
scene_11099,6,"(2, 3)","4,5"
scene_11780,7,"(2, 3)","2,3"
scene_11494,7,"(4, 5)","2,3"
scene_12851,8,"(5, 6)","5,6"
scene_12230,8,"(3, 4)","2,3"
scene_10851,8,"(5, 6)","4,5"
scene_12798,7,"(0, 1)","2,3"
scene_12895,6,"(2, 3)","5,6"
scene_12288,6,"(4, 5)","4,5"
scene_14307,8,"(3, 4)","2,3"
scene_13887,7,"(2, 3)","1,2"
scene_10123,8,"(5, 6)","6,7"
scene_10081,8,"(5, 6)","1,2"
scene_10442,7,"(3, 4)","4,5"
scene_13184,7,"(4, 5)","6,7"
scene_10028,8,"(0, 1)","2,3"
scene_12515,7,"(4, 5)","4,5"
scene_14217,8,"(0, 1)","2,3"
scene_10034,7,"(1, 2)","2,3"
scene_14563,7,"(5, 6)","2,3"
scene_12437,7,"(5, 6)","4,5"
scene_11731,6,"(2, 3)","2,3"
scene_13339,6,"(1, 2)","4,5"
scene_14191,8,"(5, 6)","6,7"
scene_10862,8,"(0, 1)","5,6"
scene_11165,8,"(3, 4)","5,6"
scene_14961,7,"(0, 1)","2,3"
scene_11461,8,"(6, 7)","4,5"
scene_10649,8,"(5, 6)","6,7"
scene_12187,6,"(0, 1)","2,3"
scene_10024,7,"(3, 4)","2,3"
scene_11082,8,"(1, 2)","2,3"
scene_11459,7,"(5, 6)","4,5"
scene_12566,7,"(2, 3)","3,4"
scene_11882,8,"(0, 1)","8,7"
scene_11024,7,"(0, 1)","2,3"
scene_14820,8,"(2, 3)","2,3"
scene_13319,8,"(6, 7)","7,8"
scene_10791,5,"(0, 1)","2,3"
scene_12138,8,"(2, 3)","2,3"
scene_10491,8,"(2, 3)","6,7"
scene_10111,7,"(2, 3)","2,3"
scene_14322,8,"(3, 4)","4,5"
scene_11833,8,"(1, 2)","2,3"
scene_14760,6,"(1, 2)","2,3"
scene_10387,7,"(4, 5)","5,6"
scene_11044,7,"(3, 4)","2,3"
scene_14256,7,"(4, 5)","4,5"
scene_11061,8,"(5, 6)","5,6"
scene_12953,7,"(1, 2)","2,3"
scene_13905,8,"(1, 2)","2,3"
scene_12219,7,"(1, 2)","2,3"
scene_10054,8,"(0, 1)","2,3"
scene_14221,8,"(4, 5)","1,2"
scene_11245,8,"(6, 7)","5,6"
scene_12133,8,"(3, 4)","6,7"
scene_12284,8,"(4, 5)","6,7"
scene_14978,7,"(5, 6)","2,3"
scene_13654,8,"(1, 2)","2,3"
scene_14739,7,"(3, 4)","3,4"
scene_11321,7,"(4, 5)","3,4"
scene_11579,7,"(1, 2)","2,3"
scene_10508,8,"(1, 2)","2,3"
scene_11466,8,"(3, 4)","4,5"
scene_14974,8,"(5, 6)","6,7"
scene_13659,7,"(2, 3)","4,5"
scene_14186,8,"(3, 4)","2,3"
scene_14058,8,"(2, 3)","5,6"
scene_14499,7,"(5, 6)","5,6"
scene_14276,8,"(0, 1)","2,3"
scene_10286,7,"(3, 4)","5,6"
scene_10205,7,"(2, 3)","2,3"
scene_14108,8,"(5, 6)","2,3"
scene_14155,7,"(4, 5)","2,3"
scene_14869,8,"(1, 2)","2,3"
scene_14167,8,"(0, 1)","2,3"
scene_11604,7,"(3, 4)","6,7"
scene_10844,8,"(2, 3)","2,3"
scene_10310,7,"(4, 5)","4,5"
scene_14236,7,"(2, 3)","2,3"
scene_12061,7,"(5, 6)","2,3"
scene_13430,8,"(3, 4)","2,3"
scene_14323,7,"(5, 6)","2,3"
scene_14892,8,"(2, 3)","3,4"
scene_11502,7,"(3, 4)","6,7"
scene_11608,7,"(2, 3)","5,6"
scene_14745,7,"(1, 2)","3,4"
scene_11869,8,"(3, 4)","2,3"
scene_13681,8,"(6, 7)","1,2"
scene_10140,8,"(3, 4)","2,3"
scene_10292,8,"(0, 1)","2,3"
scene_11799,8,"(1, 2)","2,3"
scene_14329,8,"(3, 4)","2,3"
scene_10272,7,"(4, 5)","1,2"
scene_10784,7,"(2, 3)","2,3"
scene_14274,7,"(4, 5)","2,3"
scene_13084,8,"(2, 3)","2,3"
scene_10753,8,"(5, 6)","6,7"
scene_13071,8,"(2, 3)","2,3"
scene_14764,8,"(0, 1)","2,3"
scene_13846,7,"(5, 6)","3,4"
scene_10182,8,"(3, 4)","2,3"
scene_10785,7,"(2, 3)","2,3"
scene_13616,6,"(0, 1)","2,3"
scene_10145,7,"(4, 5)","3,4"
scene_10979,8,"(6, 7)","2,3"
scene_11503,7,"(5, 6)","2,3"
scene_11422,8,"(6, 7)","6,7"
scene_14360,7,"(5, 6)","2,3"
scene_12830,8,"(0, 1)","3,4"
scene_12206,8,"(4, 5)","7,8"
scene_13049,7,"(5, 6)","5,6"
scene_10016,8,"(3, 4)","2,3"
scene_13190,8,"(6, 7)","2,3"
scene_10912,8,"(2, 3)","2,3"
scene_11393,7,"(1, 2)","6,7"
scene_11064,8,"(4, 5)","5,6"
scene_10464,8,"(6, 7)","2,3"
scene_11216,8,"(2, 3)","2,3"
scene_11878,8,"(1, 2)","2,3"
scene_12914,8,"(5, 6)","2,3"
scene_13072,8,"(1, 2)","3,4"
scene_10438,8,"(4, 5)","6,7"
scene_10002,7,"(2, 3)","5,6"
scene_10194,7,"(5, 6)","2,3"
scene_14952,8,"(6, 7)","3,4"
scene_13169,7,"(5, 6)","1,2"
scene_11343,8,"(6, 7)","2,3"
scene_12409,7,"(5, 6)","6,7"
scene_14733,7,"(5, 6)","2,3"
scene_13237,7,"(1, 2)","6,7"
scene_14602,8,"(5, 6)","5,6"
scene_12205,8,"(0, 1)","2,3"
scene_10812,8,"(5, 6)","1,2"
scene_14090,7,"(5, 6)","2,3"
scene_12122,8,"(0, 1)","1,2"
scene_13487,8,"(2, 3)","3,4"
scene_13303,7,"(3, 4)","5,6"
scene_10762,7,"(0, 1)","2,6"
scene_12775,8,"(4, 5)","2,3"
scene_14267,8,"(2, 3)","7,8"
scene_13207,8,"(5, 6)","5,6"
scene_11341,7,"(1, 2)","2,3"
scene_10191,8,"(0, 1)","2,3"
scene_13745,8,"(2, 3)","3,4"
scene_14712,8,"(2, 3)","5,6"
scene_14219,6,"(3, 4)","2,3"
scene_14559,7,"(1, 2)","3,4"
scene_10270,7,"(1, 2)","2,3"
scene_12275,7,"(1, 2)","2,3"
scene_13195,8,"(6, 7)","4,5"
scene_13687,8,"(4, 5)","2,3"
scene_10001,8,"(2, 3)","2,3"
scene_13038,8,"(4, 5)","6,7"
scene_11633,7,"(4, 5)","5,6"
scene_12139,8,"(2, 3)","5,6"
scene_12426,6,"(1, 2)","2,3"
scene_12684,7,"(2, 3)","2,3"
scene_12116,8,"(6, 7)","2,3"
scene_13410,8,"(3, 4)","2,3"
scene_13477,8,"(6, 7)","2,3"
scene_14171,7,"(2, 3)","4,5"
scene_10099,8,"(5, 6)","2,3"
scene_11398,7,"(2, 3)","2,3"
scene_13397,8,"(6, 7)","7,8"
scene_12472,8,"(0, 1)","1,2"
scene_14685,6,"(3, 4)","2,3"
scene_14226,8,"(0, 1)","1,2"
scene_12551,8,"(1, 2)","2,3"
scene_13900,7,"(1, 2)","2,3"
scene_10692,8,"(6, 7)","6,7"
scene_14802,7,"(5, 6)","2,3"
scene_10662,7,"(5, 6)","5,6"
scene_12014,8,"(5, 6)","5,6"
scene_11676,6,"(3, 4)","4,5"
scene_13389,8,"(6, 7)","6,7"
scene_11770,7,"(4, 5)","3,4"
scene_13666,7,"(2, 3)","3,4"
scene_10815,8,"(0, 1)","2,3"
scene_11898,8,"(6, 7)","3,4"
scene_12011,8,"(3, 4)","6,7"
scene_10734,7,"(0, 1)","2,3"
scene_14139,8,"(2, 3)","2,3"
scene_11361,7,"(4, 5)","1,2"
scene_11301,8,"(0, 1)","2,3"
scene_14385,8,"(3, 4)","4,5"
scene_11497,6,"(2, 3)","2,3"
scene_11555,8,"(5, 6)","6,7"
scene_12913,8,"(5, 6)","5,6"
scene_10005,8,"(5, 6)","4,5"
scene_11192,8,"(2, 3)","3,4"
scene_14690,7,"(4, 5)","2,3"
scene_11000,8,"(3, 4)","4,5"
scene_14361,8,"(6, 7)","6,7"
scene_10756,7,"(5, 6)","2,3"
scene_11423,7,"(2, 3)","2,3"
scene_14945,7,"(0, 1)","2,3"
scene_13108,7,"(5, 6)","2,3"
scene_11056,7,"(1, 2)","2,3"
scene_12996,8,"(3, 4)","5,6"
scene_14497,8,"(0, 1)","2,3"
scene_14098,8,"(4, 5)","5,6"
scene_13920,8,"(4, 5)","4,5"
scene_12134,7,"(2, 3)","3,4"
scene_10769,7,"(4, 5)","2,3"
scene_12105,6,"(1, 2)","2,3"
scene_14033,7,"(5, 6)","6,7"
scene_12016,7,"(0, 1)","2,3"
scene_13113,7,"(5, 6)","4,5"
scene_14785,7,"(3, 4)","4,5"
scene_10291,8,"(5, 6)","4,5"
scene_13802,8,"(2, 3)","3,4"
scene_11945,8,"(5, 6)","6,7"
scene_11385,7,"(3, 4)","2,3"
scene_14302,7,"(0, 1)","2,3"
scene_12085,8,"(1, 2)","7,8"
scene_10660,5,"(0, 1)","2,3"
scene_11457,7,"(0, 1)","2,3"
scene_14224,7,"(2, 3)","4,5"
scene_10512,8,"(3, 4)","6,7"
scene_10271,7,"(0, 1)","2,3"
scene_13507,8,"(0, 1)","2,3"
scene_10259,8,"(1, 2)","2,3"
scene_14115,8,"(4, 5)","2,3"
scene_10568,7,"(1, 2)","4,5"
scene_14933,8,"(3, 4)","2,3"
scene_14624,7,"(3, 4)","2,3"
scene_14154,8,"(2, 3)","2,3"
scene_13470,8,"(5, 6)","4,5"
scene_13082,8,"(5, 6)","7,8"
scene_14105,6,"(4, 5)","5,6"
scene_13557,8,"(3, 4)","4,5"
scene_13386,7,"(4, 5)","2,3"
scene_11644,7,"(5, 6)","2,3"
scene_14035,7,"(5, 6)","6,7"
scene_12536,8,"(1, 2)","2,3"
scene_14476,8,"(3, 4)","4,5"
scene_10663,7,"(5, 6)","2,3"
scene_11655,7,"(0, 1)","2,3"
scene_11104,7,"(3, 4)","3,4"
scene_14908,7,"(4, 5)","5,6"
scene_12444,7,"(3, 4)","5,6"
scene_11091,8,"(2, 3)","2,3"
scene_12763,7,"(0, 1)","5,6"
scene_13130,7,"(5, 6)","2,3"
scene_13212,8,"(2, 3)","2,3"
scene_11952,7,"(1, 2)","2,3"
scene_11821,8,"(3, 4)","6,7"
scene_13520,6,"(3, 4)","4,5"
scene_14131,8,"(1, 2)","3,4"
scene_10339,8,"(6, 7)","3,4"
scene_12527,6,"(2, 3)","4,5"
scene_14867,8,"(0, 1)","7,8"
scene_11250,8,"(5, 6)","6,7"
scene_14392,8,"(2, 3)","2,3"
scene_14673,8,"(4, 5)","5,6"
scene_12358,7,"(5, 6)","2,3"
scene_11205,8,"(2, 3)","8,7"
scene_11775,8,"(0, 1)","2,3"
scene_13772,7,"(3, 4)","4,5"
scene_13152,8,"(2, 3)","1,2"
scene_11589,8,"(1, 2)","2,3"
scene_12178,6,"(0, 1)","1,2"
scene_10900,7,"(3, 4)","5,6"
scene_13032,7,"(0, 1)","5,6"
scene_14007,8,"(5, 6)","6,7"
scene_14790,7,"(1, 2)","2,3"
scene_12894,8,"(5, 6)","4,5"
scene_13324,8,"(5, 6)","4,5"
scene_14663,6,"(4, 5)","5,6"
scene_13826,8,"(0, 1)","2,3"
scene_13294,7,"(0, 1)","6,7"
scene_13873,8,"(6, 7)","7,8"
scene_14846,6,"(2, 3)","4,5"
scene_12674,7,"(1, 2)","2,3"
scene_10871,7,"(1, 2)","2,3"
scene_13420,7,"(4, 5)","2,3"
scene_13466,8,"(1, 2)","2,3"
scene_13449,8,"(0, 1)","2,3"
scene_12428,7,"(4, 5)","2,3"
scene_14858,8,"(1, 2)","2,3"
scene_13399,8,"(4, 5)","5,6"
scene_11550,7,"(1, 2)","3,4"
scene_12113,6,"(1, 2)","2,3"
scene_10752,8,"(2, 3)","2,3"
scene_13762,8,"(6, 7)","2,3"
scene_11588,7,"(1, 2)","2,3"
scene_12681,8,"(6, 7)","8,7"
scene_14088,8,"(4, 5)","2,5"
scene_14457,7,"(0, 1)","2,3"
scene_12297,7,"(2, 3)","2,3"
scene_13827,8,"(6, 7)","2,3"
scene_14577,6,"(1, 2)","2,3"
scene_14508,8,"(1, 2)","2,3"
scene_12911,8,"(4, 5)","2,3"
scene_12666,7,"(2, 3)","2,3"
scene_13718,7,"(1, 2)","2,3"
scene_13266,8,"(0, 1)","2,3"
scene_10937,8,"(5, 6)","2,3"
scene_11599,8,"(6, 7)","1,2"
scene_10344,7,"(0, 1)","2,3"
scene_12510,8,"(1, 2)","3,4"
scene_11102,8,"(0, 1)","2,3"
scene_10461,7,"(2, 3)","2,3"
scene_12718,4,"(0, 1)","2,3"
scene_12200,6,"(4, 5)","2,3"
scene_13100,7,"(2, 3)","5,6"
scene_10452,7,"(0, 1)","1,2"
scene_14772,8,"(1, 2)","2,3"
scene_11920,8,"(2, 3)","3,4"
scene_10063,7,"(0, 1)","2,3"
scene_11158,7,"(1, 2)","2,3"
scene_14189,7,"(5, 6)","2,3"
scene_13502,8,"(3, 4)","2,3"
scene_13992,7,"(4, 5)","2,3"
scene_13120,8,"(0, 1)","2,3"
scene_11455,8,"(5, 6)","6,7"
scene_12939,8,"(0, 1)","1,2"
scene_11008,8,"(3, 4)","5,6"
scene_12564,8,"(3, 4)","4,5"
scene_12467,7,"(2, 3)","2,3"
scene_12321,7,"(4, 5)","5,6"
scene_11338,8,"(4, 5)","4,5"
scene_11036,8,"(0, 1)","2,3"
scene_11151,8,"(3, 4)","4,5"
scene_12144,7,"(4, 5)","4,5"
scene_11670,7,"(1, 2)","4,5"
scene_10400,8,"(4, 5)","3,4"
scene_13327,7,"(0, 1)","2,3"
scene_12593,8,"(5, 6)","4,5"
scene_10019,8,"(6, 7)","6,7"
scene_10736,8,"(6, 7)","2,3"
scene_12609,7,"(5, 6)","2,3"
scene_13227,7,"(4, 5)","2,3"
scene_12262,7,"(2, 3)","2,3"
scene_13480,8,"(3, 4)","3,4"
scene_10384,7,"(5, 6)","2,3"
scene_10287,7,"(0, 1)","2,3"
scene_12841,7,"(0, 1)","2,3"
scene_12944,8,"(3, 4)","4,5"
scene_10341,8,"(6, 7)","1,2"
scene_11137,7,"(3, 4)","2,3"
scene_10354,8,"(3, 4)","4,5"
scene_12399,7,"(5, 6)","6,7"
scene_12717,8,"(0, 1)","2,3"
scene_14671,7,"(3, 4)","2,3"
scene_11302,8,"(5, 6)","2,3"
scene_12135,8,"(3, 4)","4,5"
scene_10381,8,"(0, 1)","5,6"
scene_12424,8,"(0, 1)","2,3"
scene_10786,7,"(2, 3)","3,4"
scene_14019,7,"(4, 5)","5,6"
scene_12354,7,"(1, 2)","2,3"
scene_14639,8,"(0, 1)","1,2"
scene_14777,7,"(1, 2)","2,3"
scene_11741,7,"(2, 3)","2,3"
scene_13438,8,"(4, 5)","1,2"
scene_10289,7,"(5, 6)","2,3"
scene_11421,7,"(4, 5)","5,6"
scene_14756,7,"(4, 5)","6,7"
scene_13646,8,"(5, 6)","5,6"
scene_10239,7,"(2, 3)","2,3"
scene_14198,7,"(3, 4)","2,3"
scene_14210,8,"(4, 5)","5,6"
scene_10241,8,"(4, 5)","2,3"
scene_11743,8,"(2, 3)","2,3"
scene_13586,7,"(3, 4)","2,3"
scene_11377,8,"(4, 5)","3,4"
scene_13867,8,"(4, 5)","6,7"
scene_12417,8,"(3, 4)","2,3"
scene_11259,8,"(0, 1)","4,5"
scene_14648,7,"(5, 6)","4,5"
scene_11640,7,"(0, 1)","2,3"
scene_12694,8,"(6, 7)","2,3"
scene_14434,8,"(5, 6)","6,7"
scene_14243,8,"(5, 6)","6,7"
scene_12838,7,"(4, 5)","6,7"
scene_11265,7,"(5, 6)","3,4"
scene_14195,8,"(6, 7)","6,7"
scene_11732,8,"(1, 2)","2,3"
scene_14828,7,"(3, 4)","4,5"
scene_14991,7,"(3, 4)","5,6"
scene_13594,8,"(1, 2)","2,3"
scene_11203,8,"(3, 4)","2,3"
scene_12195,8,"(2, 3)","1,2"
scene_14463,7,"(3, 4)","2,3"
scene_10796,7,"(3, 4)","2,3"
scene_12950,6,"(3, 4)","3,4"
scene_10642,8,"(5, 6)","5,6"
scene_11309,7,"(0, 1)","2,3"
scene_11081,7,"(2, 3)","2,3"
scene_12304,8,"(3, 4)","2,3"
scene_13101,8,"(2, 3)","5,6"
scene_10538,7,"(5, 6)","2,3"
scene_13587,7,"(2, 3)","2,3"
scene_13202,7,"(2, 3)","2,3"
scene_13866,6,"(1, 2)","1,2"
scene_12801,8,"(5, 6)","2,3"
scene_10750,7,"(3, 4)","2,3"
scene_12130,7,"(0, 1)","2,3"
scene_14250,7,"(0, 1)","2,3"
scene_11638,8,"(6, 7)","5,6"
scene_10208,8,"(0, 1)","2,3"
scene_12768,8,"(0, 1)","3,4"
scene_10128,7,"(3, 4)","6,7"
scene_12473,8,"(0, 1)","2,3"
scene_14127,7,"(5, 6)","4,5"
scene_13318,7,"(5, 6)","1,2"
scene_13495,8,"(2, 3)","2,3"
scene_10571,8,"(6, 7)","3,4"
scene_13358,8,"(1, 2)","6,7"
scene_12476,6,"(4, 5)","2,3"
scene_13017,8,"(0, 1)","2,3"
scene_14158,7,"(4, 5)","2,3"
scene_10797,8,"(4, 5)","2,3"
scene_10880,8,"(4, 5)","5,6"
scene_11939,7,"(2, 3)","3,4"
scene_10921,8,"(5, 6)","6,7"
scene_10405,7,"(0, 1)","2,3"
scene_11258,8,"(3, 4)","6,7"
scene_14716,8,"(2, 3)","3,4"
scene_10059,8,"(6, 7)","7,8"
scene_11986,8,"(5, 6)","2,3"
scene_14382,7,"(3, 4)","5,6"
scene_14531,7,"(5, 6)","6,7"
scene_14188,6,"(0, 1)","3,4"
scene_13582,8,"(2, 3)","2,3"
scene_10378,8,"(4, 5)","2,3"
scene_14724,8,"(2, 3)","5,6"
scene_10830,8,"(2, 3)","2,3"
scene_14717,7,"(0, 1)","1,2"
scene_14843,8,"(4, 5)","5,6"
scene_10947,8,"(4, 5)","4,5"
scene_14504,8,"(1, 2)","2,3"
scene_11147,8,"(1, 2)","2,3"
scene_10678,7,"(5, 6)","5,6"
scene_12952,8,"(3, 4)","5,6"
scene_14055,8,"(1, 2)","2,3"
scene_12093,8,"(6, 7)","2,3"
scene_11057,8,"(0, 1)","1,2"
scene_12542,7,"(2, 3)","2,3"
scene_14294,8,"(6, 7)","2,3"
scene_14264,8,"(4, 5)","2,3"
scene_12973,7,"(2, 3)","2,3"
scene_13011,8,"(0, 1)","1,2"
scene_11879,8,"(6, 7)","7,8"
scene_11328,8,"(2, 3)","7,8"
scene_12869,7,"(4, 5)","6,7"
scene_11740,8,"(1, 2)","2,3"
scene_13455,8,"(6, 7)","6,7"
scene_14338,7,"(3, 4)","2,3"
scene_11456,8,"(6, 7)","2,3"
scene_13521,7,"(4, 5)","2,3"
scene_10091,7,"(4, 5)","5,6"
scene_14233,7,"(4, 5)","5,6"
scene_12307,8,"(5, 6)","5,6"
scene_13685,8,"(5, 6)","6,7"
scene_14562,8,"(4, 5)","5,6"
scene_11427,7,"(0, 1)","2,3"
scene_14370,6,"(4, 5)","2,3"
scene_12687,8,"(5, 6)","5,6"
scene_12305,8,"(6, 7)","6,7"
scene_10976,5,"(2, 3)","2,3"
scene_11826,8,"(0, 1)","2,3"
scene_10990,8,"(1, 2)","7,8"
scene_12022,8,"(2, 3)","2,3"
scene_13284,7,"(5, 6)","4,5"
scene_13976,7,"(2, 3)","2,3"
scene_13334,7,"(2, 3)","2,3"
scene_10703,7,"(2, 3)","4,5"
scene_10639,8,"(0, 1)","2,3"
scene_12856,8,"(1, 2)","2,3"
scene_10290,8,"(6, 7)","6,7"
scene_11496,7,"(1, 2)","2,3"
scene_14523,7,"(4, 5)","2,3"
scene_14435,8,"(5, 6)","5,6"
scene_10175,7,"(3, 4)","5,6"
scene_10852,8,"(0, 1)","2,3"
scene_13372,7,"(1, 2)","5,6"
scene_13259,7,"(5, 6)","4,5"
scene_14298,7,"(5, 6)","6,7"
scene_10050,8,"(0, 1)","1,2"
scene_13278,7,"(0, 1)","2,3"
scene_14622,7,"(5, 6)","4,5"
scene_13186,6,"(4, 5)","2,3"
scene_12865,8,"(1, 2)","2,3"
scene_11206,7,"(3, 4)","5,6"
scene_14368,8,"(3, 4)","4,5"
scene_14923,8,"(3, 4)","4,5"
scene_10949,8,"(2, 3)","6,7"
scene_10802,8,"(1, 2)","2,3"
scene_10767,8,"(2, 3)","3,4"
scene_12331,5,"(2, 3)","2,3"
scene_10453,6,"(2, 3)","2,3"
scene_12533,8,"(6, 7)","8,1"
scene_11409,7,"(4, 5)","4,5"
scene_13239,7,"(4, 5)","4,7"
scene_14380,8,"(0, 1)","2,3"
scene_11063,7,"(0, 1)","2,3"
scene_14682,7,"(1, 2)","2,3"
scene_13967,8,"(1, 2)","2,3"
scene_13066,7,"(4, 5)","2,3"
scene_13429,5,"(0, 1)","2,3"
scene_10201,7,"(5, 6)","2,3"
scene_12420,8,"(0, 1)","2,3"
scene_10216,8,"(2, 3)","2,3"
scene_13608,7,"(3, 4)","3,4"
scene_12835,7,"(5, 6)","3,4"
scene_10680,8,"(3, 4)","5,6"
scene_12669,7,"(3, 4)","6,7"
scene_10819,7,"(4, 5)","2,3"
scene_11325,7,"(3, 4)","2,3"
scene_13849,8,"(3, 4)","3,4"
scene_12804,8,"(2, 3)","2,3"
scene_11154,7,"(1, 2)","2,3"
scene_10090,7,"(4, 5)","2,3"
scene_11255,8,"(0, 1)","1,2"
scene_13705,8,"(2, 3)","2,3"
scene_10340,7,"(3, 4)","2,3"
scene_10728,8,"(0, 1)","1,2"
scene_13016,8,"(2, 3)","2,3"
scene_11347,7,"(5, 6)","2,3"
scene_13749,8,"(5, 6)","2,3"
scene_13302,8,"(4, 5)","5,6"
scene_10223,8,"(3, 4)","4,5"
scene_14331,8,"(4, 5)","7,8"
scene_12699,8,"(5, 6)","5,6"
scene_12292,8,"(2, 3)","2,3"
scene_11995,8,"(0, 1)","7,8"
scene_12241,8,"(1, 2)","2,3"
scene_14706,8,"(3, 4)","5,6"
scene_11834,8,"(4, 5)","7,8"
scene_11437,8,"(0, 1)","1,2"
scene_10737,8,"(0, 1)","2,3"
scene_11620,7,"(1, 2)","5,6"
scene_10075,7,"(2, 3)","2,3"
scene_11114,8,"(1, 2)","2,3"
scene_14173,8,"(6, 7)","7,8"
scene_12092,7,"(1, 2)","2,3"
scene_12935,7,"(2, 3)","2,3"
scene_13394,7,"(2, 3)","4,5"
scene_13150,8,"(2, 3)","4,5"
scene_12986,8,"(0, 1)","1,2"
scene_12141,6,"(0, 1)","2,3"
scene_10821,5,"(3, 4)","4,5"
scene_11193,8,"(5, 6)","6,7"
scene_12528,7,"(3, 4)","3,4"
scene_12761,6,"(1, 2)","1,2"
scene_14411,6,"(1, 2)","2,3"
scene_12998,8,"(3, 4)","4,5"
scene_12316,8,"(4, 5)","5,6"
scene_14341,8,"(5, 6)","5,6"
scene_10867,7,"(1, 2)","2,3"
scene_11465,8,"(4, 5)","5,6"
scene_12926,8,"(4, 5)","5,6"
scene_14747,7,"(5, 6)","2,3"
scene_12917,8,"(6, 7)","6,7"
scene_10496,7,"(2, 3)","2,3"
scene_12584,8,"(0, 1)","2,3"
scene_12063,8,"(3, 4)","7,8"
scene_13504,8,"(6, 7)","6,7"
scene_12892,8,"(5, 6)","6,7"
scene_11379,7,"(0, 1)","2,3"
scene_12540,7,"(3, 4)","6,7"
scene_14889,7,"(0, 1)","2,3"
scene_14857,7,"(3, 4)","2,3"
scene_13471,8,"(0, 1)","2,3"
scene_12831,7,"(2, 3)","2,3"
scene_14316,7,"(4, 5)","4,5"
scene_13478,7,"(3, 4)","5,6"
scene_13221,8,"(4, 5)","6,7"
scene_11958,8,"(3, 4)","2,3"
scene_12736,6,"(3, 4)","2,3"
scene_12414,8,"(2, 3)","2,3"
scene_10430,8,"(0, 1)","2,3"
scene_13419,8,"(3, 4)","7,8"
scene_14714,8,"(0, 1)","1,2"
scene_14335,8,"(2, 3)","7,8"
scene_10055,8,"(1, 2)","2,3"
scene_13634,8,"(6, 7)","6,7"
scene_12096,8,"(4, 5)","2,3"
scene_13492,7,"(3, 4)","4,5"
scene_13894,7,"(5, 6)","6,7"
scene_14550,7,"(2, 3)","3,4"
scene_11213,8,"(0, 1)","2,3"
scene_10410,7,"(3, 4)","2,3"
scene_13149,6,"(0, 1)","2,3"
scene_12299,8,"(1, 2)","6,7"
scene_13311,8,"(3, 4)","4,5"
scene_14179,7,"(4, 5)","4,5"
scene_14364,7,"(3, 4)","4,5"
scene_12334,7,"(4, 5)","4,5"
scene_12845,8,"(0, 1)","4,5"
scene_10575,8,"(3, 4)","2,3"
scene_13012,7,"(2, 3)","3,4"
scene_10668,7,"(5, 6)","4,5"
scene_14778,8,"(2, 3)","6,7"
scene_11602,7,"(1, 2)","2,3"
scene_11180,7,"(2, 3)","2,3"
scene_11006,8,"(6, 7)","1,2"
scene_11297,8,"(1, 2)","2,3"
scene_14326,7,"(0, 1)","2,3"
scene_12416,7,"(4, 5)","5,6"
scene_13993,7,"(5, 6)","1,2"
scene_14941,8,"(0, 1)","2,3"
scene_12984,7,"(4, 5)","5,6"
scene_14569,8,"(4, 5)","6,7"
scene_10644,7,"(1, 2)","6,7"
scene_10982,7,"(2, 3)","2,3"
scene_14096,7,"(2, 3)","3,4"
scene_12864,8,"(5, 6)","6,7"
scene_14536,8,"(6, 7)","4,5"
scene_14487,8,"(5, 6)","3,4"
scene_14880,8,"(6, 7)","2,3"
scene_13243,8,"(1, 2)","2,3"
scene_12898,8,"(1, 2)","2,3"
scene_14109,8,"(0, 1)","2,3"
scene_11334,7,"(1, 2)","2,3"
scene_13460,7,"(2, 3)","2,3"
scene_11687,8,"(1, 2)","2,3"
scene_11671,8,"(1, 2)","4,5"
scene_12697,7,"(4, 5)","5,6"
scene_10686,8,"(1, 2)","4,5"
scene_10902,7,"(5, 6)","2,3"
scene_13008,8,"(0, 1)","2,3"
scene_13424,7,"(1, 2)","2,3"
scene_11647,8,"(6, 7)","6,7"
scene_13039,7,"(5, 6)","5,6"
scene_12991,8,"(3, 4)","4,5"
scene_11724,7,"(3, 4)","2,3"
scene_10681,7,"(4, 5)","4,5"
scene_10811,7,"(4, 5)","5,6"
scene_12607,8,"(3, 4)","2,3"
scene_14567,7,"(5, 6)","6,7"
scene_14079,7,"(4, 5)","5,6"
scene_13422,7,"(5, 6)","6,7"
scene_12906,8,"(5, 6)","2,3"
scene_14391,7,"(4, 5)","6,7"
scene_12090,8,"(2, 3)","3,4"
scene_12151,7,"(5, 6)","2,3"
scene_11217,8,"(2, 3)","2,3"
scene_12724,8,"(1, 2)","2,3"
scene_14458,8,"(3, 4)","4,6"
scene_11477,8,"(0, 1)","6,7"
scene_10506,7,"(3, 4)","3,4"
scene_12353,8,"(3, 4)","2,3"
scene_13724,8,"(5, 6)","5,6"
scene_14306,7,"(2, 3)","2,3"
scene_10157,7,"(2, 3)","3,4"
scene_11603,7,"(4, 5)","6,7"
scene_14372,6,"(0, 1)","2,3"
scene_12388,8,"(2, 3)","2,3"
scene_10863,8,"(4, 5)","4,5"
scene_12576,8,"(0, 1)","2,3"
scene_10891,8,"(2, 3)","6,7"
scene_14631,7,"(3, 4)","4,5"
scene_12131,8,"(3, 4)","2,3"
scene_12563,6,"(0, 1)","1,2"
scene_12392,8,"(0, 1)","1,2"
scene_14997,7,"(2, 3)","2,3"
scene_14640,7,"(2, 3)","2,3"
scene_10551,8,"(0, 1)","2,3"
scene_10284,8,"(5, 6)","5,6"
scene_14901,7,"(0, 1)","2,3"
scene_10780,8,"(4, 5)","2,3"
scene_11404,8,"(4, 5)","8,7"
scene_13228,7,"(4, 5)","5,6"
scene_11068,7,"(3, 4)","2,3"
scene_12982,7,"(3, 4)","7,1"
scene_14890,7,"(4, 5)","4,5"
scene_12004,8,"(4, 5)","6,7"
scene_11854,8,"(6, 7)","3,4"
scene_14044,7,"(5, 6)","6,7"
scene_12081,8,"(0, 1)","1,2"
scene_13293,8,"(3, 4)","7,8"
scene_12938,7,"(4, 5)","1,2"
scene_12295,7,"(5, 6)","4,5"
scene_13155,8,"(1, 2)","2,3"
scene_10848,8,"(2, 3)","2,3"
scene_14681,8,"(4, 5)","5,6"
scene_13510,8,"(3, 4)","2,3"
scene_10789,7,"(4, 5)","4,5"
scene_12076,7,"(1, 2)","2,3"
scene_13180,7,"(0, 1)","5,6"
scene_11607,4,"(1, 2)","2,3"
scene_11225,7,"(0, 1)","2,3"
scene_12328,8,"(6, 7)","2,3"
scene_12635,8,"(6, 7)","7,8"
scene_13888,8,"(2, 3)","4,5"
scene_10725,7,"(5, 6)","5,6"
scene_10183,8,"(0, 1)","2,3"
scene_14972,7,"(4, 5)","5,6"
scene_12242,8,"(5, 6)","5,6"
scene_14905,8,"(1, 2)","1,2"
scene_13161,8,"(0, 1)","1,2"
scene_13614,4,"(0, 1)","2,4"
scene_13047,8,"(5, 6)","5,6"
scene_10357,7,"(3, 4)","4,5"
scene_14912,7,"(3, 4)","4,6"
scene_10419,7,"(4, 5)","4,5"
scene_11105,8,"(4, 5)","2,3"
scene_11475,7,"(4, 5)","3,4"
scene_13754,7,"(1, 2)","5,6"
scene_13670,7,"(2, 3)","2,3"
scene_12579,8,"(2, 3)","2,3"
scene_10375,7,"(2, 3)","3,4"
scene_13938,8,"(3, 4)","6,7"
scene_13771,7,"(3, 4)","2,3"
scene_14034,8,"(6, 7)","2,3"
scene_11596,8,"(2, 3)","2,3"
scene_13280,7,"(5, 6)","2,3"
scene_12074,7,"(4, 5)","2,3"
scene_13261,8,"(0, 1)","2,3"
scene_11098,8,"(6, 7)","6,7"
scene_14371,8,"(5, 6)","6,7"
scene_13613,8,"(5, 6)","2,3"
scene_12557,8,"(2, 3)","2,3"
scene_12197,4,"(0, 1)","4,5"
scene_10351,8,"(2, 3)","2,3"
scene_14036,7,"(0, 1)","2,3"
scene_10761,7,"(4, 5)","5,6"
scene_13581,8,"(5, 6)","6,7"
scene_11538,8,"(3, 4)","2,3"
scene_11458,7,"(2, 3)","2,3"
scene_14566,6,"(2, 3)","2,3"
scene_12218,8,"(5, 6)","7,8"
scene_13396,7,"(5, 6)","3,4"
scene_12977,6,"(4, 5)","5,6"
scene_10121,8,"(6, 7)","7,8"
scene_11337,8,"(1, 2)","2,3"
scene_12224,7,"(2, 3)","3,4"
scene_11396,6,"(0, 1)","2,5"
scene_10311,7,"(4, 5)","5,6"
scene_10951,8,"(5, 6)","6,7"
scene_11791,8,"(1, 2)","2,3"
scene_10401,8,"(2, 3)","2,3"
scene_10219,8,"(2, 3)","2,3"
scene_11417,8,"(5, 6)","6,7"
scene_14193,8,"(5, 6)","6,7"
scene_10321,8,"(5, 6)","2,3"
scene_12622,7,"(3, 4)","4,5"
scene_11573,7,"(1, 2)","3,4"
scene_11359,7,"(4, 5)","4,5"
scene_11594,7,"(5, 6)","2,3"
scene_10985,8,"(0, 1)","2,3"
scene_12462,7,"(2, 3)","5,6"
scene_13138,7,"(4, 5)","2,3"
scene_10315,7,"(3, 4)","3,4"
scene_14629,7,"(5, 6)","5,6"
scene_12651,8,"(6, 7)","6,7"
scene_13716,7,"(2, 3)","3,4"
scene_13453,8,"(6, 7)","2,3"
scene_11289,6,"(1, 2)","2,3"
scene_12273,7,"(5, 6)","2,3"
scene_13759,7,"(5, 6)","2,3"
scene_14769,8,"(6, 7)","5,6"
scene_13863,8,"(5, 6)","6,7"
scene_10190,5,"(0, 1)","2,3"
scene_12524,8,"(5, 6)","2,3"
scene_11948,7,"(5, 6)","6,7"
scene_13442,7,"(3, 4)","5,6"
scene_10942,7,"(4, 5)","2,3"
scene_10174,8,"(2, 3)","2,3"
scene_14742,8,"(0, 1)","2,3"
scene_12615,8,"(2, 3)","3,4"
scene_14015,8,"(2, 3)","2,3"
scene_14855,8,"(1, 2)","5,6"
scene_12962,8,"(1, 2)","2,3"
scene_14409,8,"(2, 3)","1,2"
scene_13965,8,"(6, 7)","6,7"
scene_13998,8,"(3, 4)","2,3"
scene_14800,8,"(1, 2)","2,3"
scene_14128,8,"(1, 2)","2,3"
scene_12323,8,"(1, 2)","2,3"
scene_12421,7,"(1, 2)","2,3"
scene_14871,8,"(0, 1)","2,3"
scene_12493,7,"(2, 3)","4,5"
scene_13640,8,"(6, 7)","1,2"
scene_12268,7,"(0, 1)","2,3"
scene_10926,7,"(4, 5)","5,6"
scene_14156,8,"(6, 7)","2,3"
scene_11881,7,"(4, 5)","4,5"
scene_14471,8,"(6, 7)","7,8"
scene_14660,5,"(0, 1)","2,3"
scene_13163,8,"(5, 6)","3,4"
scene_11626,8,"(2, 3)","2,3"
scene_11095,8,"(6, 7)","2,3"
scene_12562,7,"(4, 5)","5,6"
scene_11034,8,"(1, 2)","2,3"
scene_13201,8,"(4, 5)","2,3"
scene_12263,8,"(3, 4)","2,3"
scene_10610,8,"(1, 2)","2,3"
scene_10395,8,"(1, 2)","3,4"
scene_10439,8,"(1, 2)","2,3"
scene_10735,8,"(6, 7)","6,7"
scene_12959,8,"(5, 6)","5,6"
scene_14074,7,"(4, 5)","2,3"
scene_10070,6,"(1, 2)","2,3"
scene_11175,7,"(5, 6)","2,3"
scene_13321,7,"(3, 4)","4,5"
scene_12617,8,"(0, 1)","2,3"
scene_14447,8,"(3, 4)","6,7"
scene_11685,8,"(2, 3)","2,3"
scene_12440,8,"(5, 6)","2,3"
scene_12312,8,"(5, 6)","5,6"
scene_14029,7,"(1, 2)","1,2"
scene_13939,8,"(3, 4)","2,3"
scene_10247,7,"(4, 5)","2,3"
scene_12655,7,"(2, 3)","2,3"
scene_11868,7,"(5, 6)","2,3"
scene_12072,7,"(3, 4)","4,5"
scene_14775,8,"(1, 2)","3,4"
scene_13621,8,"(4, 5)","2,3"
scene_14543,7,"(1, 2)","2,3"
scene_10278,6,"(2, 3)","3,4"
scene_14573,7,"(3, 4)","5,6"
scene_12506,7,"(1, 2)","2,3"
scene_11690,7,"(2, 3)","2,3"
scene_14865,8,"(5, 6)","2,3"
scene_10198,8,"(4, 5)","4,5"
scene_10304,8,"(3, 4)","2,3"
scene_10138,7,"(3, 4)","2,3"
scene_13272,8,"(6, 7)","7,8"
scene_10240,8,"(2, 3)","3,4"
scene_14290,8,"(6, 7)","2,3"
scene_12001,7,"(3, 4)","2,3"
scene_12545,7,"(4, 5)","5,6"
scene_10694,7,"(4, 5)","5,6"
scene_14492,8,"(3, 4)","3,4"
scene_10690,8,"(1, 2)","2,3"
scene_11888,8,"(6, 7)","4,5"
scene_12010,7,"(1, 2)","2,3"
scene_14683,8,"(6, 7)","7,8"
scene_11055,7,"(4, 5)","4,5"
scene_13959,8,"(1, 2)","2,3"
scene_12046,8,"(6, 7)","6,7"
scene_11007,7,"(2, 3)","2,3"
scene_14011,8,"(0, 1)","2,3"
scene_13425,6,"(3, 4)","2,3"
scene_11352,8,"(6, 7)","5,6"
scene_10804,8,"(2, 3)","2,3"
scene_10625,8,"(4, 5)","2,3"
scene_13930,7,"(0, 1)","2,3"
scene_13403,8,"(5, 6)","6,7"
scene_12439,6,"(4, 5)","1,2"
scene_13191,8,"(6, 7)","7,8"
scene_10598,7,"(0, 1)","1,2"
scene_13803,8,"(2, 3)","5,6"
scene_10187,8,"(0, 1)","1,2"
scene_11696,7,"(1, 2)","2,3"
scene_11282,8,"(2, 3)","2,3"
scene_11519,7,"(3, 4)","2,3"
scene_13952,7,"(4, 5)","5,6"
scene_11312,8,"(1, 2)","8,7"
scene_14878,6,"(3, 4)","2,3"
scene_14013,8,"(0, 1)","1,2"
scene_12823,8,"(1, 2)","2,3"
scene_14774,8,"(6, 7)","2,3"
scene_12101,7,"(3, 4)","2,3"
scene_11474,7,"(2, 3)","2,3"
scene_12429,8,"(0, 1)","2,3"
scene_12705,7,"(3, 4)","2,3"
scene_11472,8,"(0, 1)","1,2"
scene_14969,8,"(3, 4)","5,6"
scene_11910,6,"(4, 5)","4,5"
scene_14788,7,"(2, 3)","6,7"
scene_11160,7,"(1, 2)","2,3"
scene_14172,8,"(3, 4)","5,6"
scene_12518,8,"(0, 1)","1,2"
scene_14377,8,"(2, 3)","4,5"
scene_14362,8,"(1, 2)","2,3"
scene_13893,8,"(0, 1)","2,3"
scene_13650,8,"(2, 3)","2,3"
scene_14072,8,"(0, 1)","2,3"
scene_13901,8,"(6, 7)","6,7"
scene_10868,6,"(2, 3)","2,3"
scene_14169,7,"(1, 2)","2,3"
scene_11242,8,"(1, 2)","2,3"
scene_11364,7,"(0, 1)","2,3"
scene_10856,8,"(2, 3)","2,3"
scene_11964,8,"(6, 7)","6,7"
scene_14579,6,"(3, 4)","2,3"
scene_10771,7,"(5, 6)","2,3"
scene_12750,7,"(1, 2)","2,3"
scene_13885,6,"(3, 4)","6,5"
scene_11545,7,"(3, 4)","2,3"
scene_11100,7,"(4, 5)","5,6"
scene_14574,8,"(0, 1)","2,3"
scene_10781,7,"(0, 1)","2,3"
scene_14913,7,"(0, 1)","2,3"
scene_14517,6,"(2, 3)","2,3"
scene_14784,8,"(1, 2)","2,3"
scene_13229,7,"(1, 2)","2,3"
scene_13838,7,"(4, 5)","2,3"
scene_14310,8,"(5, 6)","4,5"
scene_10833,7,"(4, 5)","5,6"
scene_14821,7,"(4, 5)","4,5"
scene_14659,8,"(3, 4)","4,5"
scene_14287,8,"(0, 1)","7,8"
scene_13142,7,"(2, 3)","3,4"
scene_12171,7,"(1, 2)","2,3"
scene_12857,8,"(2, 3)","6,7"
scene_11691,8,"(0, 1)","2,3"
scene_12605,8,"(0, 1)","2,3"
scene_12478,7,"(1, 2)","2,3"
scene_10592,7,"(3, 4)","2,3"
scene_11232,6,"(4, 5)","5,6"
scene_12803,7,"(3, 4)","2,3"
scene_14387,7,"(0, 1)","2,3"
scene_12987,8,"(0, 1)","2,3"
scene_12204,7,"(3, 4)","6,7"
scene_10754,7,"(4, 5)","3,4"
scene_11542,6,"(4, 5)","4,5"
scene_12859,8,"(0, 1)","2,3"
scene_10612,7,"(5, 6)","6,7"
scene_13793,7,"(4, 5)","4,5"
scene_11706,8,"(4, 5)","5,6"
scene_13105,8,"(1, 2)","2,3"
scene_12149,7,"(5, 6)","2,3"
scene_14087,7,"(1, 2)","2,3"
scene_11411,8,"(2, 3)","1,2"
scene_10192,7,"(3, 4)","2,3"
scene_14817,7,"(0, 1)","2,3"
scene_14968,8,"(4, 5)","5,6"
scene_11750,8,"(2, 3)","3,4"
scene_12921,8,"(1, 2)","2,3"
scene_13525,8,"(4, 5)","8,9"
scene_13651,8,"(3, 4)","5,6"
scene_11128,7,"(1, 2)","2,3"
scene_11231,8,"(5, 6)","2,3"
scene_11694,8,"(5, 6)","5,6"
scene_10906,8,"(0, 1)","2,3"
scene_13656,8,"(4, 5)","5,6"
scene_13508,8,"(2, 3)","2,3"
scene_12433,8,"(0, 1)","2,3"
scene_14251,7,"(4, 5)","4,5"
scene_11314,7,"(4, 5)","2,3"
scene_11307,7,"(4, 5)","4,5"
scene_13807,8,"(6, 7)","2,3"
scene_14726,8,"(4, 5)","3,4"
scene_13664,7,"(4, 5)","4,5"
scene_14561,7,"(0, 1)","2,3"
scene_10231,7,"(3, 4)","2,3"
scene_13756,8,"(6, 7)","1,2"
scene_14451,7,"(3, 4)","2,3"
scene_10960,8,"(0, 1)","2,3"
scene_14439,8,"(5, 6)","6,7"
scene_14825,7,"(3, 4)","2,3"
scene_13014,7,"(2, 3)","2,3"
scene_11003,7,"(2, 3)","4,5"
scene_13752,7,"(5, 6)","4,5"
scene_14995,7,"(0, 1)","2,3"
scene_10137,8,"(2, 3)","2,3"
scene_10414,7,"(0, 1)","2,3"
scene_12916,8,"(2, 3)","2,3"
scene_10845,7,"(1, 2)","6,7"
scene_13050,7,"(5, 6)","5,6"
scene_13683,8,"(5, 6)","6,7"
scene_11718,7,"(5, 6)","1,2"
scene_10131,8,"(0, 1)","6,7"
scene_10463,8,"(6, 7)","2,3"
scene_14787,8,"(4, 5)","2,3"
scene_11130,7,"(5, 6)","2,3"
scene_10636,7,"(2, 3)","2,3"
scene_12802,8,"(1, 2)","2,3"
scene_11887,7,"(0, 1)","2,3"
scene_13572,7,"(2, 3)","4,5"
scene_14216,8,"(4, 5)","1,2"
scene_11554,7,"(2, 3)","2,3"
scene_12179,7,"(5, 6)","2,3"
scene_13948,8,"(1, 2)","2,3"
scene_13747,8,"(6, 7)","2,3"
scene_14526,8,"(6, 7)","2,3"
scene_13898,8,"(5, 6)","6,7"
scene_10093,8,"(3, 4)","3,4"
scene_10014,8,"(5, 6)","2,3"
scene_14999,8,"(3, 4)","4,5"
scene_10522,7,"(5, 6)","2,3"
scene_14670,8,"(1, 2)","8,1"
scene_13917,7,"(1, 2)","2,3"
scene_12201,8,"(0, 1)","2,3"
scene_10732,8,"(5, 6)","2,3"
scene_10486,8,"(6, 7)","2,3"
scene_11425,7,"(3, 4)","2,3"
scene_10545,7,"(0, 1)","2,3"
scene_12209,8,"(2, 3)","2,3"
scene_14043,8,"(1, 2)","7,8"
scene_11539,8,"(0, 1)","5,6"
scene_11547,8,"(6, 7)","6,7"
scene_13843,8,"(1, 2)","2,3"
scene_13980,7,"(0, 1)","2,3"
scene_13590,6,"(2, 3)","4,5"
scene_14538,5,"(2, 3)","2,3"
scene_10555,6,"(4, 5)","2,3"
scene_13986,8,"(3, 4)","5,6"
scene_13322,8,"(6, 7)","2,3"
scene_13097,8,"(4, 5)","4,5"
scene_14707,8,"(3, 4)","7,8"
scene_11934,7,"(2, 3)","4,5"
scene_10282,8,"(0, 1)","2,3"
scene_10246,7,"(5, 6)","6,7"
scene_14027,7,"(1, 2)","2,3"
scene_10261,8,"(2, 3)","2,3"
scene_12820,8,"(2, 3)","2,3"
scene_14827,8,"(6, 7)","5,6"
scene_13362,7,"(0, 1)","2,3"
scene_10299,8,"(6, 7)","2,3"
scene_10893,8,"(5, 6)","5,6"
scene_10012,7,"(2, 3)","3,4"
scene_14549,8,"(2, 3)","2,3"
scene_13382,7,"(0, 1)","2,3"
scene_13929,8,"(6, 7)","7,8"
scene_11263,8,"(2, 3)","3,4"
scene_11894,8,"(3, 4)","2,3"
scene_13423,7,"(3, 4)","2,3"
scene_14983,8,"(5, 6)","2,3"
scene_13361,7,"(3, 4)","4,5"
scene_12638,8,"(3, 4)","5,6"
scene_14125,8,"(2, 3)","5,6"
scene_14423,8,"(1, 2)","2,3"
scene_10541,7,"(3, 4)","2,3"
scene_12930,7,"(5, 6)","2,3"
scene_10227,8,"(3, 4)","4,5"
scene_11825,7,"(2, 3)","2,3"
scene_13373,8,"(6, 7)","1,2"
scene_14278,8,"(4, 5)","2,3"
scene_14383,8,"(2, 3)","5,6"
scene_10842,7,"(0, 1)","2,3"
scene_10477,8,"(5, 6)","6,7"
scene_14126,8,"(3, 4)","4,5"
scene_14899,7,"(0, 1)","6,7"
scene_13260,8,"(3, 4)","6,7"
scene_14605,8,"(4, 5)","2,3"
scene_10614,8,"(6, 7)","7,8"
scene_14230,6,"(1, 2)","4,5"
scene_14697,8,"(4, 5)","4,5"
scene_10829,8,"(2, 3)","2,3"
scene_13153,7,"(2, 3)","2,3"
scene_12244,7,"(0, 1)","2,3"
scene_10252,8,"(0, 1)","2,3"
scene_10460,6,"(2, 3)","2,3"
scene_12311,7,"(5, 6)","6,7"
scene_10319,7,"(2, 3)","2,3"
scene_11482,8,"(2, 3)","2,3"
scene_12164,8,"(3, 4)","4,5"
scene_14245,8,"(4, 5)","7,8"
scene_13331,7,"(5, 6)","2,3"
scene_10335,8,"(3, 4)","2,3"
scene_11014,8,"(1, 2)","7,8"
scene_10895,7,"(5, 6)","5,6"
scene_13782,7,"(3, 4)","2,3"
scene_11929,8,"(2, 3)","2,3"
scene_14477,7,"(3, 4)","2,3"
scene_13612,8,"(0, 1)","2,3"
scene_11531,8,"(5, 6)","6,7"
scene_14708,8,"(6, 7)","4,5"
scene_10628,8,"(2, 3)","5,6"
scene_11959,8,"(4, 5)","2,3"
scene_10548,8,"(3, 4)","2,3"
scene_14319,8,"(2, 3)","2,3"
scene_10905,8,"(5, 6)","2,3"
scene_13541,6,"(0, 1)","2,3"
scene_12456,6,"(0, 1)","2,3"
scene_14748,8,"(5, 6)","6,7"
scene_14666,6,"(3, 4)","2,3"
scene_12822,7,"(2, 3)","2,3"
scene_12452,8,"(4, 5)","5,6"
scene_12715,7,"(5, 6)","3,4"
scene_11257,8,"(5, 6)","3,4"
scene_11907,7,"(1, 2)","4,5"
scene_10485,8,"(0, 1)","4,5"
scene_14399,8,"(1, 2)","2,3"
scene_13359,8,"(6, 7)","7,8"
scene_11473,7,"(4, 5)","5,6"
scene_14910,8,"(5, 6)","1,2"
scene_10046,7,"(3, 4)","4,5"
scene_12347,8,"(0, 1)","2,3"
scene_14227,8,"(1, 2)","2,3"
scene_11237,8,"(0, 1)","2,3"
scene_13253,7,"(1, 2)","1,2"
scene_11094,7,"(5, 6)","2,3"
scene_11830,7,"(2, 3)","2,3"
scene_10965,8,"(2, 3)","2,3"
scene_14548,8,"(3, 4)","4,5"
scene_11069,8,"(4, 5)","6,7"
scene_10027,8,"(0, 1)","1,2"
scene_13734,8,"(4, 5)","7,8"
scene_11326,7,"(1, 2)","2,3"
scene_12500,6,"(3, 4)","2,3"
scene_10576,7,"(2, 3)","4,5"
scene_14655,8,"(2, 3)","2,3"
scene_10391,8,"(3, 4)","3,4"
scene_13505,7,"(0, 1)","2,3"
scene_14956,8,"(4, 5)","5,6"
scene_13010,8,"(1, 2)","4,5"
scene_14017,8,"(4, 5)","2,3"
scene_14750,7,"(2, 3)","2,3"
scene_11661,7,"(3, 4)","2,3"
scene_10719,8,"(2, 3)","2,3"
scene_10792,8,"(5, 6)","4,5"
scene_12326,7,"(2, 3)","4,5"
scene_14228,8,"(1, 2)","2,3"
scene_11381,8,"(0, 1)","5,6"
scene_13829,7,"(0, 1)","5,6"
scene_12889,8,"(5, 6)","2,3"
scene_11054,8,"(1, 2)","2,3"
scene_11880,7,"(3, 4)","2,3"
scene_13823,8,"(4, 5)","3,4"
scene_11355,8,"(3, 4)","6,7"
scene_10462,8,"(4, 5)","5,6"
scene_10790,8,"(0, 1)","4,5"
scene_13126,7,"(2, 3)","1,2"
scene_11918,8,"(6, 7)","6,7"
scene_12665,8,"(2, 3)","2,3"
scene_10550,7,"(5, 6)","6,7"
scene_12848,7,"(3, 4)","6,7"
scene_12598,7,"(1, 2)","2,3"
scene_14638,8,"(4, 5)","2,3"
scene_11862,7,"(2, 3)","2,3"
scene_14212,7,"(5, 6)","4,5"
scene_11373,8,"(3, 4)","4,5"
scene_14257,6,"(1, 2)","2,3"
scene_12946,6,"(0, 1)","2,3"
scene_12327,8,"(1, 2)","2,3"
scene_14824,8,"(6, 7)","2,3"
scene_10037,8,"(0, 1)","1,2"
scene_10153,7,"(3, 4)","5,6"
scene_13928,8,"(1, 2)","3,4"
scene_14136,8,"(5, 6)","2,3"
scene_12030,8,"(3, 4)","5,6"
scene_13764,7,"(0, 1)","2,3"
scene_10148,7,"(5, 6)","2,3"
scene_10721,7,"(2, 3)","2,3"
scene_11712,8,"(5, 6)","4,5"
scene_13009,8,"(2, 3)","1,2"
scene_14924,8,"(5, 6)","2,3"
scene_12192,7,"(0, 1)","2,3"
scene_14050,7,"(4, 5)","4,5"
scene_13537,7,"(4, 5)","5,6"
scene_10366,8,"(2, 3)","4,5"
scene_10242,7,"(2, 3)","3,4"
scene_14590,8,"(6, 7)","3,4"
scene_13609,8,"(1, 2)","5,6"
scene_11177,8,"(5, 6)","5,6"
scene_10817,6,"(1, 2)","2,3"
scene_14703,8,"(6, 7)","4,5"
scene_14914,8,"(2, 3)","2,3"
scene_11667,7,"(4, 5)","2,3"
scene_10647,7,"(1, 2)","2,3"
scene_12255,8,"(0, 1)","6,7"
scene_13089,8,"(1, 2)","2,3"
scene_14623,7,"(1, 2)","4,5"
scene_14008,8,"(1, 2)","2,3"
scene_11935,7,"(3, 4)","1,2"
scene_14758,5,"(0, 1)","2,3"
scene_11693,8,"(2, 3)","2,3"
scene_14728,6,"(4, 5)","2,3"
scene_13482,8,"(4, 5)","2,3"
scene_10954,8,"(2, 3)","3,4"
scene_14204,8,"(3, 4)","4,5"
scene_13991,8,"(6, 7)","2,3"
scene_13021,8,"(4, 5)","8,7"
scene_10994,7,"(1, 2)","2,3"
scene_10981,8,"(4, 5)","2,3"
scene_12404,7,"(0, 1)","2,3"
scene_10448,7,"(0, 1)","2,3"
scene_13440,6,"(2, 3)","2,3"
scene_11113,7,"(3, 4)","4,5"
scene_12303,8,"(5, 6)","2,3"
scene_11111,7,"(5, 6)","6,7"
scene_12207,4,"(1, 2)","2,3"
scene_14939,7,"(4, 5)","1,2"
scene_14668,8,"(3, 4)","6,7"
scene_11963,8,"(6, 7)","2,3"
scene_11051,7,"(3, 4)","4,5"
scene_13325,8,"(6, 7)","3,4"
scene_11419,7,"(4, 5)","5,6"
scene_12799,8,"(0, 1)","2,3"
scene_14645,8,"(1, 2)","2,3"
scene_14813,8,"(2, 3)","2,3"
scene_12860,7,"(5, 6)","2,3"
scene_13363,8,"(0, 1)","4,5"
scene_14883,8,"(3, 4)","4,5"
scene_13830,7,"(3, 4)","4,5"
scene_14736,6,"(4, 5)","5,6"
scene_12988,8,"(2, 3)","2,3"
scene_13407,8,"(1, 2)","2,3"
scene_13074,7,"(4, 5)","2,3"
scene_13561,8,"(5, 6)","6,7"
scene_11121,7,"(4, 5)","4,5"
scene_12296,7,"(1, 2)","2,3"
scene_11429,7,"(1, 2)","2,3"
scene_11966,7,"(3, 4)","4,5"
scene_14960,8,"(4, 5)","2,3"
scene_12003,8,"(6, 7)","4,5"
scene_13020,8,"(0, 1)","1,2"
scene_11184,8,"(6, 7)","7,8"
scene_11220,8,"(0, 1)","2,3"
scene_10922,5,"(1, 2)","2,3"
scene_14255,8,"(2, 3)","2,3"
scene_13618,8,"(1, 2)","2,3"
scene_11143,8,"(1, 2)","3,4"
scene_11010,8,"(2, 3)","6,7"
scene_10788,8,"(5, 6)","2,3"
scene_12745,7,"(1, 2)","2,3"
scene_13804,8,"(2, 3)","6,7"
scene_11083,7,"(4, 5)","5,6"
scene_11452,8,"(2, 3)","2,3"
scene_12238,7,"(0, 1)","2,3"
scene_11403,7,"(2, 3)","2,3"
scene_12184,7,"(1, 2)","2,3"
scene_13968,8,"(5, 6)","6,7"
scene_14345,8,"(4, 5)","1,2"
scene_11286,8,"(2, 3)","3,4"
scene_13182,7,"(1, 2)","2,3"
scene_14898,7,"(5, 6)","2,3"
scene_14478,8,"(2, 3)","6,7"
scene_14490,8,"(4, 5)","5,6"
scene_13532,7,"(4, 5)","5,6"
scene_10850,8,"(0, 1)","1,2"
scene_12125,8,"(4, 5)","5,6"
scene_10566,7,"(5, 6)","4,5"
scene_10255,7,"(1, 2)","2,3"
scene_14350,7,"(4, 5)","2,3"
scene_12505,7,"(4, 5)","5,6"
scene_13862,7,"(1, 2)","1,2"
scene_11681,7,"(1, 2)","3,4"
scene_12743,7,"(5, 6)","2,3"
scene_11692,7,"(4, 5)","5,6"
scene_10621,7,"(5, 6)","4,7"
scene_11716,8,"(4, 5)","6,7"
scene_11285,7,"(2, 3)","2,3"
scene_14441,8,"(6, 7)","2,3"
scene_13087,7,"(4, 5)","2,3"
scene_10782,8,"(0, 1)","1,2"
scene_14343,8,"(6, 7)","7,8"
scene_12346,7,"(0, 1)","2,3"
scene_10129,8,"(0, 1)","1,2"
scene_10993,7,"(0, 1)","2,3"
scene_10606,7,"(5, 6)","4,5"
scene_13428,8,"(6, 7)","2,3"
scene_14798,7,"(4, 5)","5,6"
scene_14722,8,"(2, 3)","2,3"
scene_12148,8,"(5, 6)","8,7"
scene_10699,7,"(1, 2)","3,4"
scene_11968,8,"(6, 7)","1,2"
scene_13103,6,"(4, 5)","2,3"
scene_13559,8,"(3, 4)","2,3"
scene_10933,8,"(4, 5)","5,6"
scene_12366,5,"(0, 1)","2,3"
scene_12370,8,"(3, 4)","5,6"
scene_11088,8,"(5, 6)","2,3"
scene_11944,8,"(4, 5)","7,8"
scene_13064,8,"(2, 3)","3,4"
scene_13117,7,"(5, 6)","2,3"
scene_14909,7,"(2, 3)","2,3"
scene_11261,8,"(3, 4)","3,4"
scene_14129,8,"(1, 2)","2,3"
scene_12765,7,"(5, 6)","6,7"
scene_10449,7,"(3, 4)","4,5"
scene_11357,8,"(2, 3)","2,3"
scene_11509,7,"(3, 4)","2,3"
scene_10068,8,"(0, 1)","2,3"
scene_11946,8,"(5, 6)","5,6"
scene_11228,8,"(0, 1)","2,3"
scene_12306,6,"(1, 2)","2,3"
scene_14996,7,"(3, 4)","4,5"
scene_12181,6,"(3, 4)","4,5"
scene_12088,8,"(3, 4)","2,3"
scene_12078,7,"(3, 4)","2,3"
scene_11378,8,"(1, 2)","2,3"
scene_13667,8,"(2, 3)","2,3"
scene_13951,7,"(4, 5)","4,5"
scene_14630,7,"(1, 2)","2,3"
scene_11610,6,"(2, 3)","2,3"
scene_14237,8,"(6, 7)","6,7"
scene_14609,8,"(5, 6)","5,6"
scene_14301,8,"(2, 3)","2,3"
scene_12951,8,"(5, 6)","6,7"
scene_13791,8,"(6, 7)","2,3"
scene_13597,7,"(2, 3)","4,5"
scene_14263,8,"(3, 4)","6,7"
scene_10611,8,"(1, 2)","2,3"
scene_13945,7,"(2, 3)","2,3"
scene_12128,7,"(4, 5)","2,3"
scene_11941,8,"(4, 5)","2,3"
scene_13799,7,"(0, 1)","1,2"
scene_14719,6,"(2, 3)","2,3"
scene_14848,8,"(1, 2)","2,3"
scene_12676,7,"(3, 4)","5,6"
scene_10164,8,"(0, 1)","2,3"
scene_12049,7,"(2, 3)","6,7"
scene_11645,7,"(3, 4)","4,5"
scene_12086,8,"(1, 2)","4,5"
scene_14284,8,"(1, 2)","2,3"
scene_13942,7,"(0, 1)","2,3"
scene_14059,7,"(0, 1)","5,6"
scene_11498,7,"(2, 3)","5,6"
scene_14344,8,"(3, 4)","2,3"
scene_12970,8,"(6, 7)","2,3"
scene_11529,7,"(4, 5)","2,3"
scene_11614,7,"(3, 4)","4,5"
scene_12722,8,"(1, 2)","2,3"
scene_10528,7,"(1, 2)","2,3"
scene_10487,6,"(2, 3)","3,4"
scene_12503,8,"(4, 5)","3,4"
scene_14047,8,"(5, 6)","2,3"
scene_13760,8,"(2, 3)","2,3"
scene_13234,8,"(1, 2)","2,3"
scene_11845,7,"(1, 2)","2,3"
scene_12066,8,"(3, 4)","2,3"
scene_14596,5,"(3, 4)","4,5"
scene_13641,8,"(3, 4)","7,8"
scene_11183,8,"(2, 3)","2,3"
scene_14653,8,"(3, 4)","4,5"
scene_11485,7,"(0, 1)","2,3"
scene_10798,8,"(0, 1)","1,2"
scene_12302,7,"(3, 4)","2,3"
scene_12336,7,"(4, 5)","2,3"
scene_10209,7,"(3, 4)","6,7"
scene_13385,7,"(1, 2)","2,3"
scene_13790,7,"(1, 2)","6,7"
scene_12679,8,"(4, 5)","5,6"
scene_11652,7,"(2, 3)","2,3"
scene_13833,6,"(0, 1)","2,3"
scene_14781,8,"(0, 1)","1,2"
scene_10549,8,"(2, 3)","2,3"
scene_11766,7,"(3, 4)","2,3"
scene_10441,7,"(4, 5)","4,5"
scene_14269,7,"(5, 6)","6,7"
scene_14348,8,"(5, 6)","6,7"
scene_14904,7,"(3, 4)","5,6"
scene_11928,8,"(2, 3)","1,2"
scene_12680,7,"(4, 5)","5,6"
scene_12448,7,"(0, 1)","2,3"
scene_12028,8,"(6, 7)","6,7"
scene_11153,8,"(0, 1)","2,3"
scene_12721,8,"(3, 4)","5,6"
scene_10199,5,"(1, 2)","2,3"
scene_13579,8,"(2, 3)","2,3"
scene_12390,8,"(5, 6)","2,3"
scene_13615,7,"(2, 3)","4,5"
scene_13977,8,"(6, 7)","1,2"
scene_13162,6,"(3, 4)","4,5"
scene_14534,8,"(2, 3)","6,7"
scene_11611,8,"(0, 1)","2,3"
scene_10368,8,"(3, 4)","7,8"
scene_14875,8,"(0, 1)","2,3"
scene_13835,8,"(4, 5)","7,8"
scene_13451,7,"(4, 5)","5,6"
scene_12043,8,"(1, 2)","3,4"
scene_14220,8,"(2, 3)","3,4"
scene_12109,7,"(4, 5)","5,6"
scene_12041,7,"(2, 3)","3,4"
scene_10653,6,"(0, 1)","2,3"
scene_13740,7,"(3, 4)","5,6"
scene_13776,8,"(4, 5)","2,3"
scene_12367,6,"(3, 4)","2,3"
scene_14384,8,"(6, 7)","7,8"
scene_10655,8,"(4, 5)","6,7"
scene_11017,8,"(2, 3)","2,3"
scene_11713,7,"(4, 5)","2,3"
scene_13090,8,"(5, 6)","1,2"
scene_11574,8,"(4, 5)","8,1"
scene_11189,7,"(0, 1)","2,3"
scene_14792,7,"(1, 2)","2,3"
scene_10397,8,"(0, 1)","1,2"
scene_10578,7,"(3, 4)","5,6"
scene_11016,7,"(2, 3)","2,3"
scene_14215,8,"(6, 7)","7,8"
scene_13702,8,"(2, 3)","7,8"
scene_10502,8,"(4, 5)","5,6"
scene_11911,7,"(2, 3)","2,3"
scene_13940,7,"(1, 2)","2,3"
scene_13421,6,"(1, 2)","2,3"
scene_10435,7,"(4, 5)","2,3"
scene_14110,7,"(4, 5)","2,3"
scene_12110,8,"(3, 4)","7,8"
scene_14694,7,"(4, 5)","5,6"
scene_14261,7,"(0, 1)","2,3"
scene_13599,8,"(0, 1)","6,7"
scene_11415,8,"(0, 1)","2,3"
scene_14971,7,"(1, 2)","2,3"
scene_13593,7,"(5, 6)","2,3"
scene_14406,8,"(2, 3)","2,3"
scene_12485,8,"(6, 7)","2,3"
scene_11394,8,"(3, 4)","4,5"
scene_10836,8,"(4, 5)","2,3"
scene_11903,8,"(3, 4)","7,8"
scene_11984,7,"(1, 2)","2,3"
scene_14240,8,"(4, 5)","6,7"
scene_11801,8,"(4, 5)","2,3"
scene_14073,7,"(1, 2)","4,5"
scene_14181,7,"(2, 3)","2,3"
scene_10298,7,"(4, 5)","2,3"
scene_14206,8,"(2, 3)","7,8"
scene_11219,8,"(1, 2)","2,3"
scene_12928,8,"(3, 4)","2,3"
scene_11004,8,"(4, 5)","4,5"
scene_11979,8,"(5, 6)","5,6"
scene_13795,8,"(6, 7)","3,4"
scene_12630,8,"(2, 3)","2,3"
scene_11187,8,"(4, 5)","2,3"
scene_12956,7,"(2, 3)","6,7"
scene_12569,8,"(4, 5)","5,6"
scene_12040,8,"(6, 7)","6,7"
scene_10124,8,"(4, 5)","7,8"
scene_13070,8,"(4, 5)","5,6"
scene_13185,7,"(3, 4)","2,3"
scene_13048,7,"(5, 6)","2,3"
scene_12344,8,"(4, 5)","2,3"
scene_10864,8,"(2, 3)","2,3"
scene_12668,8,"(3, 4)","4,5"
scene_11085,8,"(6, 7)","2,3"
scene_12363,8,"(0, 1)","2,3"
scene_12628,7,"(2, 3)","4,5"
scene_13450,7,"(2, 3)","2,3"
scene_10332,8,"(5, 6)","1,2"
scene_10116,8,"(0, 1)","2,3"
scene_13296,8,"(3, 4)","5,6"
scene_14664,7,"(4, 5)","3,4"
scene_11383,7,"(2, 3)","3,4"
scene_13405,7,"(5, 6)","2,3"
scene_14762,8,"(6, 7)","2,3"
scene_13657,8,"(5, 6)","8,9"
scene_14324,8,"(5, 6)","2,3"
scene_13367,7,"(0, 1)","2,3"
scene_12379,8,"(4, 5)","2,3"
scene_12425,8,"(3, 4)","4,5"
scene_10691,8,"(2, 3)","2,3"
scene_12626,7,"(5, 6)","1,2"
scene_12059,8,"(6, 7)","7,8"
scene_13216,7,"(4, 5)","2,3"
scene_14037,8,"(4, 5)","2,3"
scene_12517,8,"(1, 2)","2,3"
scene_13323,8,"(5, 6)","5,6"
scene_12561,7,"(0, 1)","2,3"
scene_10513,7,"(4, 5)","4,5"
scene_13000,7,"(3, 4)","5,6"
scene_12257,8,"(1, 2)","2,3"
scene_12602,8,"(4, 5)","5,6"
scene_10805,8,"(5, 6)","6,7"
scene_13698,8,"(5, 6)","8,7"
scene_12960,8,"(4, 5)","2,3"
scene_14083,8,"(6, 7)","2,3"
scene_12126,8,"(6, 7)","2,3"
scene_11418,8,"(3, 4)","2,3"
scene_10924,8,"(1, 2)","2,3"
scene_11322,8,"(6, 7)","2,3"
scene_14121,7,"(5, 6)","2,3"
scene_10675,8,"(1, 2)","3,4"
scene_11246,8,"(0, 1)","1,2"
scene_13352,8,"(4, 5)","2,3"
scene_12123,6,"(0, 1)","2,3"
scene_10509,8,"(1, 2)","2,3"
scene_14585,7,"(0, 1)","2,3"
scene_14510,8,"(3, 4)","2,3"
scene_14292,8,"(2, 3)","5,6"
scene_13231,7,"(3, 4)","2,3"
scene_10746,8,"(1, 2)","1,2"
scene_12408,7,"(3, 4)","6,7"
scene_12621,7,"(5, 6)","2,3"
scene_13610,8,"(1, 2)","2,3"
scene_10526,8,"(3, 4)","2,3"
scene_11412,8,"(4, 5)","5,6"
scene_12120,7,"(4, 5)","2,3"
scene_12787,8,"(3, 4)","2,3"
scene_11909,7,"(5, 6)","4,5"
scene_11844,7,"(5, 6)","2,3"
scene_12872,7,"(0, 1)","2,3"
scene_12632,8,"(5, 6)","7,8"
scene_11299,7,"(1, 2)","2,3"
scene_10514,7,"(4, 5)","6,7"
scene_13956,8,"(1, 2)","6,7"
scene_13933,8,"(4, 5)","4,5"
scene_11678,7,"(2, 3)","3,4"
scene_13171,7,"(5, 6)","5,6"
scene_12154,6,"(3, 4)","4,5"
scene_13005,8,"(4, 5)","2,3"
scene_12896,7,"(3, 4)","4,5"
scene_14620,7,"(2, 3)","5,6"
scene_13254,8,"(1, 2)","2,3"
scene_10353,8,"(3, 4)","4,5"
scene_12879,7,"(4, 5)","1,2"
scene_10532,7,"(2, 3)","2,3"
scene_12260,8,"(4, 5)","5,6"
scene_11915,7,"(2, 3)","5,6"
scene_11512,7,"(5, 6)","4,5"
scene_12345,8,"(6, 7)","6,7"
scene_13036,8,"(6, 7)","7,8"
scene_11479,7,"(5, 6)","3,4"
scene_14537,7,"(5, 6)","2,3"
scene_13344,7,"(5, 6)","5,6"
scene_10970,7,"(5, 6)","2,3"
scene_13533,7,"(2, 3)","2,3"
scene_14288,8,"(4, 5)","5,6"
scene_10498,8,"(3, 4)","5,6"
scene_13547,8,"(1, 2)","2,3"
scene_12084,8,"(1, 2)","2,3"
scene_11481,8,"(2, 3)","7,8"
scene_14975,7,"(4, 5)","5,6"
scene_14107,8,"(2, 3)","2,3"
scene_14990,7,"(1, 2)","4,5"
scene_11229,7,"(2, 3)","1,2"
scene_11190,8,"(6, 7)","6,7"
scene_12221,7,"(2, 3)","4,5"
scene_12253,8,"(5, 6)","6,7"
scene_10265,7,"(1, 2)","2,3"
scene_14234,8,"(5, 6)","5,6"
scene_12737,7,"(5, 6)","5,6"
scene_11310,6,"(3, 4)","2,3"
scene_12795,7,"(2, 3)","2,3"
scene_10359,8,"(3, 4)","2,3"
scene_11824,7,"(2, 3)","1,2"
scene_10708,8,"(4, 5)","2,3"
scene_13313,7,"(5, 6)","5,6"
scene_13316,8,"(2, 3)","3,4"
scene_13781,8,"(2, 3)","2,3"
scene_10503,7,"(0, 1)","2,3"
scene_14692,7,"(4, 5)","5,6"
scene_14346,7,"(5, 6)","2,3"
scene_14321,7,"(4, 5)","5,6"
scene_11170,7,"(3, 4)","3,4"
scene_12507,8,"(3, 4)","4,5"
scene_10879,7,"(2, 3)","6,7"
scene_11828,7,"(1, 2)","2,3"
scene_11067,8,"(2, 3)","4,5"
scene_14700,7,"(0, 1)","2,3"
scene_14807,8,"(2, 3)","2,3"
scene_14057,6,"(0, 1)","2,3"
scene_11586,8,"(2, 3)","2,3"
scene_12121,8,"(3, 4)","2,3"
scene_14625,8,"(5, 6)","7,8"
scene_14315,7,"(2, 3)","2,3"
scene_10106,7,"(5, 6)","6,7"
scene_10465,7,"(3, 4)","2,3"
scene_14953,8,"(1, 2)","2,3"
scene_13538,7,"(1, 2)","2,3"
scene_12661,8,"(6, 7)","4,5"
scene_11288,7,"(4, 5)","3,4"
scene_14495,8,"(2, 3)","3,4"
scene_14767,8,"(4, 5)","2,3"
scene_12169,7,"(5, 6)","6,7"
scene_13099,7,"(2, 3)","2,3"
scene_14539,8,"(1, 2)","6,7"
scene_13308,8,"(0, 1)","1,2"
scene_13057,8,"(4, 5)","2,3"
scene_11524,8,"(5, 6)","6,7"
scene_13778,8,"(4, 5)","2,3"
scene_13295,8,"(1, 2)","7,8"
scene_12783,8,"(1, 2)","2,3"
scene_10629,7,"(0, 1)","2,3"
scene_13290,7,"(5, 6)","1,2"
scene_10132,7,"(4, 5)","5,6"
scene_12324,8,"(1, 2)","2,3"
scene_11569,8,"(5, 6)","6,7"
scene_11484,6,"(1, 2)","5,6"
scene_11501,8,"(0, 1)","2,3"
scene_12643,7,"(0, 1)","2,3"
scene_10967,7,"(3, 4)","2,3"
scene_10275,7,"(2, 3)","3,4"
scene_14075,7,"(5, 6)","2,3"
scene_10142,8,"(3, 4)","4,5"
scene_11795,8,"(0, 1)","2,3"
scene_13457,7,"(5, 6)","5,6"
scene_12489,8,"(6, 7)","5,6"
scene_14211,8,"(1, 2)","2,3"
scene_13652,7,"(0, 1)","2,3"
scene_10656,8,"(4, 5)","2,3"
scene_12784,7,"(1, 2)","2,3"
scene_12102,8,"(3, 4)","2,3"
scene_14796,7,"(5, 6)","2,3"
scene_11664,8,"(3, 4)","2,3"
scene_12612,7,"(3, 4)","4,5"
scene_12751,8,"(5, 6)","6,7"
scene_10307,7,"(1, 2)","2,3"
scene_10234,7,"(2, 3)","2,3"
scene_13731,8,"(2, 3)","6,7"
scene_13925,8,"(2, 3)","2,3"
scene_11782,6,"(0, 1)","2,3"
scene_13919,8,"(6, 7)","2,3"
scene_11445,8,"(0, 1)","1,2"
scene_13415,8,"(5, 6)","1,2"
scene_11832,7,"(4, 5)","6,7"
scene_11440,6,"(1, 2)","2,3"
scene_11819,8,"(4, 5)","7,8"
scene_12827,8,"(5, 6)","6,7"
scene_10683,7,"(5, 6)","2,3"
scene_11746,7,"(0, 1)","4,5"
scene_12941,8,"(1, 2)","2,3"
scene_14906,8,"(3, 4)","7,8"
scene_14598,8,"(6, 7)","2,3"
scene_11256,7,"(1, 2)","2,3"
scene_11211,8,"(0, 1)","2,3"
scene_13961,8,"(6, 7)","2,3"
scene_13892,7,"(3, 4)","5,6"
scene_10327,8,"(6, 7)","4,5"
scene_13134,8,"(3, 4)","2,3"
scene_11316,7,"(1, 2)","5,6"
scene_11204,8,"(5, 6)","2,3"
scene_12235,8,"(6, 7)","4,5"
scene_10740,8,"(2, 3)","3,4"
scene_13353,8,"(0, 1)","1,2"
scene_13431,8,"(0, 1)","1,2"
scene_13983,7,"(2, 3)","3,4"
scene_11739,8,"(4, 5)","5,6"
scene_10338,8,"(4, 5)","2,3"
scene_14494,7,"(0, 1)","2,3"
scene_12127,7,"(2, 3)","6,7"
scene_14698,8,"(2, 3)","2,3"
scene_13433,8,"(3, 4)","2,3"
scene_12836,7,"(5, 6)","4,5"
scene_14611,7,"(4, 5)","5,6"
scene_14524,6,"(4, 5)","2,3"
scene_13602,6,"(3, 4)","2,3"
scene_13987,8,"(1, 2)","5,6"
scene_14028,8,"(6, 7)","4,5"
scene_11639,8,"(4, 5)","3,4"
scene_11790,8,"(3, 4)","7,8"
scene_11508,7,"(2, 3)","2,3"
scene_10510,8,"(1, 2)","4,5"
scene_13516,8,"(6, 7)","7,8"
scene_14071,7,"(0, 1)","2,3"
scene_12686,8,"(2, 3)","7,8"
scene_13073,7,"(1, 2)","2,3"
scene_14636,8,"(5, 6)","2,3"
scene_11172,8,"(3, 4)","4,5"
scene_10783,8,"(5, 6)","2,3"
scene_12650,8,"(2, 3)","2,3"
scene_10149,8,"(5, 6)","2,3"
scene_11038,6,"(1, 2)","2,3"
scene_14619,7,"(0, 1)","2,3"
scene_12225,7,"(5, 6)","6,7"
scene_14520,8,"(2, 3)","2,3"
scene_12112,8,"(6, 7)","8,7"
scene_13236,8,"(2, 3)","2,3"
scene_14794,7,"(4, 5)","2,3"
scene_10171,8,"(5, 6)","5,6"
scene_13143,7,"(1, 2)","2,3"
scene_10179,8,"(1, 2)","2,3"
scene_10826,8,"(4, 5)","1,2"
scene_14334,6,"(3, 4)","2,3"
scene_14076,7,"(3, 4)","2,3"
scene_11875,8,"(4, 5)","2,3"
scene_12934,7,"(2, 3)","6,7"
scene_13801,6,"(0, 1)","2,3"
scene_14805,8,"(3, 4)","2,3"
scene_10747,8,"(5, 6)","6,7"
scene_12588,7,"(0, 1)","2,3"
scene_14141,7,"(1, 2)","2,3"
scene_12850,7,"(1, 2)","2,3"
scene_11904,8,"(3, 4)","2,3"
scene_12806,8,"(2, 3)","4,5"
scene_14838,8,"(1, 2)","2,3"
scene_13841,8,"(0, 1)","1,2"
scene_14199,6,"(2, 3)","2,5"
scene_12237,8,"(3, 4)","5,6"
scene_13904,8,"(1, 2)","6,7"
scene_10181,7,"(3, 4)","2,3"
scene_10547,8,"(6, 7)","7,8"
scene_11362,7,"(2, 3)","2,3"
scene_13013,7,"(2, 3)","3,4"
scene_12384,8,"(2, 3)","5,6"
scene_13658,8,"(4, 5)","5,6"
scene_13890,8,"(5, 6)","6,7"
scene_12692,7,"(4, 5)","4,5"
scene_13004,7,"(0, 1)","1,2"
scene_10988,8,"(2, 3)","2,3"
scene_11413,8,"(5, 6)","6,7"
scene_10276,8,"(2, 3)","7,8"
scene_14582,8,"(5, 6)","2,3"
scene_10066,7,"(1, 2)","4,5"
scene_11039,8,"(0, 1)","2,3"
scene_11530,8,"(5, 6)","6,7"
scene_11585,8,"(0, 1)","2,3"
scene_12604,8,"(3, 4)","2,3"
scene_13172,8,"(2, 3)","5,6"
scene_11926,7,"(1, 2)","2,3"
scene_11600,7,"(3, 4)","4,5"
scene_14327,7,"(5, 6)","2,3"
scene_12270,7,"(4, 5)","5,6"
scene_13194,7,"(5, 6)","2,3"
scene_13317,8,"(6, 7)","3,4"
scene_12229,7,"(2, 3)","3,4"
scene_13676,8,"(5, 6)","2,3"
scene_10277,6,"(0, 1)","2,3"
scene_11478,8,"(5, 6)","2,3"
scene_12145,8,"(2, 3)","2,3"
scene_10350,7,"(2, 3)","4,5"
scene_12739,8,"(4, 5)","7,8"
scene_14613,7,"(1, 2)","4,5"
scene_14986,7,"(1, 2)","2,3"
scene_11707,7,"(1, 2)","2,3"
scene_12338,7,"(3, 4)","2,3"
scene_10986,8,"(1, 2)","2,3"
scene_11446,8,"(3, 4)","2,3"
scene_12519,8,"(5, 6)","1,2"
scene_10006,6,"(4, 5)","4,5"
scene_13408,8,"(2, 3)","2,3"
scene_11194,7,"(3, 4)","5,6"
scene_10589,8,"(5, 6)","5,6"
scene_14032,7,"(4, 5)","2,3"
scene_10991,7,"(3, 4)","2,3"
scene_12356,8,"(6, 7)","7,8"
scene_12111,8,"(4, 5)","2,3"
scene_12589,7,"(5, 6)","6,7"
scene_10067,6,"(1, 2)","2,3"
scene_12196,8,"(6, 7)","4,5"
scene_14859,8,"(1, 2)","6,7"
scene_12048,8,"(5, 6)","3,4"
scene_14768,4,"(2, 3)","2,3"
scene_14804,6,"(0, 1)","2,3"
scene_11873,7,"(4, 5)","4,5"
scene_12552,8,"(3, 4)","4,5"
scene_13950,7,"(4, 5)","2,3"
scene_14040,8,"(5, 6)","2,3"
scene_10977,8,"(2, 3)","3,4"
scene_10195,8,"(0, 1)","2,3"
scene_14731,7,"(4, 5)","4,5"
scene_11234,5,"(0, 1)","1,2"
scene_10974,7,"(0, 1)","2,3"
scene_11181,7,"(4, 5)","5,6"
scene_10456,8,"(4, 5)","5,6"
scene_14415,8,"(1, 2)","5,6"
scene_12162,7,"(4, 5)","3,4"
scene_12494,8,"(4, 5)","1,2"
scene_13660,8,"(1, 2)","2,3"
scene_14279,7,"(1, 2)","2,3"
scene_10613,8,"(2, 3)","2,3"
scene_10884,7,"(4, 5)","2,3"
scene_13356,7,"(3, 4)","5,6"
scene_10077,8,"(0, 1)","2,3"
scene_10324,8,"(5, 6)","4,5"
scene_14113,8,"(1, 2)","6,7"
scene_12521,7,"(5, 6)","2,3"
scene_11838,8,"(4, 5)","5,6"
scene_13156,7,"(3, 4)","4,5"
scene_12891,8,"(0, 1)","2,3"
scene_14592,8,"(4, 5)","4,5"
scene_12853,8,"(3, 4)","4,5"
scene_11936,7,"(0, 1)","2,3"
scene_13535,6,"(3, 4)","2,3"
scene_10156,8,"(1, 2)","2,3"
scene_13199,8,"(4, 5)","2,3"
scene_10599,7,"(3, 4)","1,2"
scene_11374,8,"(3, 4)","7,8"
scene_14676,8,"(4, 5)","5,6"
scene_12929,7,"(0, 1)","2,3"
scene_13765,7,"(4, 5)","2,3"
scene_11306,7,"(3, 4)","5,6"
scene_14281,8,"(5, 6)","6,7"
scene_10920,7,"(2, 3)","3,4"
scene_13995,8,"(5, 6)","4,5"
scene_13475,7,"(0, 1)","2,3"
scene_14152,7,"(3, 4)","2,3"
scene_10966,7,"(2, 3)","2,3"
scene_11532,8,"(6, 7)","6,7"
scene_12057,8,"(0, 1)","5,6"
scene_11624,8,"(5, 6)","2,3"
scene_10218,8,"(1, 2)","2,3"
scene_13767,7,"(4, 5)","5,6"
scene_10109,7,"(0, 1)","2,3"
scene_13366,8,"(0, 1)","2,3"
scene_11848,7,"(3, 4)","2,3"
scene_10910,7,"(2, 3)","2,3"
scene_13499,8,"(5, 6)","4,5"
scene_14985,8,"(0, 1)","2,3"
scene_10604,4,"(2, 3)","2,3"
scene_13668,7,"(0, 1)","2,3"
scene_14135,8,"(0, 1)","1,2"
scene_11118,7,"(3, 4)","5,6"
scene_14721,6,"(0, 1)","2,3"
scene_13127,7,"(2, 3)","2,3"
scene_10343,7,"(3, 4)","4,5"
scene_13164,7,"(1, 2)","2,3"
scene_14454,6,"(1, 2)","2,3"
scene_12114,8,"(6, 7)","2,3"
scene_12915,6,"(3, 4)","4,5"
scene_14265,8,"(2, 3)","4,5"
scene_14481,7,"(3, 4)","5,6"
scene_11521,8,"(3, 4)","2,3"
scene_14320,8,"(6, 7)","2,3"
scene_12627,8,"(3, 4)","7,8"
scene_10213,8,"(3, 4)","5,6"
scene_14751,7,"(0, 1)","2,3"
scene_14837,8,"(5, 6)","1,2"
scene_14282,7,"(5, 6)","6,7"
scene_10818,8,"(6, 7)","2,3"
scene_10664,8,"(4, 5)","2,3"
scene_11715,8,"(1, 2)","6,7"
scene_12161,7,"(5, 6)","4,5"
scene_14300,7,"(2, 3)","3,4"
scene_11565,7,"(0, 1)","4,5"
scene_11155,6,"(1, 2)","2,3"
scene_14159,7,"(4, 5)","3,4"
scene_14810,7,"(3, 4)","2,3"
scene_14741,8,"(4, 5)","5,6"
scene_13250,6,"(1, 2)","2,3"
scene_11507,8,"(5, 6)","2,3"
scene_13368,8,"(1, 2)","2,3"
scene_11922,7,"(0, 1)","2,3"
scene_11268,8,"(6, 7)","2,3"
scene_14295,7,"(0, 1)","1,2"
scene_14148,8,"(2, 3)","2,3"
scene_10959,7,"(3, 4)","4,5"
scene_13338,8,"(5, 6)","2,3"
scene_13068,8,"(5, 6)","6,7"
scene_13083,8,"(4, 5)","5,6"
scene_11168,6,"(3, 4)","2,3"
scene_14980,8,"(4, 5)","2,3"
scene_11820,8,"(3, 4)","4,5"
scene_10973,8,"(6, 7)","7,8"
scene_12949,8,"(1, 2)","7,8"
scene_13840,8,"(1, 2)","2,3"
scene_11493,7,"(3, 4)","2,3"
scene_13566,8,"(2, 3)","2,3"
scene_14094,8,"(1, 2)","2,3"
scene_14502,8,"(2, 3)","2,3"
scene_13560,7,"(1, 2)","4,5"
scene_10679,8,"(5, 6)","2,3"
scene_13713,7,"(0, 1)","1,2"
scene_13160,7,"(0, 1)","2,3"
scene_14046,8,"(6, 7)","7,8"
scene_10741,8,"(5, 6)","2,3"
scene_10665,8,"(3, 4)","6,7"
scene_10632,7,"(4, 5)","5,6"
scene_11544,8,"(6, 7)","1,2"
scene_13626,8,"(0, 1)","2,3"
scene_10537,6,"(1, 2)","2,3"
scene_13395,7,"(1, 2)","2,3"
scene_14130,8,"(0, 1)","1,2"
scene_11380,7,"(0, 1)","2,3"
scene_14654,7,"(4, 5)","2,3"
scene_13312,7,"(0, 1)","2,3"
scene_13217,7,"(3, 4)","2,3"
scene_13027,7,"(4, 5)","2,3"
scene_12211,7,"(5, 6)","2,3"
scene_13159,8,"(5, 6)","6,7"
scene_12080,8,"(6, 7)","2,3"
scene_14759,8,"(0, 1)","2,3"
scene_13932,8,"(1, 2)","2,3"
scene_10316,7,"(5, 6)","2,3"
scene_14475,7,"(0, 1)","6,7"
scene_14684,7,"(3, 4)","6,7"
scene_10928,8,"(3, 4)","1,2"
scene_10787,8,"(1, 2)","2,3"
scene_11992,7,"(4, 5)","4,5"
scene_13140,7,"(1, 2)","2,3"
scene_11400,8,"(6, 7)","7,8"
scene_10878,7,"(0, 1)","1,2"
scene_13517,8,"(1, 2)","2,3"
scene_13513,7,"(4, 5)","4,5"
scene_13805,7,"(2, 3)","3,4"
scene_10074,8,"(1, 2)","2,3"
scene_13601,8,"(6, 7)","6,7"
scene_12083,7,"(5, 6)","6,7"
scene_11735,8,"(4, 5)","2,3"
scene_13777,8,"(2, 3)","3,4"
scene_13279,8,"(4, 5)","3,4"
scene_10383,8,"(4, 5)","6,7"
scene_12157,7,"(5, 6)","2,3"
scene_12809,7,"(2, 3)","2,3"
scene_14270,8,"(1, 2)","2,3"
scene_14244,8,"(2, 3)","6,7"
scene_13850,8,"(1, 2)","2,3"
scene_10524,8,"(5, 6)","5,6"
scene_13710,8,"(4, 5)","7,8"
scene_13653,8,"(1, 2)","2,3"
scene_11543,8,"(3, 4)","2,3"
scene_12290,6,"(2, 3)","3,4"
scene_14737,8,"(2, 3)","2,3"
scene_13483,8,"(0, 1)","2,3"
scene_12905,7,"(4, 5)","3,4"
scene_12438,8,"(4, 5)","6,7"
scene_10529,8,"(5, 6)","5,6"
scene_11606,8,"(1, 2)","1,2"
scene_14586,7,"(5, 6)","2,3"
scene_12862,8,"(5, 6)","2,3"
scene_12688,8,"(3, 4)","4,5"
scene_13381,7,"(4, 5)","3,4"
scene_11433,7,"(3, 4)","5,6"
scene_10580,7,"(0, 1)","2,3"
scene_14084,8,"(2, 3)","6,7"
scene_12387,8,"(5, 6)","6,7"
scene_10333,7,"(5, 6)","3,4"
scene_11366,7,"(3, 4)","2,3"
scene_10616,7,"(4, 5)","5,6"
scene_12469,6,"(2, 3)","2,3"
scene_13549,8,"(5, 6)","4,5"
scene_12966,7,"(3, 4)","2,3"
scene_11033,5,"(3, 4)","2,3"
scene_11164,7,"(1, 2)","2,3"
scene_11584,7,"(2, 3)","5,6"
scene_12780,7,"(3, 4)","4,5"
scene_12286,6,"(1, 2)","2,3"
scene_10388,8,"(6, 7)","6,7"
scene_14436,7,"(4, 5)","1,2"
scene_13636,8,"(3, 4)","2,3"
scene_11371,8,"(1, 2)","2,3"
scene_12652,8,"(6, 7)","2,3"
scene_14296,7,"(1, 2)","2,3"
scene_13235,8,"(2, 3)","3,4"
scene_13680,7,"(5, 6)","1,2"
scene_12449,7,"(1, 2)","2,3"
scene_12782,8,"(6, 7)","3,4"
scene_11386,8,"(3, 4)","7,8"
scene_13174,8,"(0, 1)","6,7"
scene_11675,7,"(4, 5)","4,5"
scene_11587,8,"(3, 4)","1,2"
scene_11159,8,"(3, 4)","2,3"
scene_11528,7,"(4, 5)","2,3"
scene_11491,7,"(4, 5)","2,3"
scene_10651,8,"(1, 2)","7,8"
scene_12498,7,"(3, 4)","2,3"
scene_12142,8,"(1, 2)","7,8"
scene_13384,8,"(2, 3)","7,8"
scene_14920,8,"(1, 2)","2,3"
scene_11794,8,"(2, 3)","2,3"
scene_12900,8,"(5, 6)","2,3"
scene_11015,7,"(0, 1)","2,3"
scene_14450,7,"(3, 4)","4,5"
scene_10707,8,"(6, 7)","7,8"
scene_12647,8,"(2, 3)","3,4"
scene_14408,8,"(0, 1)","2,3"
scene_10345,8,"(4, 5)","5,6"
scene_12927,6,"(1, 2)","2,3"
scene_11407,7,"(0, 1)","2,3"
scene_10424,7,"(2, 3)","2,3"
scene_11846,8,"(3, 4)","8,7"
scene_10253,8,"(5, 6)","2,3"
scene_14763,6,"(4, 5)","2,3"
scene_12054,7,"(4, 5)","2,3"
scene_11949,8,"(0, 1)","2,3"
scene_14677,7,"(0, 1)","6,7"
scene_11317,8,"(1, 2)","1,2"
scene_10772,7,"(4, 5)","2,3"
scene_12670,8,"(5, 6)","3,4"
scene_12342,8,"(5, 6)","2,3"
scene_11843,7,"(4, 5)","2,3"
scene_10168,7,"(1, 2)","2,3"
scene_13578,7,"(3, 4)","2,5"
scene_13246,8,"(1, 2)","2,3"
scene_14936,8,"(6, 7)","8,7"
scene_12378,8,"(2, 3)","4,5"
scene_11896,8,"(2, 3)","2,3"
scene_11575,8,"(0, 1)","2,3"
scene_12077,8,"(1, 2)","2,3"
scene_12434,8,"(1, 2)","2,3"
scene_13662,7,"(5, 6)","5,6"
scene_13832,6,"(0, 1)","2,3"
scene_14194,7,"(5, 6)","5,6"
scene_10314,8,"(6, 7)","7,8"
scene_11176,7,"(3, 4)","4,5"
scene_14266,7,"(1, 2)","2,3"
scene_10233,8,"(5, 6)","5,6"
scene_10154,8,"(4, 5)","5,6"
scene_13665,8,"(5, 6)","2,3"
scene_11892,8,"(1, 2)","2,3"
scene_11272,7,"(3, 4)","2,3"
scene_10303,8,"(1, 2)","3,4"
scene_13552,7,"(4, 5)","6,7"
scene_11442,8,"(2, 3)","3,4"
scene_10230,7,"(2, 3)","3,4"
scene_14551,8,"(3, 4)","2,3"
scene_11126,7,"(3, 4)","2,3"
scene_13999,8,"(4, 5)","2,3"
scene_11241,7,"(5, 6)","2,3"
scene_12587,7,"(2, 3)","2,3"
scene_11812,8,"(2, 3)","2,3"
scene_14473,7,"(2, 3)","2,3"
scene_10279,7,"(2, 3)","6,7"
scene_11802,8,"(4, 5)","2,3"
scene_10619,8,"(3, 4)","2,3"
scene_11295,7,"(3, 4)","2,3"
scene_14576,8,"(0, 1)","6,7"
scene_14647,8,"(6, 7)","2,3"
scene_12559,7,"(5, 6)","2,3"
scene_13800,8,"(3, 4)","5,6"
scene_12634,7,"(2, 3)","2,3"
scene_14222,8,"(1, 2)","2,3"
scene_12791,7,"(2, 3)","4,5"
scene_11839,8,"(2, 3)","3,4"
scene_13880,7,"(3, 4)","2,3"
scene_14962,8,"(0, 1)","1,2"
scene_12310,7,"(4, 5)","4,6"
scene_13479,7,"(1, 2)","2,3"
scene_11901,7,"(5, 6)","2,3"
scene_12024,6,"(1, 2)","5,6"
scene_12573,8,"(0, 1)","2,3"
scene_13167,8,"(2, 3)","2,3"
scene_10726,8,"(4, 5)","2,3"
scene_13845,7,"(4, 5)","5,6"
scene_12685,7,"(4, 5)","4,5"
scene_13111,7,"(5, 6)","6,7"
scene_14938,8,"(3, 4)","6,7"
scene_10627,8,"(2, 3)","2,3"
scene_12468,7,"(1, 2)","2,3"
scene_10711,7,"(1, 2)","2,3"
scene_10809,7,"(2, 3)","1,2"
scene_11049,8,"(1, 2)","3,4"
scene_10600,7,"(3, 4)","4,5"
scene_10422,7,"(4, 5)","5,6"
scene_13753,8,"(6, 7)","2,3"
scene_13708,8,"(1, 2)","2,3"
scene_13341,7,"(3, 4)","2,3"
scene_12644,8,"(4, 5)","5,6"
scene_13357,8,"(5, 6)","6,7"
scene_12981,8,"(5, 6)","4,5"
scene_11439,8,"(2, 3)","2,3"
scene_11432,7,"(2, 3)","2,3"
scene_13181,7,"(3, 4)","5,6"
scene_14786,7,"(5, 6)","2,3"
scene_12089,6,"(3, 4)","2,3"
scene_14184,7,"(3, 4)","2,3"
scene_10468,5,"(1, 2)","2,3"
scene_13501,8,"(5, 6)","2,3"
scene_12091,7,"(2, 3)","3,4"
scene_10312,8,"(1, 2)","2,3"
scene_10689,7,"(1, 2)","2,3"
scene_13193,7,"(5, 6)","6,7"
scene_11365,7,"(4, 5)","5,6"
scene_13663,7,"(3, 4)","3,4"
scene_14635,8,"(1, 2)","2,3"
scene_14317,7,"(4, 5)","4,5"
scene_11271,8,"(5, 6)","2,3"
scene_13926,8,"(0, 1)","1,2"
scene_10322,8,"(4, 5)","2,3"
scene_12147,8,"(0, 1)","2,3"
scene_11641,8,"(6, 7)","2,3"
scene_12413,7,"(0, 1)","2,3"
scene_11785,8,"(6, 7)","5,6"
scene_10997,7,"(5, 6)","2,3"
scene_10434,8,"(0, 1)","2,3"
scene_11789,4,"(0, 1)","1,2"
scene_10360,8,"(3, 4)","4,5"
scene_13669,7,"(1, 2)","2,3"
scene_12826,7,"(5, 6)","1,2"
scene_11885,7,"(1, 2)","2,3"
scene_12532,8,"(0, 1)","2,3"
scene_14260,8,"(5, 6)","4,5"
scene_10704,7,"(1, 2)","2,3"
scene_11331,7,"(0, 1)","2,3"
scene_10085,8,"(1, 2)","2,3"
scene_11660,8,"(4, 5)","2,3"
scene_13847,7,"(3, 4)","2,3"
scene_14710,8,"(2, 3)","7,8"
scene_11711,8,"(0, 1)","1,2"
scene_12623,8,"(4, 5)","2,3"
scene_14332,7,"(5, 6)","4,5"
scene_11657,7,"(5, 6)","2,3"
scene_12349,7,"(4, 5)","6,7"
scene_11759,7,"(3, 4)","4,5"
scene_12359,8,"(5, 6)","7,8"
scene_14232,8,"(3, 4)","4,5"
scene_10318,8,"(0, 1)","2,3"
scene_11884,8,"(0, 1)","2,3"
scene_14695,7,"(4, 5)","2,3"
scene_11787,8,"(4, 5)","6,7"
scene_10173,8,"(3, 4)","3,4"
scene_13041,8,"(0, 1)","2,3"
scene_11627,7,"(0, 1)","2,3"
scene_14637,7,"(4, 5)","2,3"
scene_14617,7,"(5, 6)","4,5"
scene_13305,7,"(2, 3)","3,4"
scene_12738,7,"(4, 5)","4,5"
scene_13416,8,"(2, 3)","3,4"
scene_12289,7,"(0, 1)","2,3"
scene_12050,8,"(4, 5)","2,3"
scene_13907,7,"(5, 6)","6,7"
scene_14304,8,"(5, 6)","5,6"
scene_12182,8,"(3, 4)","2,3"
scene_14571,8,"(6, 7)","4,5"
scene_10530,7,"(1, 2)","6,7"
scene_13870,8,"(0, 1)","6,7"
scene_14966,7,"(0, 1)","5,6"
scene_14822,4,"(2, 3)","1,2"
scene_12038,7,"(1, 2)","2,3"
scene_13445,8,"(1, 2)","2,3"
scene_10492,8,"(1, 2)","2,3"
scene_13806,8,"(4, 5)","2,3"
scene_11186,7,"(4, 5)","5,6"
scene_11047,7,"(2, 3)","2,3"
scene_13132,8,"(6, 7)","1,2"
scene_14873,8,"(2, 3)","2,3"
scene_13531,8,"(2, 3)","2,3"
scene_10866,8,"(6, 7)","1,2"
scene_11235,8,"(3, 4)","2,3"
scene_14964,8,"(0, 1)","1,2"
scene_10031,7,"(2, 3)","2,3"
scene_10224,7,"(3, 4)","5,6"
scene_12455,8,"(3, 4)","2,3"
scene_11619,8,"(4, 5)","4,5"
scene_10904,8,"(1, 2)","2,3"
scene_10186,7,"(5, 6)","3,4"
scene_11264,8,"(1, 2)","2,3"
scene_14841,8,"(2, 3)","2,3"
scene_12159,7,"(5, 6)","2,3"
scene_14311,8,"(6, 7)","7,8"
scene_12430,7,"(0, 1)","2,3"
scene_14776,6,"(0, 1)","2,3"
scene_12779,8,"(0, 1)","1,2"
scene_11161,7,"(3, 4)","6,7"
scene_10455,8,"(3, 4)","2,3"
scene_11761,7,"(3, 4)","2,3"
scene_11414,8,"(4, 5)","5,6"
scene_10467,6,"(3, 4)","2,3"
scene_12099,7,"(0, 1)","2,3"
scene_13094,8,"(5, 6)","2,3"
scene_10883,7,"(0, 1)","2,3"
scene_14119,7,"(5, 6)","6,7"
scene_11697,7,"(1, 2)","2,3"
scene_11811,6,"(0, 1)","2,3"
scene_13906,8,"(3, 4)","4,5"
scene_14375,8,"(6, 7)","2,3"
scene_11737,7,"(3, 4)","2,3"
scene_12713,6,"(2, 3)","2,3"
scene_11815,8,"(4, 5)","5,6"
scene_11115,7,"(0, 1)","2,3"
scene_10334,8,"(4, 5)","5,6"
scene_12762,8,"(0, 1)","1,2"
scene_14693,7,"(1, 2)","2,3"
scene_12531,8,"(1, 2)","2,3"
scene_14104,6,"(4, 5)","1,2"
scene_14042,8,"(3, 4)","1,2"
scene_10638,8,"(2, 3)","2,3"
scene_10215,8,"(0, 1)","2,3"
scene_10347,8,"(0, 1)","2,3"
scene_12443,8,"(5, 6)","6,7"
scene_14527,7,"(2, 3)","2,3"
scene_13183,8,"(4, 5)","5,6"
scene_14000,8,"(4, 5)","5,6"
scene_12957,7,"(5, 6)","5,6"
scene_11277,7,"(0, 1)","1,2"
scene_11516,8,"(1, 2)","2,3"
scene_10645,6,"(2, 3)","4,5"
scene_11397,7,"(0, 1)","2,3"
scene_13623,8,"(1, 2)","2,3"
scene_11720,7,"(4, 5)","6,7"
scene_11541,7,"(1, 2)","3,4"
scene_10882,6,"(3, 4)","2,3"
scene_14687,6,"(0, 1)","2,3"
scene_13058,8,"(2, 3)","2,3"
scene_13735,8,"(1, 2)","2,3"
scene_10125,8,"(4, 5)","5,6"
scene_13632,8,"(1, 2)","2,3"
scene_14369,8,"(4, 5)","4,5"
scene_14808,8,"(6, 7)","7,8"
scene_10285,7,"(3, 4)","2,3"
scene_11642,8,"(5, 6)","6,7"
scene_12693,8,"(4, 5)","2,3"
scene_12320,8,"(2, 3)","2,3"
scene_14144,8,"(3, 4)","2,3"
scene_10744,8,"(6, 7)","2,3"
scene_10025,8,"(5, 6)","6,7"
scene_11438,7,"(1, 2)","2,3"
scene_11392,7,"(5, 6)","2,3"
scene_13884,8,"(5, 6)","1,2"
scene_13124,8,"(0, 1)","1,2"
scene_12880,8,"(4, 5)","5,6"
scene_11120,8,"(5, 6)","6,7"
scene_10739,7,"(2, 3)","5,6"
scene_14440,8,"(0, 1)","7,8"
scene_11096,8,"(0, 1)","2,3"
scene_12842,7,"(3, 4)","5,6"
scene_13400,5,"(1, 2)","2,3"
scene_12695,8,"(6, 7)","7,8"
scene_12495,7,"(0, 1)","2,3"
scene_10107,8,"(2, 3)","2,3"
scene_12281,8,"(4, 5)","5,6"
scene_12633,8,"(6, 7)","2,3"
scene_13813,7,"(4, 5)","5,6"
scene_12514,8,"(4, 5)","2,3"
scene_12547,8,"(3, 4)","2,3"
scene_13355,8,"(6, 7)","2,3"
scene_14515,8,"(2, 3)","2,3"
scene_12298,8,"(0, 1)","2,3"
scene_14067,8,"(5, 6)","5,6"
scene_11758,7,"(2, 3)","4,5"
scene_13309,8,"(6, 7)","6,7"
scene_10927,8,"(3, 4)","4,5"
scene_12352,7,"(3, 4)","6,7"
scene_11142,8,"(1, 2)","5,6"
scene_13125,6,"(2, 3)","3,4"
scene_10471,7,"(4, 5)","4,5"
scene_11506,7,"(3, 4)","5,6"
scene_13574,8,"(3, 4)","2,3"
scene_13944,5,"(1, 2)","4,5"
scene_11435,8,"(5, 6)","2,3"
scene_13814,8,"(4, 5)","7,8"
scene_13649,7,"(5, 6)","5,6"
scene_10919,6,"(3, 4)","2,3"
scene_11976,8,"(0, 1)","2,3"
scene_14594,7,"(4, 5)","5,6"
scene_10634,7,"(2, 3)","2,3"
scene_14860,6,"(1, 2)","2,3"
scene_12079,8,"(5, 6)","2,3"
scene_12368,8,"(0, 1)","2,3"
scene_10425,6,"(0, 1)","2,3"
scene_14501,8,"(2, 3)","2,3"
scene_11280,8,"(1, 2)","2,3"
scene_12460,8,"(3, 4)","5,6"
scene_13960,6,"(1, 2)","2,3"
scene_14381,8,"(5, 6)","7,8"
scene_12955,8,"(3, 4)","2,3"
scene_13558,8,"(2, 3)","2,3"
scene_11733,7,"(2, 3)","5,6"
scene_13075,7,"(0, 1)","2,3"
scene_12727,7,"(0, 1)","6,7"
scene_11449,7,"(0, 1)","2,3"
scene_14095,8,"(2, 3)","2,3"
scene_13739,8,"(3, 4)","2,3"
scene_12746,7,"(2, 3)","2,3"
scene_11351,8,"(6, 7)","4,5"
scene_14349,8,"(2, 3)","5,6"
scene_12301,7,"(0, 1)","2,3"
scene_12403,8,"(1, 2)","2,3"
scene_10245,7,"(0, 1)","2,3"
scene_14183,8,"(1, 2)","7,8"
scene_13700,8,"(3, 4)","2,3"
scene_13328,7,"(3, 4)","1,2"
scene_11527,7,"(4, 5)","5,6"
scene_13028,8,"(4, 5)","5,6"
scene_13051,7,"(4, 5)","5,6"
scene_10396,7,"(3, 4)","4,5"
scene_11769,8,"(0, 1)","6,7"
scene_10382,7,"(0, 1)","2,3"
scene_10349,7,"(0, 1)","2,3"
scene_14455,8,"(2, 3)","2,3"
scene_10374,8,"(4, 5)","3,4"
scene_10274,8,"(0, 1)","1,2"
scene_11943,8,"(4, 5)","2,3"
scene_12815,8,"(4, 5)","5,6"
scene_10626,7,"(2, 3)","5,6"
scene_11534,8,"(6, 7)","7,8"
scene_14632,7,"(3, 4)","4,5"
scene_12726,8,"(0, 1)","2,3"
scene_13595,7,"(2, 3)","4,5"
scene_11749,7,"(3, 4)","5,6"
scene_11281,7,"(3, 4)","4,5"
scene_10390,8,"(6, 7)","2,3"
scene_14935,8,"(0, 1)","2,3"
scene_11704,8,"(5, 6)","4,5"
scene_14397,8,"(4, 5)","2,3"
scene_11858,8,"(1, 2)","3,4"
scene_13392,6,"(4, 5)","2,3"
scene_11389,7,"(4, 5)","2,3"
scene_14678,8,"(1, 2)","2,3"
scene_10936,8,"(5, 6)","2,3"
scene_11850,8,"(3, 4)","2,3"
scene_11762,8,"(1, 2)","2,3"
scene_10881,7,"(1, 2)","2,3"
scene_13548,8,"(2, 3)","2,3"
scene_14833,7,"(2, 3)","2,3"
scene_12259,8,"(2, 3)","2,3"
scene_13151,8,"(3, 4)","2,3"
scene_13598,7,"(1, 2)","2,3"
scene_12667,8,"(0, 1)","2,3"
scene_14056,7,"(1, 2)","2,3"
scene_13496,7,"(3, 4)","1,2"
scene_14729,8,"(2, 3)","3,4"
scene_12876,8,"(3, 4)","6,7"
scene_13251,5,"(2, 3)","2,3"
scene_13750,8,"(3, 4)","2,3"
scene_11763,8,"(6, 7)","2,3"
scene_12480,8,"(0, 1)","4,5"
scene_12071,7,"(2, 3)","5,6"
scene_13779,8,"(2, 3)","3,4"
scene_14519,8,"(1, 2)","2,3"
scene_12174,7,"(5, 6)","2,3"
scene_14445,8,"(5, 6)","1,2"
scene_13818,8,"(3, 4)","2,3"
scene_14618,8,"(4, 5)","5,6"
scene_12918,7,"(4, 5)","2,3"
scene_12247,7,"(1, 2)","5,6"
scene_12398,7,"(3, 4)","4,5"
scene_12594,8,"(0, 1)","2,3"
scene_12558,8,"(1, 2)","2,3"
scene_11127,8,"(2, 3)","2,3"
scene_10517,8,"(0, 1)","5,6"
scene_10269,7,"(3, 4)","4,5"
scene_10608,7,"(2, 3)","6,7"
scene_14203,7,"(4, 5)","2,3"
scene_11320,8,"(3, 4)","2,3"
scene_10330,7,"(2, 3)","3,4"
scene_10301,7,"(3, 4)","5,6"
scene_13755,7,"(2, 3)","2,3"
scene_12919,8,"(3, 4)","2,3"
scene_12009,8,"(6, 7)","6,7"
scene_10443,8,"(6, 7)","2,3"
scene_12812,8,"(6, 7)","7,8"
scene_14689,7,"(5, 6)","4,5"
scene_11646,8,"(4, 5)","1,2"
scene_13473,7,"(1, 2)","2,3"
scene_14844,8,"(2, 3)","2,3"
scene_10249,7,"(2, 3)","2,3"
scene_10127,8,"(4, 5)","4,5"
scene_12636,7,"(5, 6)","2,3"
scene_14917,7,"(1, 2)","2,3"
scene_14466,8,"(3, 4)","2,3"
scene_12136,8,"(2, 3)","5,6"
scene_12700,8,"(1, 2)","5,6"
scene_14359,7,"(3, 4)","2,3"
scene_13211,7,"(2, 3)","4,5"
scene_12980,8,"(2, 3)","2,3"
scene_10177,7,"(5, 6)","4,5"
scene_14208,8,"(5, 6)","6,7"
scene_10908,8,"(5, 6)","6,7"
scene_12064,8,"(3, 4)","3,4"
scene_11852,7,"(4, 5)","5,6"
scene_14725,8,"(6, 7)","5,6"
scene_12432,7,"(1, 2)","2,3"
scene_12103,8,"(2, 3)","2,3"
scene_11483,8,"(3, 4)","2,3"
scene_13188,8,"(2, 3)","2,3"
scene_14402,7,"(3, 4)","2,3"
scene_11951,7,"(2, 3)","4,5"
scene_14988,8,"(0, 1)","5,6"
scene_13056,7,"(4, 5)","3,4"
scene_14793,7,"(1, 2)","2,3"
scene_14064,8,"(4, 5)","4,5"
scene_11725,8,"(4, 5)","2,3"
scene_13040,8,"(1, 2)","2,3"
scene_10520,7,"(5, 6)","2,3"
scene_10214,7,"(4, 5)","2,3"
scene_11087,8,"(0, 1)","2,3"
scene_10714,8,"(5, 6)","6,7"
scene_14675,7,"(3, 4)","6,7"
scene_11327,7,"(5, 6)","4,5"
scene_12412,8,"(1, 2)","2,3"
scene_10975,8,"(3, 4)","4,5"
scene_13232,8,"(6, 7)","2,3"
scene_13238,8,"(2, 3)","5,6"
scene_11468,8,"(6, 7)","4,5"
scene_10060,8,"(5, 6)","2,3"
scene_10540,8,"(0, 1)","5,6"
scene_10105,8,"(6, 7)","2,3"
scene_13551,8,"(6, 7)","6,7"
scene_12709,8,"(6, 7)","7,8"
scene_10451,4,"(1, 2)","2,3"
scene_10715,8,"(5, 6)","6,7"
scene_13273,8,"(3, 4)","2,3"
scene_13899,6,"(1, 2)","2,3"
scene_13774,7,"(5, 6)","2,3"
scene_10533,6,"(2, 3)","5,6"
scene_10593,7,"(1, 2)","3,4"
scene_13519,7,"(2, 3)","2,3"
scene_11136,6,"(1, 2)","5,6"
scene_10011,7,"(5, 6)","2,3"
scene_12442,8,"(3, 4)","5,6"
scene_13691,7,"(3, 4)","2,3"
scene_13883,8,"(0, 1)","6,7"
scene_10605,6,"(3, 4)","2,3"
scene_13173,7,"(4, 5)","2,3"
scene_14041,8,"(3, 4)","2,3"
scene_10955,8,"(4, 5)","5,6"
scene_14070,8,"(3, 4)","2,3"
scene_13333,8,"(4, 5)","2,3"
scene_10885,8,"(4, 5)","2,3"
scene_14949,8,"(6, 7)","2,3"
scene_14672,8,"(5, 6)","2,3"
scene_12271,7,"(3, 4)","2,3"
scene_13136,8,"(4, 5)","4,5"
scene_14460,7,"(0, 1)","2,3"
scene_10281,8,"(6, 7)","7,8"
scene_14480,6,"(2, 3)","2,3"
scene_12313,5,"(0, 1)","2,3"
scene_13226,8,"(0, 1)","2,3"
scene_10516,7,"(1, 2)","2,3"
scene_10998,8,"(5, 6)","2,3"
scene_11367,8,"(5, 6)","8,7"
scene_13225,8,"(2, 3)","2,3"
scene_10207,7,"(1, 2)","2,3"
scene_10087,6,"(4, 5)","1,2"
scene_14111,8,"(0, 1)","2,3"
scene_14992,7,"(4, 5)","4,5"
scene_12629,8,"(5, 6)","6,7"
scene_10869,8,"(5, 6)","8,1"
scene_12716,7,"(5, 6)","6,7"
scene_14944,8,"(3, 4)","7,8"
scene_13825,7,"(2, 3)","3,4"
scene_13378,8,"(6, 7)","2,3"
scene_13476,7,"(3, 4)","4,5"
scene_10501,7,"(0, 1)","2,3"
scene_10778,8,"(0, 1)","5,6"
scene_11131,7,"(0, 1)","2,3"
scene_11631,8,"(2, 3)","2,3"
scene_10248,8,"(1, 2)","4,5"
scene_14283,8,"(4, 5)","7,8"
scene_12642,8,"(5, 6)","4,5"
scene_13696,7,"(4, 5)","5,6"
scene_14201,7,"(4, 5)","2,3"
scene_11505,7,"(4, 5)","4,5"
scene_14662,7,"(5, 6)","5,6"
scene_10407,7,"(4, 5)","2,3"
scene_11486,5,"(1, 2)","2,3"
scene_14644,8,"(3, 4)","1,2"
scene_10968,8,"(2, 3)","2,3"
scene_11822,8,"(3, 4)","4,5"
scene_11817,8,"(3, 4)","2,3"
scene_10890,7,"(5, 6)","5,6"
scene_11518,8,"(4, 5)","2,3"
scene_13947,8,"(5, 6)","5,6"
scene_10134,8,"(4, 5)","8,1"
scene_11146,7,"(1, 2)","2,3"
scene_11672,7,"(2, 3)","3,4"
scene_12522,8,"(0, 1)","2,3"
scene_12005,8,"(3, 4)","2,3"
scene_13417,8,"(0, 1)","2,3"
scene_10406,8,"(2, 3)","3,4"
scene_12683,8,"(3, 4)","2,3"
scene_11700,8,"(0, 1)","5,6"
scene_14500,8,"(0, 1)","2,3"
scene_14054,7,"(5, 6)","6,7"
scene_12978,8,"(1, 2)","2,3"
scene_13042,7,"(2, 3)","3,4"
scene_12406,7,"(2, 3)","2,3"
scene_14931,7,"(2, 3)","3,4"
scene_14352,8,"(3, 4)","4,5"
scene_12854,7,"(1, 2)","2,3"
scene_13045,8,"(4, 5)","2,3"
scene_12748,8,"(3, 4)","2,3"
scene_11520,8,"(2, 3)","2,3"
scene_11859,7,"(3, 4)","4,5"
scene_11592,8,"(0, 1)","2,3"
scene_10556,8,"(3, 4)","2,3"
scene_12202,8,"(5, 6)","7,8"
scene_14180,7,"(5, 6)","5,6"
scene_14318,8,"(3, 4)","6,7"
scene_10399,8,"(2, 3)","2,3"
scene_10476,8,"(0, 1)","2,3"
scene_12018,7,"(2, 3)","2,3"
scene_11247,6,"(0, 1)","2,3"
scene_10152,7,"(5, 6)","2,3"
scene_10185,8,"(0, 1)","2,3"
scene_10573,7,"(0, 1)","5,6"
scene_10478,7,"(2, 3)","3,4"
scene_11673,8,"(5, 6)","5,6"
scene_12660,8,"(0, 1)","2,3"
scene_13949,8,"(5, 6)","6,7"
scene_12873,8,"(6, 7)","7,8"
scene_14414,8,"(1, 2)","2,3"
scene_11902,7,"(5, 6)","6,7"
scene_13377,7,"(1, 2)","2,3"
scene_12603,6,"(4, 5)","1,2"
scene_10258,6,"(1, 2)","2,3"
scene_12653,7,"(4, 5)","5,6"
scene_10907,7,"(1, 2)","2,3"
scene_12499,8,"(2, 3)","4,5"
scene_13751,7,"(4, 5)","2,3"
scene_11344,8,"(3, 4)","4,5"
scene_12300,7,"(3, 4)","2,3"
scene_14151,8,"(1, 2)","2,3"
scene_12538,7,"(3, 4)","4,5"
scene_10102,8,"(5, 6)","2,3"
scene_11932,8,"(1, 2)","2,3"
scene_10958,8,"(1, 2)","2,3"
scene_14442,8,"(5, 6)","6,7"
scene_14780,7,"(5, 6)","2,3"
scene_11522,8,"(3, 4)","5,6"
scene_12616,8,"(3, 4)","4,5"
scene_13371,8,"(0, 1)","4,5"
scene_11561,8,"(5, 6)","2,3"
scene_12395,8,"(4, 5)","4,5"
scene_14365,8,"(1, 2)","2,3"
scene_14433,7,"(3, 4)","4,5"
scene_13069,7,"(4, 5)","5,6"
scene_14339,8,"(3, 4)","3,4"
scene_11510,8,"(3, 4)","3,4"
scene_11863,7,"(0, 1)","2,3"
scene_10507,8,"(5, 6)","2,3"
scene_12198,8,"(1, 2)","2,3"
scene_14795,8,"(1, 2)","2,3"
scene_10057,7,"(2, 3)","2,3"
scene_11617,7,"(5, 6)","6,7"
scene_13241,8,"(6, 7)","5,6"
scene_13876,6,"(0, 1)","2,3"
scene_13864,8,"(4, 5)","2,3"
scene_14593,8,"(0, 1)","1,2"
scene_14351,8,"(6, 7)","2,3"
scene_13467,7,"(4, 5)","6,7"
scene_11628,8,"(1, 2)","2,3"
scene_14039,7,"(2, 3)","2,3"
scene_12968,6,"(2, 3)","2,3"
scene_12772,8,"(1, 2)","2,3"
scene_13526,8,"(3, 4)","2,3"
scene_10925,8,"(0, 1)","2,3"
scene_13091,8,"(2, 3)","2,3"
scene_10577,7,"(5, 6)","3,4"
scene_10308,8,"(6, 7)","5,6"
scene_11919,7,"(3, 4)","4,5"
scene_10472,8,"(4, 5)","2,3"
scene_13297,8,"(5, 6)","6,7"
scene_11388,8,"(2, 3)","4,5"
scene_13568,8,"(4, 5)","5,6"
scene_13059,8,"(3, 4)","2,3"
scene_14077,7,"(4, 5)","5,6"
scene_13306,7,"(3, 4)","4,5"
scene_14842,7,"(4, 5)","4,5"
scene_14616,6,"(0, 1)","2,3"
scene_13746,7,"(2, 3)","2,3"
scene_11053,7,"(2, 3)","3,4"
scene_10674,7,"(3, 4)","6,7"
scene_13404,7,"(4, 5)","2,3"
scene_11117,8,"(1, 2)","2,3"
scene_14089,7,"(5, 6)","1,2"
scene_12056,8,"(5, 6)","6,7"
scene_14581,7,"(2, 3)","5,6"
scene_11499,8,"(4, 5)","2,3"
scene_14145,8,"(4, 5)","7,8"
scene_12210,8,"(0, 1)","2,3"
scene_13224,7,"(5, 6)","6,7"
scene_10542,8,"(1, 2)","2,3"
scene_10823,8,"(2, 3)","2,3"
scene_10720,8,"(0, 1)","5,6"
scene_11702,6,"(1, 2)","2,3"
scene_13063,8,"(2, 3)","5,6"
scene_14925,8,"(0, 1)","2,3"
scene_14832,7,"(1, 2)","6,7"
scene_14165,7,"(2, 3)","2,3"
scene_10369,8,"(5, 6)","5,6"
scene_10539,6,"(1, 2)","2,3"
scene_13001,7,"(4, 5)","6,7"
scene_11495,8,"(3, 4)","4,5"
scene_12374,7,"(3, 4)","4,5"
scene_10136,7,"(4, 5)","4,5"
scene_14976,7,"(1, 2)","2,3"
scene_13233,7,"(4, 5)","5,6"
scene_11266,7,"(3, 4)","2,3"
scene_10161,8,"(3, 4)","2,3"
scene_12648,7,"(1, 2)","2,3"
scene_12571,8,"(3, 4)","3,4"
scene_14003,6,"(4, 5)","4,5"
scene_10398,7,"(5, 6)","2,3"
scene_14704,8,"(5, 6)","5,6"
scene_10561,8,"(1, 2)","2,3"
scene_13436,8,"(4, 5)","1,2"
scene_14330,8,"(1, 2)","5,6"
scene_12702,8,"(3, 4)","2,3"
scene_13145,8,"(2, 3)","8,1"
scene_12954,7,"(1, 2)","2,3"
scene_13096,8,"(1, 2)","2,3"
scene_12778,8,"(2, 3)","5,6"
scene_11027,8,"(6, 7)","2,3"
scene_12544,7,"(3, 4)","2,3"
scene_10779,8,"(4, 5)","4,5"
scene_12608,8,"(0, 1)","7,8"
scene_10898,8,"(6, 7)","4,5"
scene_11444,8,"(2, 3)","3,4"
scene_13287,8,"(0, 1)","2,3"
scene_12487,8,"(3, 4)","2,3"
scene_10943,8,"(1, 2)","2,3"
scene_13275,7,"(1, 2)","3,4"
scene_13179,7,"(3, 4)","5,6"
scene_11173,7,"(4, 5)","5,6"
scene_14819,8,"(4, 5)","8,1"
scene_13706,8,"(5, 6)","6,7"
scene_13414,8,"(3, 4)","2,3"
scene_12035,8,"(3, 4)","5,6"
scene_13054,7,"(5, 6)","1,2"
scene_12484,8,"(3, 4)","2,3"
scene_14063,8,"(3, 4)","3,4"
scene_14518,8,"(5, 6)","7,8"
scene_14907,8,"(6, 7)","7,8"
scene_13189,8,"(3, 4)","2,3"
scene_12811,8,"(3, 4)","7,8"
scene_13546,8,"(1, 2)","2,3"
scene_14738,6,"(0, 1)","2,3"
scene_10033,7,"(4, 5)","4,5"
scene_11125,7,"(0, 1)","2,3"
scene_11622,8,"(6, 7)","6,7"
scene_12698,7,"(1, 2)","6,7"
scene_14116,8,"(2, 3)","2,3"
scene_10089,8,"(0, 1)","1,2"
scene_11210,8,"(2, 3)","3,4"
scene_14900,7,"(1, 2)","2,3"
scene_11212,8,"(4, 5)","5,6"
scene_12355,7,"(2, 3)","3,4"
scene_11471,7,"(1, 2)","2,3"
scene_12343,7,"(3, 4)","5,6"
scene_11563,8,"(4, 5)","6,7"
scene_10972,7,"(5, 6)","4,5"
scene_10437,6,"(3, 4)","2,3"
scene_11980,8,"(4, 5)","3,4"
scene_14488,8,"(4, 5)","2,3"
scene_14946,8,"(0, 1)","2,3"
scene_10816,6,"(4, 5)","2,3"
scene_11238,8,"(0, 1)","7,8"
scene_14970,8,"(2, 3)","3,4"
scene_14062,6,"(4, 5)","2,3"
scene_11025,8,"(6, 7)","3,4"
scene_14106,8,"(2, 3)","2,3"
scene_14333,8,"(4, 5)","2,3"
scene_13943,8,"(6, 7)","6,7"
scene_12618,6,"(0, 1)","1,2"
scene_11226,6,"(3, 4)","2,3"
scene_12407,8,"(4, 5)","5,6"
scene_11416,8,"(1, 2)","3,4"
scene_13874,5,"(3, 4)","2,3"
scene_11810,7,"(0, 1)","2,3"
scene_10302,8,"(5, 6)","2,3"
scene_10648,6,"(1, 2)","2,3"
scene_12239,8,"(2, 3)","5,6"
scene_12777,7,"(0, 1)","2,3"
scene_11179,7,"(3, 4)","5,6"
scene_13694,7,"(2, 3)","5,6"
scene_14984,7,"(2, 3)","2,3"
scene_13298,8,"(6, 7)","7,8"
scene_13684,7,"(0, 1)","2,3"
scene_10038,8,"(3, 4)","2,3"
scene_12733,7,"(0, 1)","2,3"
scene_14429,8,"(6, 7)","5,6"
scene_11883,8,"(6, 7)","2,3"
scene_11041,8,"(1, 2)","2,3"
scene_12613,8,"(1, 2)","2,3"
scene_14299,8,"(6, 7)","3,4"
scene_10952,7,"(5, 6)","2,3"
scene_10587,8,"(4, 5)","5,6"
scene_12389,7,"(5, 6)","1,2"
scene_13741,8,"(2, 3)","1,2"
scene_12039,7,"(5, 6)","4,5"
scene_10987,8,"(4, 5)","6,7"
scene_12800,8,"(5, 6)","3,4"
scene_12539,8,"(3, 4)","2,3"
scene_11567,8,"(1, 2)","2,3"
scene_13569,7,"(4, 5)","2,3"
scene_12497,8,"(1, 2)","2,3"
scene_10323,8,"(6, 7)","2,3"
scene_10718,8,"(1, 2)","2,3"
scene_10697,8,"(6, 7)","2,3"
scene_10738,7,"(1, 2)","2,3"
scene_13249,8,"(6, 7)","7,8"
scene_12794,7,"(0, 1)","2,3"
scene_14289,7,"(4, 5)","5,6"
scene_11688,8,"(2, 3)","3,4"
scene_14702,8,"(4, 5)","4,5"
scene_11001,6,"(2, 3)","1,2"
scene_14514,8,"(4, 5)","7,8"
scene_11765,7,"(4, 5)","5,6"
scene_11536,7,"(1, 2)","2,3"
scene_11469,7,"(2, 3)","2,3"
scene_11202,7,"(5, 6)","2,3"
scene_10229,8,"(2, 3)","2,3"
scene_13264,8,"(2, 3)","2,3"
scene_11329,7,"(4, 5)","2,3"
scene_10188,7,"(2, 3)","2,3"
scene_10118,8,"(6, 7)","4,5"
scene_13703,8,"(4, 5)","2,3"
scene_11227,8,"(5, 6)","2,3"
scene_12844,7,"(0, 1)","1,2"
scene_10682,8,"(1, 2)","3,4"
scene_11818,8,"(6, 7)","2,7"
scene_14069,8,"(6, 7)","1,2"
scene_14575,8,"(3, 4)","7,8"
scene_12885,8,"(0, 1)","2,3"
scene_12596,7,"(2, 3)","2,3"
scene_13116,8,"(6, 7)","7,8"
scene_10404,8,"(5, 6)","7,8"
scene_14010,5,"(1, 2)","2,3"
scene_11778,8,"(5, 6)","2,3"
scene_10370,7,"(1, 2)","2,3"
scene_13060,7,"(1, 2)","6,7"
scene_10932,7,"(1, 2)","2,3"
scene_11178,7,"(5, 6)","6,7"
scene_13775,6,"(2, 3)","4,5"
scene_12805,6,"(1, 2)","2,3"
scene_12586,8,"(6, 7)","2,3"
scene_10962,8,"(6, 7)","5,6"
scene_10280,7,"(5, 6)","2,3"
scene_12530,8,"(3, 4)","4,5"
scene_10147,7,"(3, 4)","3,4"
scene_12217,7,"(1, 2)","2,3"
scene_13576,8,"(4, 5)","4,5"
scene_14507,8,"(5, 6)","2,3"
scene_13112,8,"(2, 3)","2,3"
scene_13637,8,"(5, 6)","2,3"
scene_12945,7,"(3, 4)","3,4"
scene_12568,8,"(3, 4)","2,3"
scene_14140,8,"(3, 4)","4,5"
scene_13911,8,"(0, 1)","2,3"
scene_11557,6,"(0, 1)","2,3"
scene_14610,8,"(3, 4)","3,4"
scene_13522,7,"(4, 5)","2,3"
scene_12764,7,"(5, 6)","2,6"
scene_13494,7,"(2, 3)","2,3"
scene_11346,8,"(5, 6)","2,3"
scene_13491,8,"(2, 3)","2,3"
scene_10328,8,"(3, 4)","4,5"
scene_12662,8,"(3, 4)","4,5"
scene_14979,8,"(2, 3)","2,3"
scene_12839,8,"(4, 5)","2,3"
scene_12553,8,"(0, 1)","4,5"
scene_11387,7,"(5, 6)","2,3"
scene_14686,7,"(0, 1)","2,3"
scene_14479,7,"(5, 6)","5,6"
scene_13203,7,"(3, 4)","4,5"
scene_11924,7,"(5, 6)","5,6"
scene_10306,7,"(5, 6)","1,2"
scene_10633,6,"(2, 3)","3,4"
scene_13975,8,"(6, 7)","4,5"
scene_14416,6,"(0, 1)","2,3"
scene_14355,6,"(4, 5)","2,3"
scene_11680,7,"(3, 4)","4,5"
scene_10591,8,"(1, 2)","3,4"
scene_12961,8,"(3, 4)","1,2"
scene_10062,8,"(6, 7)","2,3"
scene_11872,8,"(1, 2)","2,3"
scene_13732,8,"(3, 4)","6,7"
scene_12155,8,"(2, 3)","2,3"
scene_10409,7,"(2, 3)","5,6"
scene_11804,8,"(6, 7)","7,8"
scene_13464,7,"(2, 3)","3,4"
scene_13583,6,"(2, 3)","2,3"
scene_14419,6,"(4, 5)","2,3"
scene_13565,7,"(4, 5)","4,5"
scene_14209,8,"(1, 2)","3,4"
scene_12418,8,"(4, 5)","4,5"
scene_13957,7,"(3, 4)","5,6"
scene_14657,8,"(6, 7)","2,3"
scene_10518,8,"(2, 3)","1,2"
scene_10151,7,"(5, 6)","5,6"
scene_13954,8,"(6, 7)","6,7"
scene_12029,8,"(0, 1)","1,2"
scene_10624,8,"(0, 1)","7,8"
scene_14020,7,"(0, 1)","4,5"
scene_12671,8,"(5, 6)","6,7"
scene_13364,8,"(6, 7)","7,8"
scene_13248,8,"(6, 7)","7,8"
scene_12720,8,"(3, 4)","7,8"
scene_14051,6,"(0, 1)","2,3"
scene_11582,8,"(0, 1)","2,3"
scene_14120,8,"(6, 7)","5,6"
scene_13326,7,"(1, 2)","2,3"
scene_14123,7,"(3, 4)","2,3"
scene_12890,7,"(3, 4)","2,3"
scene_11938,8,"(0, 1)","2,3"
scene_13052,8,"(3, 4)","3,4"
scene_14486,6,"(1, 2)","2,3"
scene_10178,7,"(5, 6)","5,6"
scene_11683,7,"(1, 2)","4,5"
scene_13178,8,"(5, 6)","2,3"
scene_13509,7,"(2, 3)","2,3"
scene_11914,8,"(1, 2)","2,3"
scene_14464,7,"(2, 3)","2,3"
scene_11957,8,"(0, 1)","2,3"
scene_11546,8,"(5, 6)","2,3"
scene_12637,8,"(2, 3)","2,3"
scene_14513,7,"(2, 3)","2,3"
scene_13092,7,"(0, 1)","2,3"
scene_12725,5,"(2, 3)","3,4"
scene_12829,8,"(5, 6)","7,8"
scene_13970,8,"(5, 6)","5,6"
scene_13661,7,"(1, 2)","3,4"
scene_11218,7,"(0, 1)","1,2"
scene_14014,7,"(3, 4)","2,7"
scene_12446,6,"(2, 3)","3,4"
scene_12318,8,"(5, 6)","5,6"
scene_14231,7,"(5, 6)","3,4"
scene_12189,7,"(1, 2)","2,6"
scene_12786,7,"(3, 4)","2,3"
scene_13402,8,"(5, 6)","3,4"
scene_14328,7,"(0, 1)","2,3"
scene_10572,7,"(5, 6)","6,7"
scene_11119,7,"(0, 1)","2,3"
scene_11562,7,"(0, 1)","2,3"
scene_13144,8,"(1, 2)","2,3"
scene_11185,7,"(3, 4)","4,5"
scene_13744,8,"(0, 1)","4,5"
scene_11997,8,"(1, 2)","2,3"
scene_13871,7,"(4, 5)","2,3"
scene_13955,8,"(1, 2)","2,3"
scene_13406,7,"(4, 5)","2,3"
scene_12240,7,"(5, 6)","2,3"
scene_12391,7,"(3, 4)","2,3"
scene_14085,8,"(0, 1)","1,2"
scene_11262,8,"(0, 1)","2,3"
scene_10963,7,"(5, 6)","3,4"
scene_13783,7,"(2, 3)","2,3"
scene_10930,6,"(0, 1)","2,3"
scene_14521,7,"(3, 4)","4,6"
scene_10764,7,"(5, 6)","4,5"
scene_13345,6,"(1, 2)","5,6"
scene_10112,8,"(3, 4)","2,3"
scene_12546,8,"(0, 1)","2,3"
scene_11298,8,"(1, 2)","4,5"
scene_11961,7,"(3, 4)","6,7"
scene_10236,7,"(0, 1)","2,3"
scene_14496,8,"(5, 6)","1,2"
scene_13973,8,"(6, 7)","6,7"
scene_14679,7,"(0, 1)","2,3"
scene_12360,8,"(0, 1)","2,3"
scene_11074,7,"(2, 3)","2,3"
scene_14930,7,"(2, 3)","2,3"
scene_14661,8,"(2, 3)","6,7"
scene_10423,8,"(1, 2)","2,3"
scene_13624,6,"(3, 4)","2,4"
scene_14086,8,"(6, 7)","1,2"
scene_12965,8,"(6, 7)","4,5"
scene_11537,8,"(6, 7)","2,3"
scene_10445,8,"(6, 7)","2,3"
scene_13388,7,"(1, 2)","2,3"
scene_13787,8,"(5, 6)","2,3"
scene_10009,8,"(5, 6)","2,3"
scene_13314,7,"(1, 2)","5,6"
scene_10950,8,"(0, 1)","2,3"
scene_12649,8,"(4, 5)","5,6"
scene_12068,8,"(4, 5)","5,6"
scene_12577,7,"(0, 1)","4,5"
scene_10722,7,"(4, 5)","4,5"
scene_13728,7,"(5, 6)","4,5"
scene_10300,7,"(1, 2)","3,4"
scene_13283,7,"(3, 4)","5,6"
scene_12362,8,"(2, 3)","3,4"
scene_14061,8,"(5, 6)","3,4"
scene_14612,8,"(1, 2)","4,5"
scene_12703,8,"(5, 6)","6,7"
scene_11318,8,"(5, 6)","2,3"
scene_10857,8,"(1, 2)","6,7"
scene_12631,8,"(3, 4)","4,5"
scene_12732,8,"(4, 5)","1,2"
scene_14554,8,"(5, 6)","4,5"
scene_12852,7,"(3, 4)","4,5"
scene_13853,7,"(1, 2)","3,4"
scene_10748,7,"(0, 1)","2,3"
scene_14259,6,"(0, 1)","2,3"
scene_14437,8,"(1, 2)","2,3"
scene_11487,7,"(0, 1)","6,7"
scene_14973,8,"(4, 5)","5,6"
scene_14533,8,"(5, 6)","6,7"
scene_13857,7,"(3, 4)","5,6"
scene_11436,7,"(2, 3)","3,4"
scene_14400,8,"(3, 4)","2,3"
scene_12208,7,"(2, 3)","2,3"
scene_10169,8,"(6, 7)","2,3"
scene_14806,7,"(1, 2)","2,3"
scene_10749,7,"(1, 2)","2,3"
scene_10211,7,"(2, 3)","3,4"
scene_12052,8,"(5, 6)","1,2"
scene_14852,8,"(0, 1)","2,3"
scene_13542,7,"(1, 2)","2,3"
scene_14628,8,"(4, 5)","2,3"
scene_10659,7,"(4, 5)","2,3"
scene_13589,7,"(4, 5)","4,5"
scene_14048,8,"(5, 6)","2,3"
scene_14102,6,"(4, 5)","4,5"
scene_12231,8,"(2, 3)","2,3"
scene_13300,7,"(5, 6)","6,7"
scene_12492,8,"(0, 1)","2,3"
scene_13842,8,"(6, 7)","7,8"
scene_11019,8,"(6, 7)","7,8"
scene_13600,7,"(5, 6)","6,7"
scene_12365,8,"(2, 3)","3,4"
scene_14845,7,"(1, 2)","2,3"
scene_11360,8,"(4, 5)","5,6"
scene_10489,7,"(4, 5)","3,4"
scene_14929,8,"(4, 5)","2,3"
scene_11166,8,"(1, 2)","2,3"
scene_12177,8,"(5, 6)","6,7"
scene_11221,7,"(3, 4)","2,3"
scene_11842,8,"(2, 3)","4,5"
scene_10941,6,"(0, 1)","2,3"
scene_14503,7,"(1, 2)","2,3"
scene_11621,8,"(3, 4)","6,7"
scene_14238,8,"(3, 4)","2,3"
scene_11913,7,"(0, 1)","2,3"
scene_10584,7,"(1, 2)","5,6"
scene_13722,8,"(3, 4)","5,6"
scene_12317,7,"(5, 6)","4,5"
scene_12361,8,"(4, 5)","4,5"
scene_11897,7,"(0, 1)","1,2"
scene_10267,8,"(4, 5)","3,4"
scene_12386,8,"(0, 1)","1,2"
scene_13852,8,"(2, 3)","3,4"
scene_14247,8,"(2, 3)","2,3"
scene_13349,7,"(1, 2)","2,3"
scene_10021,8,"(3, 4)","6,7"
scene_11283,8,"(6, 7)","2,3"
scene_10615,8,"(6, 7)","7,8"
scene_11424,8,"(4, 5)","2,3"
scene_11965,8,"(3, 4)","6,7"
scene_11287,7,"(2, 3)","3,4"
scene_10666,7,"(4, 5)","2,3"
scene_12168,8,"(5, 6)","6,7"
scene_14911,7,"(1, 2)","2,3"
scene_11703,8,"(6, 7)","2,3"
scene_10813,7,"(3, 4)","2,3"
scene_10494,8,"(6, 7)","2,3"
scene_12502,8,"(0, 1)","1,2"
scene_13515,8,"(0, 1)","2,3"
scene_12436,8,"(4, 5)","5,6"
scene_13629,6,"(0, 1)","2,3"
scene_13693,7,"(0, 1)","2,3"
scene_14449,8,"(2, 3)","3,4"
scene_11849,8,"(1, 2)","6,7"
scene_13412,7,"(0, 1)","2,3"
scene_10971,7,"(0, 1)","1,2"
scene_12034,6,"(3, 4)","2,3"
scene_10698,7,"(4, 5)","5,6"
scene_14812,7,"(2, 3)","2,3"
scene_11223,7,"(5, 6)","4,5"
scene_11243,7,"(5, 6)","5,6"
scene_10440,8,"(4, 5)","2,3"
scene_10607,7,"(3, 4)","4,5"
scene_14031,8,"(3, 4)","7,8"
scene_13285,8,"(5, 6)","6,7"
scene_10536,8,"(3, 4)","6,7"
scene_10935,8,"(0, 1)","2,3"
scene_13916,8,"(5, 6)","1,2"
scene_12069,8,"(4, 5)","2,3"
scene_10421,8,"(4, 5)","5,6"
scene_11511,8,"(4, 5)","5,6"
scene_12793,7,"(1, 2)","3,4"
scene_13611,7,"(2, 3)","2,3"
scene_13924,8,"(0, 1)","1,2"
scene_13848,7,"(2, 3)","2,3"
scene_12330,8,"(0, 1)","2,3"
scene_10100,8,"(4, 5)","2,3"
scene_10841,8,"(1, 2)","2,3"
scene_14024,7,"(1, 2)","2,3"
scene_14393,8,"(4, 5)","5,6"
scene_12394,7,"(2, 3)","2,3"
scene_10447,8,"(3, 4)","4,5"
scene_10372,7,"(4, 5)","5,6"
scene_12248,8,"(5, 6)","5,6"
scene_11037,8,"(6, 7)","7,8"
scene_10115,8,"(6, 7)","4,5"
scene_12477,8,"(5, 6)","2,3"
scene_14614,7,"(5, 6)","5,6"
scene_12958,7,"(5, 6)","4,5"
scene_11864,7,"(0, 1)","2,3"
scene_12427,7,"(2, 3)","2,3"
scene_11591,7,"(5, 6)","6,7"
scene_10824,7,"(3, 4)","2,3"
scene_12319,6,"(1, 2)","5,6"
scene_12266,8,"(0, 1)","2,3"
scene_13969,8,"(1, 2)","2,3"
scene_11773,7,"(0, 1)","2,3"
scene_14773,8,"(3, 4)","3,4"
scene_11517,7,"(0, 1)","3,4"
scene_10980,7,"(3, 4)","2,3"
scene_14915,7,"(4, 5)","5,6"
scene_11578,8,"(4, 5)","5,6"
scene_10989,8,"(0, 1)","2,3"
scene_11889,7,"(2, 3)","6,7"
scene_14877,8,"(5, 6)","1,2"
scene_12512,7,"(5, 6)","2,3"
scene_12220,8,"(5, 6)","2,3"
scene_13720,8,"(5, 6)","6,7"
scene_12884,6,"(1, 2)","2,3"
scene_12711,7,"(0, 1)","2,3"
scene_13488,7,"(0, 1)","4,5"
scene_12818,7,"(5, 6)","2,3"
scene_14530,8,"(1, 2)","3,4"
scene_13025,8,"(5, 6)","5,6"
scene_12509,8,"(0, 1)","5,6"
scene_11994,6,"(1, 2)","2,3"
scene_14432,8,"(3, 4)","6,7"
scene_11816,7,"(2, 3)","2,3"
scene_12411,8,"(4, 5)","2,3"
scene_10763,8,"(4, 5)","5,6"
scene_10141,8,"(6, 7)","6,7"
scene_13674,7,"(5, 6)","3,4"
scene_14023,8,"(2, 3)","2,3"
scene_13903,8,"(1, 2)","2,3"
scene_11969,7,"(2, 3)","2,3"
scene_14658,8,"(1, 2)","2,3"
scene_14621,6,"(2, 3)","3,4"
scene_11978,8,"(5, 6)","2,3"
scene_14839,8,"(0, 1)","2,3"
scene_11566,8,"(6, 7)","6,7"
scene_14235,7,"(0, 1)","2,3"
scene_10083,8,"(2, 3)","2,3"
scene_12264,7,"(3, 4)","1,2"
scene_12291,8,"(2, 3)","2,3"
scene_12790,6,"(4, 5)","3,4"
scene_12117,7,"(0, 1)","4,5"
scene_12908,6,"(2, 3)","2,3"
scene_11738,8,"(5, 6)","7,8"
scene_13997,8,"(4, 5)","5,6"
scene_11490,7,"(5, 6)","2,3"
scene_12663,8,"(0, 1)","2,3"
scene_14509,8,"(3, 4)","7,8"
scene_10235,8,"(3, 4)","6,7"
scene_12757,7,"(4, 5)","2,3"
scene_14746,7,"(2, 3)","3,4"
scene_14493,8,"(0, 1)","2,3"
scene_11998,7,"(3, 4)","2,3"
scene_13695,8,"(6, 7)","4,5"
scene_12285,7,"(4, 5)","3,4"
scene_10710,7,"(1, 2)","2,3"
scene_12012,6,"(2, 3)","2,3"
scene_12641,8,"(1, 2)","2,3"
scene_12199,8,"(2, 3)","5,6"
scene_13571,7,"(0, 1)","2,3"
scene_13811,8,"(4, 5)","2,3"
scene_13963,7,"(5, 6)","3,4"
scene_12213,8,"(5, 6)","2,3"
scene_14277,7,"(0, 1)","2,3"
scene_11443,7,"(1, 2)","5,6"
scene_13570,8,"(5, 6)","7,8"
scene_11254,7,"(4, 5)","2,3"
scene_13769,8,"(0, 1)","5,6"
scene_12969,7,"(0, 1)","2,3"
scene_13554,7,"(0, 1)","2,3"
scene_10865,7,"(1, 2)","4,5"
scene_14018,8,"(0, 1)","1,2"
scene_14452,8,"(3, 4)","7,8"
scene_10103,7,"(2, 3)","3,4"
scene_12797,8,"(3, 4)","2,3"
scene_14688,8,"(1, 2)","2,3"
scene_10565,7,"(1, 2)","4,5"
scene_13037,8,"(6, 7)","7,8"
scene_14896,8,"(0, 1)","2,3"
scene_14367,8,"(4, 5)","5,6"
scene_12846,6,"(3, 4)","4,5"
scene_10336,7,"(1, 2)","2,3"
scene_14818,8,"(2, 3)","2,3"
scene_12471,8,"(1, 2)","4,5"
scene_10835,7,"(3, 4)","5,6"
scene_11990,8,"(5, 6)","2,3"
scene_10623,8,"(2, 3)","5,6"
scene_11625,7,"(2, 3)","2,3"
scene_13252,5,"(0, 1)","2,3"
scene_13076,7,"(4, 5)","3,4"
scene_12556,8,"(2, 3)","2,3"
scene_10210,7,"(0, 1)","2,3"
scene_14608,8,"(4, 5)","5,6"
scene_12549,8,"(5, 6)","2,3"
scene_11342,8,"(0, 1)","2,3"
scene_14874,7,"(1, 2)","2,3"
scene_11375,8,"(1, 2)","3,4"
scene_13023,8,"(6, 7)","6,7"
scene_12100,8,"(4, 5)","5,6"
scene_14667,6,"(0, 1)","2,3"
scene_11786,7,"(3, 4)","5,6"
scene_10938,7,"(0, 1)","2,3"
scene_13882,8,"(3, 4)","1,2"
scene_11035,8,"(6, 7)","7,8"
scene_11955,8,"(2, 3)","2,3"
scene_11249,8,"(6, 7)","2,3"
scene_10166,8,"(6, 7)","6,7"
scene_11634,7,"(2, 3)","4,5"
scene_14482,6,"(2, 3)","2,3"
scene_10254,8,"(0, 1)","1,2"
scene_10329,8,"(4, 5)","4,5"
scene_10563,7,"(3, 4)","5,6"
scene_11837,7,"(0, 1)","5,6"
scene_12868,8,"(2, 3)","3,4"
scene_10427,7,"(1, 2)","5,6"
scene_10158,8,"(2, 3)","2,3"
scene_13855,8,"(4, 5)","2,3"
scene_10671,8,"(6, 7)","3,4"
scene_12067,8,"(2, 3)","2,3"
scene_13456,7,"(5, 6)","2,3"
scene_12280,7,"(4, 5)","4,5"
scene_14417,7,"(1, 2)","2,3"
scene_12766,8,"(3, 4)","1,2"
scene_12678,7,"(2, 3)","2,3"
scene_13727,8,"(4, 5)","7,8"
scene_11734,8,"(3, 4)","2,3"
scene_12682,7,"(1, 2)","2,3"
scene_14674,8,"(5, 6)","2,3"
scene_12132,6,"(4, 5)","2,3"
scene_14498,8,"(6, 7)","5,6"
scene_11489,8,"(6, 7)","8,7"
scene_13785,7,"(1, 2)","2,3"
scene_11112,8,"(1, 2)","2,3"
scene_13514,6,"(0, 1)","2,6"
scene_10688,8,"(3, 4)","2,3"
scene_10222,8,"(0, 1)","2,3"
scene_13230,6,"(1, 2)","2,3"
scene_10220,8,"(4, 5)","2,3"
scene_14927,8,"(2, 3)","3,4"
scene_11046,7,"(5, 6)","2,3"
scene_13831,8,"(6, 7)","5,6"
scene_14831,8,"(5, 6)","2,3"
scene_13315,8,"(0, 1)","2,3"
scene_12755,8,"(2, 3)","2,3"
scene_13187,8,"(0, 1)","1,2"
scene_10237,7,"(5, 6)","2,3"
scene_14752,8,"(3, 4)","2,3"
scene_13573,8,"(6, 7)","3,4"
scene_12236,7,"(5, 6)","2,3"
scene_11798,7,"(5, 6)","4,5"
scene_14002,7,"(2, 3)","2,3"
scene_11807,8,"(0, 1)","2,3"
scene_14412,8,"(1, 2)","7,8"
scene_13435,7,"(4, 5)","5,6"
scene_13196,8,"(1, 2)","2,3"
scene_12447,8,"(3, 4)","2,3"
scene_12883,8,"(3, 4)","4,5"
scene_10048,8,"(0, 1)","2,3"
scene_13910,7,"(1, 2)","1,2"
scene_13118,8,"(5, 6)","6,7"
scene_10160,7,"(2, 3)","1,2"
scene_13192,8,"(0, 1)","1,2"
scene_13444,7,"(0, 1)","2,3"
scene_11695,7,"(1, 2)","4,5"
scene_10511,8,"(6, 7)","3,4"
scene_13409,7,"(4, 5)","5,6"
scene_13819,8,"(3, 4)","2,3"
scene_14448,8,"(5, 6)","2,3"
scene_12712,7,"(2, 3)","2,3"
scene_13342,8,"(3, 4)","2,3"
scene_13401,6,"(0, 1)","2,3"
scene_10527,8,"(4, 5)","5,6"
scene_11753,8,"(0, 1)","2,3"
scene_11252,8,"(4, 5)","2,3"
scene_13139,6,"(1, 2)","2,3"
scene_11895,8,"(5, 6)","2,3"
scene_11236,8,"(6, 7)","2,3"
scene_14891,8,"(3, 4)","4,5"
scene_10661,8,"(0, 1)","3,4"
scene_14427,8,"(4, 5)","2,3"
scene_12620,8,"(4, 5)","6,7"
scene_12753,8,"(0, 1)","2,3"
scene_12226,6,"(3, 4)","2,3"
scene_11921,8,"(5, 6)","6,7"
scene_12341,7,"(1, 2)","4,5"
scene_10635,7,"(1, 2)","6,7"
scene_13606,7,"(2, 3)","1,2"
scene_12250,8,"(2, 3)","2,3"
scene_11960,8,"(6, 7)","4,5"
scene_13972,6,"(2, 3)","2,3"
scene_14273,6,"(3, 4)","3,4"
scene_12272,7,"(5, 6)","2,3"
scene_12026,8,"(6, 7)","2,3"
scene_12124,8,"(5, 6)","7,8"
scene_13689,8,"(2, 3)","2,3"
scene_13891,7,"(2, 3)","1,2"
scene_11304,8,"(3, 4)","2,3"
scene_13655,8,"(2, 3)","2,3"
scene_13498,8,"(1, 2)","2,3"
scene_14138,8,"(0, 1)","5,6"
scene_13628,8,"(1, 2)","2,3"
scene_12600,8,"(1, 2)","2,3"
scene_14354,8,"(6, 7)","6,7"
scene_13809,8,"(6, 7)","2,3"
scene_11093,7,"(4, 5)","2,3"
scene_13742,7,"(0, 1)","2,3"
scene_10995,8,"(1, 2)","2,3"
scene_12042,7,"(0, 1)","2,3"
scene_10412,7,"(1, 2)","5,6"
scene_13808,7,"(3, 4)","2,3"
scene_14246,8,"(3, 4)","7,8"
scene_11441,8,"(2, 3)","2,3"
scene_11793,7,"(3, 4)","2,3"
scene_13485,8,"(0, 1)","2,3"
scene_10874,8,"(4, 5)","5,6"
scene_10045,8,"(2, 3)","2,3"
scene_11209,8,"(6, 7)","7,8"
scene_11999,8,"(1, 2)","3,4"
scene_13276,8,"(3, 4)","7,8"
scene_14052,7,"(2, 3)","2,3"
scene_13147,8,"(3, 4)","4,5"
scene_11593,7,"(2, 3)","2,3"
scene_13398,8,"(6, 7)","5,6"
scene_13733,7,"(0, 1)","2,3"
scene_10597,8,"(0, 1)","3,4"
scene_13895,8,"(1, 2)","2,3"
scene_14926,7,"(5, 6)","5,6"
scene_10379,8,"(2, 3)","2,3"
scene_10200,8,"(6, 7)","3,4"
scene_11208,5,"(0, 1)","2,3"
scene_11632,7,"(1, 2)","3,4"
scene_14816,7,"(2, 3)","3,4"
scene_12543,8,"(1, 2)","2,3"
scene_11925,8,"(0, 1)","1,2"
scene_10766,7,"(5, 6)","5,6"
scene_12747,8,"(1, 2)","2,3"
scene_14225,8,"(2, 3)","2,3"
scene_12325,8,"(3, 4)","6,7"
scene_10695,7,"(4, 5)","5,6"
scene_11391,7,"(0, 1)","2,3"
scene_13879,8,"(5, 6)","5,6"
scene_14190,7,"(2, 3)","2,3"
scene_11751,8,"(2, 3)","3,4"
scene_13625,6,"(1, 2)","4,5"
scene_14646,7,"(0, 1)","2,3"
scene_13812,7,"(3, 4)","1,7"
scene_12640,7,"(3, 4)","4,5"
scene_13524,8,"(4, 5)","4,5"
scene_11722,8,"(5, 6)","2,3"
scene_12351,8,"(4, 5)","2,3"
scene_12490,8,"(1, 2)","2,3"
scene_10003,7,"(0, 1)","2,3"
scene_14491,8,"(3, 4)","4,5"
scene_13329,7,"(0, 1)","2,3"
scene_12466,8,"(6, 7)","6,7"
scene_11426,7,"(1, 2)","2,3"
scene_13107,7,"(0, 1)","5,6"
scene_13447,8,"(0, 1)","2,3"
scene_11572,8,"(0, 1)","1,2"
scene_11043,8,"(6, 7)","6,7"
scene_14544,6,"(1, 2)","2,3"
scene_12423,8,"(1, 2)","2,3"
scene_13299,7,"(1, 2)","2,3"
scene_12673,8,"(6, 7)","7,8"
scene_13348,8,"(3, 4)","5,6"
scene_12534,7,"(2, 3)","3,4"
scene_14157,8,"(5, 6)","2,3"
scene_12461,8,"(5, 6)","6,7"
scene_11021,6,"(0, 1)","2,3"
scene_12572,8,"(4, 5)","2,3"
scene_12706,8,"(4, 5)","2,3"
scene_10574,7,"(2, 3)","3,4"
scene_13536,8,"(6, 7)","2,3"
scene_12985,7,"(0, 1)","1,2"
scene_11615,6,"(0, 1)","2,3"
scene_14413,7,"(0, 1)","2,3"
scene_14262,8,"(1, 2)","2,3"
scene_10013,7,"(5, 6)","2,3"
scene_13575,8,"(3, 4)","5,6"
scene_10363,8,"(6, 7)","2,3"
scene_12087,8,"(1, 2)","2,3"
scene_11558,7,"(0, 1)","2,3"
scene_13157,8,"(6, 7)","1,2"
scene_10948,7,"(2, 3)","2,3"
scene_14192,8,"(0, 1)","7,8"
scene_13577,8,"(0, 1)","2,3"
scene_14730,6,"(3, 4)","3,4"
scene_12833,8,"(0, 1)","2,3"
scene_13562,8,"(1, 2)","2,3"
scene_10889,7,"(4, 5)","2,3"
scene_10313,7,"(3, 4)","4,5"
scene_12175,7,"(5, 6)","2,3"
scene_11463,8,"(3, 4)","5,6"
scene_12140,7,"(3, 4)","2,3"
scene_10945,8,"(0, 1)","1,2"
scene_10226,8,"(3, 4)","2,3"
scene_12714,6,"(3, 4)","2,3"
scene_14954,8,"(1, 2)","2,3"
scene_13277,7,"(2, 3)","2,3"
scene_14176,7,"(1, 2)","5,6"
scene_12878,7,"(1, 2)","2,3"
scene_12287,8,"(2, 3)","2,3"
scene_10569,7,"(2, 3)","2,3"
scene_12283,7,"(3, 4)","2,3"
scene_12690,7,"(1, 2)","2,3"
scene_13267,7,"(0, 1)","2,3"
scene_11583,8,"(4, 5)","5,6"
scene_10193,6,"(4, 5)","2,3"
scene_11827,7,"(4, 5)","2,3"
scene_11865,7,"(1, 2)","2,3"
scene_12501,7,"(5, 6)","4,5"
scene_12866,8,"(2, 3)","2,3"
scene_13773,7,"(3, 4)","2,3"
scene_11635,8,"(3, 4)","2,3"
scene_11823,7,"(4, 5)","5,6"
scene_13858,8,"(3, 4)","2,3"
scene_10317,8,"(0, 1)","7,8"
scene_13135,8,"(0, 1)","2,3"
scene_10886,7,"(2, 3)","3,4"
scene_11305,8,"(3, 4)","2,3"
scene_14872,8,"(1, 2)","8,9"
scene_12033,8,"(3, 4)","6,7"
scene_13375,8,"(1, 2)","2,3"
scene_12723,7,"(5, 6)","2,3"
scene_11470,7,"(4, 5)","2,3"
scene_10203,7,"(1, 2)","4,5"
scene_13380,8,"(5, 6)","6,7"
scene_11451,7,"(4, 5)","2,3"
scene_11332,6,"(0, 1)","2,3"
scene_11940,8,"(3, 4)","4,5"
scene_11267,7,"(5, 6)","2,3"
scene_14753,7,"(2, 3)","2,3"
scene_14589,8,"(3, 4)","4,5"
scene_12899,8,"(4, 5)","5,6"
scene_10843,8,"(6, 7)","1,2"
scene_12045,8,"(3, 4)","2,3"
scene_11721,7,"(2, 3)","3,4"
scene_12933,8,"(4, 5)","2,3"
scene_10326,8,"(4, 5)","5,6"
scene_12989,8,"(2, 3)","2,3"
scene_12526,7,"(3, 4)","2,3"
scene_10342,6,"(2, 3)","3,4"
scene_11045,7,"(1, 2)","2,3"
scene_13523,8,"(0, 1)","2,3"
scene_11214,7,"(2, 3)","2,3"
scene_14529,7,"(4, 5)","6,7"
scene_13026,7,"(1, 2)","4,5"
scene_10295,8,"(0, 1)","2,3"
scene_14472,8,"(6, 7)","6,7"
scene_11222,7,"(2, 3)","2,3"
scene_10617,7,"(0, 1)","1,2"
scene_14847,7,"(3, 4)","4,5"
scene_10079,7,"(4, 5)","5,6"
scene_14597,7,"(2, 3)","5,6"
scene_13506,8,"(6, 7)","6,7"
scene_14522,7,"(4, 5)","4,5"
scene_13622,7,"(1, 2)","2,6"
scene_14854,7,"(1, 2)","2,3"
scene_12146,7,"(0, 1)","2,3"
scene_11072,7,"(1, 2)","3,4"
scene_12734,8,"(5, 6)","2,3"
scene_10029,7,"(1, 2)","2,3"
scene_10361,7,"(2, 3)","2,3"
scene_12267,8,"(4, 5)","6,7"
scene_14895,8,"(6, 7)","6,7"
scene_10757,7,"(5, 6)","4,5"
scene_10417,8,"(0, 1)","1,2"
scene_12058,8,"(6, 7)","4,5"
scene_14849,8,"(1, 2)","2,3"
scene_14143,7,"(4, 5)","5,6"
scene_12163,7,"(3, 4)","5,6"
scene_11668,8,"(2, 3)","2,3"
scene_12810,8,"(6, 7)","2,3"
scene_11726,8,"(6, 7)","2,3"
scene_12309,7,"(1, 2)","2,3"
scene_12232,7,"(1, 2)","2,3"
scene_14967,7,"(1, 2)","2,3"
scene_14876,7,"(4, 5)","2,3"
scene_10877,8,"(2, 3)","3,4"
scene_10946,7,"(5, 6)","6,7"
scene_14957,7,"(5, 6)","2,3"
scene_11101,8,"(2, 3)","2,3"
scene_10849,6,"(4, 5)","2,3"
scene_12453,7,"(0, 1)","2,3"
scene_14546,7,"(5, 6)","2,3"
scene_10064,8,"(5, 6)","6,7"
scene_14336,7,"(2, 3)","3,4"
scene_12479,8,"(4, 5)","2,3"
scene_14453,8,"(4, 5)","2,3"
scene_13592,7,"(1, 2)","2,3"
scene_11293,8,"(4, 5)","7,8"
scene_12335,7,"(1, 2)","2,3"
scene_13029,7,"(3, 4)","2,3"
scene_12002,5,"(2, 3)","2,3"
scene_10564,8,"(1, 2)","2,3"
scene_12861,8,"(3, 4)","4,5"
scene_11086,7,"(0, 1)","2,3"
scene_14743,7,"(0, 1)","2,3"
scene_14147,8,"(0, 1)","1,2"
scene_11747,7,"(1, 2)","2,3"
scene_14407,6,"(4, 5)","2,3"
scene_10601,8,"(1, 2)","4,5"
scene_10820,7,"(0, 1)","1,2"
scene_14615,8,"(4, 5)","5,6"
scene_13757,6,"(3, 4)","4,5"
scene_10076,7,"(0, 1)","2,3"
scene_10595,8,"(2, 3)","2,3"
scene_12591,8,"(4, 5)","2,3"
scene_13748,6,"(1, 2)","2,3"
scene_12458,8,"(6, 7)","7,8"
scene_11073,7,"(1, 2)","2,3"
scene_13245,8,"(2, 3)","4,5"
scene_12176,8,"(5, 6)","6,7"
scene_11956,7,"(1, 2)","2,3"
scene_12574,7,"(2, 3)","4,5"
scene_11674,8,"(0, 1)","2,3"
scene_12137,7,"(0, 1)","2,3"
scene_12592,7,"(1, 2)","2,3"
scene_14285,7,"(4, 5)","2,3"
scene_14633,8,"(5, 6)","2,3"
scene_13437,8,"(1, 2)","2,3"
scene_10672,8,"(6, 7)","7,8"
scene_10325,8,"(0, 1)","3,4"
scene_12017,8,"(6, 7)","5,6"
scene_14669,8,"(4, 5)","2,3"
scene_10983,8,"(6, 7)","7,8"
scene_13310,8,"(2, 3)","2,3"
scene_11927,7,"(0, 1)","3,4"
scene_10557,8,"(2, 3)","5,6"
scene_10562,8,"(5, 6)","2,3"
scene_11523,6,"(3, 4)","2,3"
scene_10657,7,"(4, 5)","2,3"
scene_14163,6,"(0, 1)","2,3"
scene_10466,7,"(2, 3)","2,3"
scene_11290,8,"(2, 3)","5,6"
scene_14353,7,"(2, 3)","2,3"
scene_14122,8,"(1, 2)","2,3"
scene_13908,6,"(1, 2)","2,3"
scene_10411,8,"(5, 6)","5,6"
scene_10469,8,"(3, 4)","7,8"
scene_12570,8,"(6, 7)","5,6"
scene_10500,8,"(5, 6)","2,3"
scene_14444,8,"(3, 4)","4,5"
scene_10480,8,"(5, 6)","6,7"
scene_11784,8,"(2, 3)","2,3"
scene_12431,7,"(1, 2)","2,3"
scene_11556,5,"(2, 3)","2,3"
scene_11269,7,"(1, 2)","2,3"
scene_13989,7,"(5, 6)","6,7"
scene_14555,8,"(4, 5)","5,6"
scene_13468,7,"(1, 2)","5,6"
scene_12337,8,"(3, 4)","2,3"
scene_13730,8,"(2, 3)","2,3"
scene_12173,6,"(2, 3)","4,5"
scene_13200,6,"(1, 2)","2,3"
scene_10017,7,"(1, 2)","3,4"
scene_13106,8,"(5, 6)","6,7"
scene_11349,7,"(0, 1)","2,3"
scene_10481,8,"(5, 6)","4,5"
scene_13288,7,"(4, 5)","2,3"
scene_11752,7,"(3, 4)","3,4"
scene_13946,7,"(4, 5)","4,5"
scene_13981,8,"(0, 1)","1,2"
scene_13332,6,"(1, 2)","5,6"
scene_11363,8,"(4, 5)","2,3"
scene_11937,8,"(2, 3)","2,3"
scene_10765,7,"(4, 5)","4,5"
scene_10120,8,"(1, 2)","2,3"
scene_14431,7,"(5, 6)","5,6"
scene_10415,8,"(4, 5)","4,5"
scene_10803,8,"(0, 1)","2,3"
scene_14511,8,"(3, 4)","2,3"
scene_13633,7,"(1, 2)","5,6"
scene_10618,7,"(2, 3)","2,3"
scene_12047,7,"(5, 6)","5,6"
scene_13792,8,"(0, 1)","1,2"
scene_14799,8,"(1, 2)","4,5"
scene_11504,7,"(2, 3)","2,3"
scene_14989,7,"(2, 3)","6,7"
scene_11149,7,"(1, 2)","2,3"
scene_13678,8,"(5, 6)","2,3"
scene_14396,8,"(0, 1)","2,3"
scene_11559,8,"(6, 7)","2,3"
scene_11570,7,"(5, 6)","4,5"
scene_12037,7,"(5, 6)","2,3"
scene_10896,7,"(5, 6)","2,3"
scene_12781,8,"(5, 6)","6,7"
scene_13301,6,"(2, 3)","2,3"
scene_10497,8,"(3, 4)","4,5"
scene_10807,8,"(0, 1)","2,3"
scene_10444,8,"(2, 3)","6,7"
scene_13828,7,"(1, 2)","2,3"
scene_13370,7,"(1, 2)","3,4"
scene_13472,7,"(5, 6)","6,7"
scene_12904,7,"(0, 1)","2,3"
scene_13534,8,"(2, 3)","7,8"
scene_10795,7,"(2, 3)","6,7"
scene_10773,8,"(6, 7)","5,6"
scene_11560,8,"(0, 1)","2,3"
scene_13337,8,"(5, 6)","6,7"
scene_13877,8,"(0, 1)","1,2"
scene_11991,8,"(0, 1)","2,3"
scene_13875,8,"(3, 4)","4,5"
scene_14723,8,"(3, 4)","4,5"
scene_14680,7,"(5, 6)","5,6"
scene_11084,8,"(3, 4)","2,3"
scene_14826,8,"(1, 2)","2,3"
scene_11756,7,"(3, 4)","2,3"
scene_13979,6,"(3, 4)","3,4"
scene_12282,7,"(3, 4)","4,5"
scene_11950,7,"(2, 3)","2,3"
scene_14214,8,"(4, 5)","2,3"
scene_10581,8,"(3, 4)","4,5"
scene_12708,8,"(0, 1)","5,6"
scene_10257,7,"(3, 4)","2,3"
scene_10553,7,"(4, 5)","4,5"
scene_11876,7,"(5, 6)","6,7"
scene_10483,7,"(5, 6)","5,6"
scene_10582,8,"(1, 2)","2,3"
scene_10058,8,"(1, 2)","2,3"
scene_11805,8,"(3, 4)","4,5"
scene_11886,7,"(0, 1)","2,3"
scene_14540,8,"(6, 7)","4,5"
scene_10172,8,"(6, 7)","7,8"
scene_12771,5,"(0, 1)","2,3"
scene_10525,8,"(2, 3)","3,4"
scene_11841,7,"(0, 1)","2,3"
scene_12031,8,"(2, 3)","7,8"
scene_10992,7,"(2, 3)","3,4"
scene_13701,8,"(0, 1)","2,3"
scene_14242,8,"(0, 1)","5,6"
scene_13591,7,"(2, 3)","5,6"
scene_13061,8,"(1, 2)","2,3"
scene_13271,7,"(3, 4)","2,3"
scene_12554,8,"(1, 2)","2,3"
scene_11648,8,"(5, 6)","2,3"
scene_14420,6,"(0, 1)","2,3"
scene_11736,8,"(4, 5)","5,6"
scene_13469,8,"(0, 1)","2,3"
scene_14325,8,"(2, 3)","2,3"
scene_12172,8,"(4, 5)","5,6"
scene_11353,8,"(4, 5)","5,6"
scene_14506,7,"(3, 4)","2,3"
scene_13896,7,"(5, 6)","2,3"
scene_11052,7,"(0, 1)","2,3"
scene_11031,8,"(3, 4)","2,3"
scene_14366,8,"(5, 6)","6,7"
scene_10567,7,"(1, 2)","5,6"
scene_13984,7,"(4, 5)","2,3"
scene_10702,7,"(3, 4)","2,3"
scene_14951,7,"(1, 2)","2,3"
scene_14650,8,"(0, 1)","2,3"
scene_11974,8,"(0, 1)","2,3"
scene_10475,8,"(2, 3)","2,3"
scene_11962,8,"(1, 2)","3,4"
scene_12520,7,"(1, 2)","2,3"
scene_12975,7,"(3, 4)","5,6"
scene_10917,8,"(5, 6)","4,5"
scene_10159,8,"(4, 5)","5,6"
scene_14005,7,"(5, 6)","2,3"
scene_12656,8,"(5, 6)","6,7"
scene_10004,8,"(4, 5)","5,6"
scene_14347,7,"(2, 3)","6,7"
scene_14421,8,"(5, 6)","7,8"
scene_11324,8,"(2, 3)","3,4"
scene_13065,7,"(2, 3)","3,4"
scene_14885,7,"(1, 2)","2,3"
scene_11630,8,"(0, 1)","2,3"
scene_14861,8,"(0, 1)","2,3"
scene_12445,7,"(3, 4)","4,5"
scene_10872,8,"(4, 5)","6,7"
scene_14161,8,"(4, 5)","6,7"
scene_11464,7,"(3, 4)","4,6"
scene_14103,8,"(1, 2)","2,3"
scene_12158,8,"(0, 1)","4,5"
scene_10026,8,"(2, 3)","7,8"
scene_13719,8,"(0, 1)","1,2"
scene_11296,8,"(3, 4)","2,3"
scene_13564,8,"(0, 1)","1,2"
scene_12405,7,"(2, 3)","2,3"
scene_10914,7,"(5, 6)","6,7"
scene_12788,7,"(5, 6)","2,3"
scene_12186,8,"(4, 5)","1,2"
scene_14401,7,"(3, 4)","4,5"
scene_10939,8,"(1, 2)","2,3"
scene_10094,8,"(0, 1)","2,3"
scene_14535,8,"(0, 1)","1,2"
scene_12060,7,"(1, 2)","6,7"
scene_14337,7,"(1, 2)","4,5"
scene_13837,7,"(5, 6)","5,6"
scene_13128,8,"(2, 3)","2,3"
scene_13154,8,"(0, 1)","1,2"
scene_10521,8,"(3, 4)","2,3"
scene_13461,7,"(0, 1)","2,3"
scene_11311,8,"(2, 3)","3,4"
scene_11253,7,"(3, 4)","6,7"
scene_10899,8,"(3, 4)","2,3"
scene_10386,8,"(3, 4)","5,6"
scene_10745,8,"(5, 6)","2,3"
scene_14045,7,"(2, 3)","6,7"
scene_14177,8,"(0, 1)","2,3"
scene_11134,7,"(5, 6)","2,3"
scene_11797,8,"(4, 5)","4,5"
scene_12967,8,"(3, 4)","6,7"
scene_13274,8,"(1, 2)","4,5"
scene_14783,8,"(2, 3)","2,3"
scene_13512,7,"(3, 4)","2,3"
scene_14791,8,"(2, 3)","2,3"
scene_12153,7,"(1, 2)","3,7"
scene_14418,8,"(3, 4)","5,6"
scene_14601,8,"(0, 1)","2,3"
scene_12021,7,"(2, 3)","3,4"
scene_14994,7,"(3, 4)","4,5"
scene_12170,8,"(3, 4)","3,4"
scene_11171,7,"(2, 3)","2,3"
scene_13761,8,"(1, 2)","7,8"
scene_13244,7,"(2, 3)","5,6"
scene_14092,8,"(4, 5)","5,6"
scene_11742,7,"(0, 1)","2,3"
scene_12578,7,"(1, 2)","1,2"
scene_14649,8,"(6, 7)","6,7"
scene_11729,8,"(5, 6)","2,3"
scene_10543,6,"(0, 1)","2,3"
scene_12194,8,"(0, 1)","2,3"
scene_13289,8,"(5, 6)","2,3"
scene_12585,7,"(2, 3)","5,6"
scene_10262,8,"(6, 7)","2,3"
scene_11877,8,"(4, 5)","5,6"
scene_10459,8,"(3, 4)","4,5"
scene_12657,8,"(6, 7)","7,8"
scene_11800,7,"(4, 5)","5,6"
scene_14565,8,"(1, 2)","2,3"
scene_12212,7,"(4, 5)","2,3"
scene_13110,8,"(0, 1)","2,3"
scene_13789,8,"(6, 7)","1,2"
scene_11339,7,"(3, 4)","5,6"
scene_12006,8,"(6, 7)","6,7"
scene_14378,8,"(4, 5)","5,6"
scene_11402,8,"(3, 4)","4,5"
scene_10585,8,"(4, 5)","5,6"
scene_12188,7,"(5, 6)","4,5"
scene_11717,8,"(6, 7)","6,7"
scene_12912,7,"(3, 4)","2,3"
scene_13034,8,"(4, 5)","6,7"
scene_11333,7,"(1, 2)","2,3"
scene_12990,7,"(3, 4)","2,3"
scene_13717,8,"(2, 3)","3,4"
scene_12278,7,"(0, 1)","2,3"
scene_13115,8,"(3, 4)","6,7"
scene_10828,7,"(5, 6)","2,3"
scene_11908,7,"(0, 1)","2,3"
scene_10654,8,"(4, 5)","5,6"
scene_12371,7,"(4, 5)","6,7"
scene_11867,8,"(4, 5)","2,3"
scene_10376,6,"(4, 5)","3,4"
scene_10570,7,"(5, 6)","5,6"
scene_11576,8,"(4, 5)","7,8"
scene_14732,8,"(1, 2)","2,3"
scene_12964,7,"(0, 1)","2,3"
scene_12402,8,"(6, 7)","8,7"
scene_14525,8,"(3, 4)","3,4"
scene_10646,7,"(1, 2)","2,3"
scene_13102,8,"(1, 2)","2,3"
scene_11023,6,"(1, 2)","2,3"
scene_14395,7,"(1, 2)","5,6"
scene_13766,8,"(1, 2)","2,3"
scene_10355,6,"(0, 1)","1,2"
scene_12167,7,"(3, 4)","6,7"
scene_14948,8,"(0, 1)","2,3"
scene_12819,7,"(5, 6)","2,3"
scene_12942,8,"(3, 4)","4,5"
scene_10793,7,"(1, 2)","3,4"
scene_13114,8,"(6, 7)","6,7"
scene_10760,7,"(5, 6)","4,5"
scene_10838,8,"(1, 2)","2,3"
scene_12759,8,"(6, 7)","5,6"
scene_11764,6,"(4, 5)","2,3"
scene_11274,8,"(2, 3)","2,3"
scene_12277,8,"(2, 3)","4,5"
scene_12789,8,"(5, 6)","2,3"
scene_13465,8,"(6, 7)","7,8"
scene_11308,8,"(0, 1)","1,2"
scene_10053,7,"(0, 1)","2,3"
scene_12279,7,"(3, 4)","6,7"
scene_14830,7,"(4, 5)","2,3"
scene_13682,7,"(3, 4)","5,6"
scene_11806,7,"(4, 5)","5,6"
scene_13439,8,"(2, 3)","3,4"
scene_14467,7,"(2, 3)","4,5"
scene_11629,8,"(4, 5)","6,7"
scene_14600,8,"(3, 4)","2,3"
scene_10217,8,"(6, 7)","4,5"
scene_14934,7,"(0, 1)","2,3"
scene_14142,8,"(6, 7)","7,8"
scene_11906,8,"(5, 6)","7,8"
scene_11792,8,"(4, 5)","5,6"
scene_10768,7,"(4, 5)","6,7"
scene_10244,7,"(4, 5)","5,6"
scene_10260,7,"(3, 4)","2,3"
scene_13459,8,"(0, 1)","1,2"
scene_14840,8,"(3, 4)","2,3"
scene_10713,8,"(1, 2)","5,6"
scene_14470,8,"(1, 2)","2,3"
scene_10840,8,"(4, 5)","2,3"
scene_11144,8,"(4, 5)","5,6"
scene_11829,7,"(4, 5)","5,6"
scene_12007,7,"(0, 1)","2,3"
scene_12254,8,"(0, 1)","2,3"
scene_10204,7,"(4, 5)","2,3"
scene_10913,7,"(0, 1)","2,3"
