scenario,seq_len,ground_truth,answer
scene_14124,7,False,no
scene_10696,7,True,yes
scene_14922,8,True,yes
scene_14012,8,True,yes
scene_14779,7,False,yes
scene_13854,8,False,yes
scene_14696,7,False,yes
scene_11199,8,True,yes
scene_10716,6,False,yes
scene_12474,7,True,yes
scene_11448,8,True,yes
scene_13886,8,True,yes
scene_14268,7,True,yes
scene_10493,7,False,yes
scene_13918,6,False,yes
scene_10362,8,True,yes
scene_12332,8,False,no
scene_11032,6,False,no
scene_12897,8,False,no
scene_12742,7,True,yes
scene_13909,6,True,yes
scene_11971,7,False,no
scene_11590,8,False,yes
scene_12129,8,True,yes
scene_10165,8,True,yes
scene_12672,8,False,yes
scene_14293,8,False,no
scene_11020,7,False,no
scene_13493,8,True,yes
scene_13462,8,True,yes
scene_12228,8,False,yes
scene_10964,7,True,yes
scene_11140,7,True,yes
scene_14516,7,False,yes
scene_12025,7,True,yes
scene_14735,8,True,yes
scene_10015,8,True,yes
scene_11410,7,True,yes
scene_14626,8,True,yes
scene_13868,8,False,yes
scene_13307,8,False,yes
scene_11525,7,True,yes
scene_13673,7,False,no
scene_14389,7,True,yes
scene_12832,7,True,yes
scene_10770,8,False,no
scene_12886,7,True,yes
scene_10596,8,True,no
scene_14118,8,True,yes
scene_13834,7,True,yes
scene_14713,7,True,yes
scene_14373,8,False,no
scene_12294,8,False,yes
scene_10831,7,True,yes
scene_12560,8,True,yes
scene_10594,8,False,no
scene_10701,7,False,yes
scene_14856,7,False,no
scene_14556,7,False,no
scene_12373,8,True,yes
scene_14305,8,True,yes
scene_10155,8,True,yes
scene_14004,8,True,yes
scene_10018,8,False,no
scene_14886,8,False,no
scene_12582,8,True,yes
scene_12994,7,False,no
scene_13671,5,False,no
scene_11122,7,False,no
scene_14068,7,False,yes
scene_13770,8,True,yes
scene_12870,8,True,yes
scene_14943,7,True,yes
scene_14868,8,False,yes
scene_14200,8,False,no
scene_14133,7,True,yes
scene_13915,7,False,no
scene_14388,7,True,yes
scene_13881,8,True,yes
scene_11689,8,False,no
scene_13872,8,True,yes
scene_14560,8,False,yes
scene_11597,8,False,no
scene_13643,7,False,no
scene_11135,6,True,yes
scene_11891,8,False,yes
scene_13015,7,False,yes
scene_14580,7,True,yes
scene_11251,8,True,yes
scene_11492,8,False,yes
scene_14918,8,False,no
scene_10724,8,False,yes
scene_10238,8,False,no
scene_14358,8,True,yes
scene_13330,8,False,yes
scene_12701,8,False,no
scene_13902,7,False,no
scene_12339,8,False,no
scene_11553,8,True,yes
scene_10296,8,False,yes
scene_10544,7,True,yes
scene_12943,8,True,yes
scene_13555,8,False,no
scene_14782,8,False,no
scene_11835,7,True,yes
scene_12333,8,True,yes
scene_12625,8,True,yes
scene_13647,8,False,no
scene_10251,7,False,no
scene_14652,8,True,yes
scene_11662,8,True,yes
scene_13286,8,False,no
scene_11066,6,True,yes
scene_14552,7,False,no
scene_10758,7,False,yes
scene_13966,5,False,yes
scene_12106,8,True,yes
scene_11912,8,False,no
scene_11866,8,False,no
scene_14091,7,True,yes
scene_11679,6,False,no
scene_13645,8,True,yes
scene_14641,8,True,yes
scene_13642,6,True,yes
scene_14928,8,False,yes
scene_13988,6,False,no
scene_13584,8,True,no
scene_12646,7,False,yes
scene_10673,6,False,no
scene_11677,7,True,yes
scene_10794,6,False,no
scene_10590,8,True,yes
scene_11002,8,True,yes
scene_10640,7,True,yes
scene_14797,7,True,yes
scene_12019,7,False,yes
scene_14016,7,False,yes
scene_10957,7,False,yes
scene_14182,8,False,yes
scene_14170,7,True,yes
scene_13204,8,False,no
scene_10961,6,True,yes
scene_14081,8,True,yes
scene_10588,8,True,yes
scene_11650,7,False,yes
scene_11856,8,False,yes
scene_10832,8,True,yes
scene_11967,7,True,yes
scene_11476,8,False,no
scene_14734,8,True,yes
scene_13927,8,True,yes
scene_10839,8,True,yes
scene_14884,7,True,yes
scene_11931,7,False,no
scene_13839,7,True,no
scene_14879,7,True,yes
scene_12785,8,True,yes
scene_14864,7,False,yes
scene_11106,8,False,yes
scene_14207,7,True,yes
scene_10394,7,False,no
scene_11012,8,True,no
scene_10810,8,True,yes
scene_12023,8,False,yes
scene_12513,8,True,no
scene_11138,8,True,yes
scene_13137,8,True,yes
scene_14021,8,False,no
scene_11972,7,False,yes
scene_12817,7,False,yes
scene_10180,8,False,no
scene_12508,7,True,yes
scene_11026,7,False,yes
scene_10854,8,False,yes
scene_10202,8,False,yes
scene_13177,8,True,yes
scene_11224,8,True,yes
scene_11609,7,True,yes
scene_10256,7,False,yes
scene_13390,8,True,no
scene_12396,6,False,yes
scene_11162,8,True,yes
scene_10693,7,True,yes
scene_14823,8,True,yes
scene_12376,7,True,yes
scene_11103,7,False,no
scene_12677,8,False,yes
scene_14213,7,False,yes
scene_11040,8,False,no
scene_10163,8,False,no
scene_14405,7,False,no
scene_14595,8,False,no
scene_11996,8,False,yes
scene_10000,8,False,no
scene_14469,8,True,no
scene_11291,7,False,no
scene_13985,8,True,yes
scene_14117,7,True,yes
scene_11284,7,True,yes
scene_10875,8,True,yes
scene_10559,8,True,yes
scene_12707,7,True,yes
scene_10294,8,True,yes
scene_12516,8,True,yes
scene_11174,7,False,no
scene_13936,7,False,no
scene_12729,8,False,yes
scene_12340,7,False,no
scene_10022,5,True,yes
scene_13931,8,True,yes
scene_10146,8,False,yes
scene_12947,7,False,yes
scene_11018,8,False,no
scene_10117,7,False,no
scene_13443,7,False,no
scene_12767,7,False,no
scene_14591,6,False,no
scene_14149,8,False,yes
scene_14249,6,True,yes
scene_13962,7,True,yes
scene_10717,8,True,yes
scene_14558,8,False,no
scene_14866,8,False,no
scene_11874,8,True,yes
scene_10071,8,False,yes
scene_13454,8,True,yes
scene_10061,8,False,yes
scene_12223,8,False,no
scene_13500,8,True,yes
scene_12375,7,False,no
scene_11745,7,True,yes
scene_10042,7,False,no
scene_14150,7,False,yes
scene_14528,7,False,no
scene_12051,8,False,yes
scene_10331,7,True,yes
scene_14981,7,True,yes
scene_10377,7,False,no
scene_14275,7,False,yes
scene_13257,8,True,yes
scene_14749,7,True,yes
scene_10915,8,True,yes
scene_12619,8,True,yes
scene_10436,7,False,no
scene_10730,6,True,yes
scene_13768,8,False,yes
scene_14465,7,False,yes
scene_11145,8,False,yes
scene_12094,8,True,yes
scene_14942,8,True,yes
scene_13122,8,True,yes
scene_14532,7,True,no
scene_11089,8,True,yes
scene_10088,8,False,no
scene_14665,8,True,yes
scene_14888,8,True,yes
scene_10221,8,False,no
scene_11248,7,True,yes
scene_11201,7,True,yes
scene_14789,8,True,yes
scene_14187,8,True,yes
scene_11058,8,True,yes
scene_10133,8,True,yes
scene_10032,7,False,no
scene_11480,7,True,no
scene_10225,7,True,yes
scene_10858,8,False,no
scene_11076,8,True,no
scene_10870,8,False,yes
scene_14309,6,False,no
scene_11156,7,True,no
scene_14271,8,True,yes
scene_11803,7,True,yes
scene_12675,7,False,yes
scene_11905,7,True,yes
scene_10297,7,False,no
scene_13978,8,True,yes
scene_10631,8,True,no
scene_10371,8,False,yes
scene_11340,8,True,yes
scene_10030,8,False,no
scene_12769,7,True,yes
scene_14893,8,True,yes
scene_12731,7,False,no
scene_13763,8,True,yes
scene_13675,7,True,yes
scene_13214,7,True,yes
scene_11669,7,True,yes
scene_14606,8,False,no
scene_14814,7,True,yes
scene_13794,8,True,yes
scene_13607,8,False,yes
scene_12252,8,False,no
scene_14258,8,True,yes
scene_11637,7,False,no
scene_10047,8,False,yes
scene_10676,7,False,no
scene_13446,8,True,yes
scene_11783,8,False,yes
scene_14082,6,False,yes
scene_11462,8,False,yes
scene_11616,7,True,no
scene_11315,7,False,yes
scene_10432,8,False,no
scene_13699,8,False,no
scene_14468,7,True,yes
scene_13351,7,False,no
scene_10901,7,False,no
scene_13219,7,True,yes
scene_10723,7,False,no
scene_10337,8,True,no
scene_12185,8,False,yes
scene_10996,8,True,yes
scene_11279,8,True,yes
scene_13268,8,False,no
scene_13043,8,True,yes
scene_13861,7,False,no
scene_11182,7,False,yes
scene_11330,8,True,no
scene_13912,7,True,yes
scene_13452,7,False,yes
scene_11275,7,False,no
scene_13836,8,True,yes
scene_14066,6,False,no
scene_10876,7,True,yes
scene_13484,8,True,yes
scene_10293,8,True,yes
scene_10056,8,False,yes
scene_10474,8,False,yes
scene_13053,7,True,yes
scene_10918,8,True,yes
scene_14815,8,True,yes
scene_11730,7,False,yes
scene_13934,8,False,no
scene_14160,7,True,yes
scene_10348,7,True,yes
scene_13481,7,False,no
scene_14038,7,True,yes
scene_11157,8,True,yes
scene_13350,8,True,yes
scene_11447,6,False,no
scene_10418,7,True,yes
scene_10712,8,False,no
scene_12150,8,False,no
scene_14803,8,True,yes
scene_11658,8,False,no
scene_14570,7,True,yes
scene_10101,7,True,yes
scene_11613,8,False,no
scene_11434,8,False,no
scene_10759,8,False,no
scene_14903,8,True,yes
scene_13166,7,True,yes
scene_13197,8,False,no
scene_12357,8,False,no
scene_11071,8,True,yes
scene_12893,8,False,yes
scene_11097,7,False,no
scene_12756,7,False,no
scene_12143,8,False,yes
scene_12216,7,True,yes
scene_12710,7,False,no
scene_13240,8,True,yes
scene_11982,8,False,yes
scene_11453,8,True,yes
scene_10389,7,True,no
scene_13393,8,True,yes
scene_10934,7,True,yes
scene_14851,7,True,yes
scene_14921,8,False,no
scene_10433,6,True,yes
scene_13545,8,True,yes
scene_13692,7,False,yes
scene_10078,8,False,no
scene_13463,8,True,yes
scene_14709,8,True,yes
scene_14100,7,False,no
scene_11244,7,True,yes
scene_10402,7,True,yes
scene_13002,8,True,yes
scene_11188,8,False,no
scene_14099,5,False,yes
scene_12758,6,False,no
scene_12055,8,True,no
scene_14882,7,False,yes
scene_10010,8,True,no
scene_13109,8,False,yes
scene_12828,8,True,no
scene_12610,8,True,yes
scene_14932,7,True,yes
scene_10847,8,False,yes
scene_13605,8,False,no
scene_12397,8,False,no
scene_12464,7,True,yes
scene_12849,8,False,yes
scene_13721,7,True,yes
scene_13304,8,False,yes
scene_10892,8,True,yes
scene_11714,8,False,no
scene_10364,7,False,no
scene_11748,8,True,yes
scene_14205,7,False,no
scene_13269,8,True,yes
scene_12104,7,False,no
scene_13544,7,False,no
scene_14950,5,True,yes
scene_14030,8,False,yes
scene_13784,7,False,no
scene_14542,7,True,yes
scene_10428,7,False,no
scene_13964,8,True,yes
scene_12774,8,True,yes
scene_10799,8,True,yes
scene_10743,6,True,yes
scene_10084,7,False,yes
scene_10096,8,False,yes
scene_13220,5,False,yes
scene_12888,7,False,no
scene_12740,7,False,no
scene_12792,8,False,no
scene_13095,8,False,yes
scene_10552,8,True,yes
scene_13922,8,True,yes
scene_11981,5,True,yes
scene_10268,7,True,yes
scene_12180,7,False,no
scene_11075,8,False,yes
scene_12380,8,True,yes
scene_14241,7,False,no
scene_12486,7,True,no
scene_11953,7,False,no
scene_11319,7,False,no
scene_13994,7,False,no
scene_12611,8,False,no
scene_11636,8,True,yes
scene_13098,8,True,yes
scene_14461,5,False,yes
scene_13067,8,False,yes
scene_13563,8,True,yes
scene_10052,8,True,yes
scene_10473,8,True,yes
scene_12249,7,False,no
scene_12599,8,False,no
scene_12193,6,False,yes
scene_14863,8,True,yes
scene_11900,8,False,no
scene_13121,7,False,no
scene_10320,8,True,yes
scene_13851,7,True,yes
scene_10873,8,True,yes
scene_12243,8,True,yes
scene_10097,6,True,yes
scene_11150,6,False,yes
scene_13258,8,False,yes
scene_13620,7,True,yes
scene_13206,7,False,no
scene_14314,7,True,yes
scene_11408,8,True,yes
scene_11399,8,False,yes
scene_13441,8,True,yes
scene_12415,8,True,yes
scene_11197,7,True,yes
scene_11708,7,True,yes
scene_13528,7,False,yes
scene_10196,6,False,yes
scene_13677,8,False,yes
scene_12624,8,False,no
scene_14097,7,True,yes
scene_12269,8,False,no
scene_10490,8,False,yes
scene_14425,8,True,yes
scene_12840,8,False,yes
scene_11623,7,True,yes
scene_13707,7,True,yes
scene_11682,7,False,no
scene_13635,8,True,no
scene_11581,8,False,no
scene_11116,7,False,no
scene_13726,7,False,no
scene_10392,7,False,no
scene_13418,8,False,yes
scene_10086,7,False,yes
scene_11335,8,True,yes
scene_13596,7,True,yes
scene_13543,7,True,yes
scene_11141,7,True,yes
scene_13376,7,False,yes
scene_13822,7,True,yes
scene_10650,8,True,yes
scene_12902,7,False,no
scene_11917,8,False,no
scene_14578,7,True,yes
scene_13824,8,False,no
scene_13996,6,True,no
scene_14766,8,False,yes
scene_10041,7,True,yes
scene_14853,7,True,yes
scene_13797,8,True,yes
scene_14312,8,False,no
scene_14438,8,True,no
scene_10999,7,True,yes
scene_10073,8,False,no
scene_12932,7,False,yes
scene_13093,8,True,yes
scene_14134,8,False,yes
scene_11405,6,True,yes
scene_12160,7,True,yes
scene_11975,7,True,yes
scene_11831,8,False,no
scene_13856,7,False,yes
scene_13055,8,False,no
scene_11767,7,True,yes
scene_12454,8,False,yes
scene_12350,7,True,yes
scene_12983,8,True,yes
scene_13086,8,False,yes
scene_12482,8,False,yes
scene_13168,8,True,yes
scene_14308,7,True,yes
scene_14313,8,False,no
scene_10484,7,True,yes
scene_11983,8,True,yes
scene_10861,8,True,no
scene_10482,8,False,no
scene_14757,7,False,no
scene_13539,6,True,yes
scene_12496,8,False,no
scene_10266,7,False,no
scene_14627,7,True,yes
scene_12565,8,False,yes
scene_10431,7,False,yes
scene_14379,8,False,yes
scene_13158,8,True,yes
scene_11028,7,True,yes
scene_11744,7,False,no
scene_12451,7,False,yes
scene_10931,6,True,no
scene_12203,8,True,no
scene_12115,8,True,no
scene_12314,7,False,no
scene_11533,6,True,yes
scene_12920,7,True,yes
scene_14166,8,True,yes
scene_11651,7,False,no
scene_11358,7,False,yes
scene_13821,8,True,yes
scene_13679,8,True,yes
scene_12948,8,False,no
scene_11663,7,False,no
scene_13265,8,False,yes
scene_12377,8,False,no
scene_12073,8,True,yes
scene_11709,8,True,yes
scene_10036,7,False,no
scene_11080,8,False,yes
scene_14153,7,True,yes
scene_13432,8,False,no
scene_12863,7,True,yes
scene_11292,4,True,yes
scene_12976,7,True,yes
scene_12639,8,True,yes
scene_10143,7,False,no
scene_12881,6,False,no
scene_13869,7,False,yes
scene_14809,7,False,yes
scene_14862,8,True,yes
scene_12075,8,True,yes
scene_11699,7,False,yes
scene_10897,8,False,yes
scene_14587,6,False,no
scene_13085,7,True,yes
scene_11755,8,True,no
scene_12773,7,False,yes
scene_10283,6,False,yes
scene_12754,7,False,yes
scene_10065,8,True,yes
scene_11059,8,False,yes
scene_12744,8,False,yes
scene_10305,8,True,yes
scene_12488,7,True,yes
scene_14977,8,False,no
scene_11354,6,True,yes
scene_13222,8,False,no
scene_10007,8,True,no
scene_10104,8,True,yes
scene_11406,7,True,yes
scene_10534,8,False,no
scene_14829,8,True,yes
scene_13798,8,False,no
scene_13270,8,True,yes
scene_11851,8,True,yes
scene_13540,8,False,yes
scene_13709,8,False,yes
scene_12251,7,False,no
scene_12887,8,True,yes
scene_12183,7,True,yes
scene_12393,8,True,yes
scene_13878,8,True,yes
scene_12575,7,False,yes
scene_10008,6,True,yes
scene_14114,8,True,yes
scene_14080,8,False,no
scene_13209,8,True,yes
scene_11768,6,False,no
scene_12036,8,False,yes
scene_14959,7,False,yes
scene_12234,6,False,no
scene_11239,7,True,yes
scene_10825,8,False,yes
scene_10894,8,False,yes
scene_12940,8,False,yes
scene_14897,8,True,yes
scene_12972,7,True,no
scene_14168,8,True,no
scene_14424,8,False,yes
scene_10916,8,False,yes
scene_11370,7,False,no
scene_11855,6,False,no
scene_10092,7,True,yes
scene_13079,8,True,yes
scene_10167,7,True,yes
scene_10709,8,True,yes
scene_10923,7,False,no
scene_14836,7,False,yes
scene_11954,8,False,no
scene_14564,7,False,no
scene_10969,8,True,yes
scene_12664,7,True,yes
scene_14132,8,True,yes
scene_10814,8,True,yes
scene_11705,8,False,no
scene_11169,8,False,no
scene_12097,8,True,yes
scene_11132,8,False,yes
scene_11167,7,True,yes
scene_12728,8,True,yes
scene_13786,7,True,yes
scene_13553,7,True,yes
scene_11450,6,False,no
scene_11515,8,True,yes
scene_10837,8,False,yes
scene_10051,8,True,yes
scene_11514,8,False,no
scene_12293,8,False,no
scene_14239,8,True,yes
scene_11776,8,True,yes
scene_14705,8,True,yes
scene_14297,8,False,yes
scene_12107,8,False,yes
scene_14651,8,False,yes
scene_10583,8,False,no
scene_11369,7,False,yes
scene_13255,7,False,no
scene_12308,7,True,yes
scene_10519,8,False,yes
scene_11985,7,False,yes
scene_13062,8,False,yes
scene_10162,8,False,no
scene_12658,8,False,yes
scene_11779,7,True,yes
scene_11233,8,True,yes
scene_12814,8,False,yes
scene_12369,7,True,yes
scene_13223,7,True,yes
scene_13346,4,False,yes
scene_13119,8,False,no
scene_12276,7,False,no
scene_11808,8,True,yes
scene_14009,8,True,yes
scene_10620,7,False,yes
scene_14404,6,True,yes
scene_11977,8,True,yes
scene_14474,8,False,yes
scene_10454,8,False,yes
scene_11273,8,True,yes
scene_13018,7,False,no
scene_11643,8,False,no
scene_11148,7,True,yes
scene_13865,8,False,no
scene_12583,7,False,no
scene_14022,6,True,yes
scene_14078,6,False,no
scene_13281,7,False,no
scene_12821,8,False,yes
scene_11781,8,True,yes
scene_12032,8,False,no
scene_13292,8,True,yes
scene_12963,6,True,yes
scene_13263,7,True,yes
scene_11215,7,True,yes
scene_12191,8,True,yes
scene_13262,7,False,yes
scene_14965,8,False,no
scene_13218,8,False,yes
scene_13897,7,True,yes
scene_14026,8,True,yes
scene_14835,8,True,yes
scene_10731,7,False,yes
scene_12807,7,False,yes
scene_14483,7,True,yes
scene_12875,8,False,yes
scene_11666,8,False,no
scene_14963,8,False,no
scene_12470,8,True,yes
scene_12372,8,True,yes
scene_10393,6,True,yes
scene_11382,8,False,yes
scene_13387,6,True,yes
scene_12606,8,True,no
scene_10774,8,True,yes
scene_12937,6,False,no
scene_11771,5,True,yes
scene_13844,7,True,yes
scene_10108,8,False,yes
scene_13810,7,False,no
scene_13033,7,True,no
scene_10603,8,False,yes
scene_11526,7,True,no
scene_10742,8,False,no
scene_11124,7,True,no
scene_13019,7,False,yes
scene_12233,6,True,yes
scene_11847,7,False,yes
scene_10776,7,False,yes
scene_10602,5,True,yes
scene_14202,8,False,no
scene_14410,7,True,yes
scene_12770,7,False,yes
scene_10470,7,True,yes
scene_12027,6,True,yes
scene_12256,7,False,yes
scene_14430,8,False,yes
scene_12008,8,False,no
scene_13619,7,False,no
scene_11551,7,True,yes
scene_13889,7,False,yes
scene_10834,8,False,yes
scene_14770,7,False,yes
scene_11513,8,True,yes
scene_10264,7,True,yes
scene_13340,8,True,yes
scene_13007,8,False,no
scene_10643,8,False,yes
scene_10206,8,True,yes
scene_10446,8,False,no
scene_10700,7,False,yes
scene_14701,8,True,yes
scene_14398,7,False,no
scene_10043,8,True,yes
scene_11535,8,False,yes
scene_10197,8,True,no
scene_12401,7,True,yes
scene_12322,8,True,yes
scene_11813,7,True,yes
scene_14572,8,False,no
scene_13242,7,False,no
scene_10150,7,False,no
scene_11336,8,True,yes
scene_13427,8,True,yes
scene_11653,7,False,no
scene_11857,7,False,no
scene_12922,8,False,yes
scene_10515,8,True,yes
scene_10035,8,False,yes
scene_14553,8,True,yes
scene_12903,7,True,yes
scene_10080,8,True,yes
scene_14053,8,False,yes
scene_14634,8,False,no
scene_12730,7,False,no
scene_11401,8,False,yes
scene_12659,8,True,yes
scene_12936,8,False,yes
scene_13486,8,True,yes
scene_10429,8,True,yes
scene_12735,8,True,yes
scene_11618,5,True,yes
scene_14547,8,False,no
scene_13141,6,False,yes
scene_10232,7,False,yes
scene_10978,8,True,yes
scene_10775,7,False,yes
scene_12581,6,False,yes
scene_12348,7,True,yes
scene_10352,8,True,yes
scene_10685,8,True,yes
scene_13474,8,True,yes
scene_10827,7,False,no
scene_10684,8,True,yes
scene_10855,8,False,no
scene_12752,8,True,yes
scene_14603,7,False,no
scene_14902,7,True,yes
scene_13046,8,True,yes
scene_12776,8,True,yes
scene_13215,8,False,yes
scene_10800,8,True,yes
scene_14280,7,False,no
scene_12590,8,False,no
scene_12837,8,True,yes
scene_14505,6,True,yes
scene_10457,8,False,yes
scene_13256,8,False,yes
scene_12245,8,False,no
scene_12118,7,True,yes
scene_10380,8,False,no
scene_10189,8,False,yes
scene_14919,8,False,no
scene_14093,8,True,yes
scene_10658,6,False,no
scene_12329,8,True,yes
scene_12550,8,True,yes
scene_13941,5,False,no
scene_11278,7,False,yes
scene_13426,8,False,no
scene_10408,8,True,yes
scene_14060,8,True,yes
scene_11942,7,True,yes
scene_14982,6,False,yes
scene_12529,8,False,yes
scene_13035,7,False,no
scene_13617,8,True,yes
scene_11070,8,False,yes
scene_14174,8,True,yes
scene_11454,7,True,yes
scene_13497,8,True,no
scene_11796,8,True,yes
scene_14998,8,False,yes
scene_14443,8,False,no
scene_11809,7,True,yes
scene_10641,7,True,no
scene_12974,6,False,no
scene_10887,8,True,yes
scene_11207,8,True,yes
scene_14342,8,True,yes
scene_14541,8,False,no
scene_14178,7,True,yes
scene_11933,8,False,no
scene_12491,7,True,yes
scene_11230,8,False,yes
scene_11659,8,True,yes
scene_10586,6,False,yes
scene_10403,8,False,yes
scene_11836,7,False,yes
scene_10098,8,False,no
scene_10956,7,False,yes
scene_11654,8,True,yes
scene_10288,7,True,no
scene_10677,7,False,no
scene_11564,7,True,yes
scene_11303,8,True,yes
scene_11987,8,False,yes
scene_11384,8,True,yes
scene_13953,7,False,no
scene_13971,8,True,yes
scene_10420,8,False,yes
scene_11814,7,False,no
scene_12548,8,False,no
scene_12265,8,False,yes
scene_11548,7,False,yes
scene_11430,8,True,yes
scene_14588,7,False,yes
scene_11428,7,True,yes
scene_10622,7,True,yes
scene_12119,8,True,yes
scene_13631,8,True,yes
scene_11368,8,True,yes
scene_13434,8,True,yes
scene_12013,8,True,yes
scene_10495,8,False,no
scene_11079,8,False,yes
scene_10609,7,True,yes
scene_10346,8,True,yes
scene_10095,8,False,yes
scene_14485,7,False,yes
scene_13413,7,True,yes
scene_13725,8,False,yes
scene_12645,8,True,yes
scene_13816,7,True,yes
scene_14557,8,False,no
scene_13044,8,False,no
scene_14958,7,False,yes
scene_13320,7,True,yes
scene_11030,7,False,no
scene_11062,8,True,yes
scene_10020,8,True,yes
scene_13723,8,True,yes
scene_12475,8,True,yes
scene_11109,8,True,yes
scene_14599,8,False,no
scene_11890,7,True,yes
scene_12315,7,False,no
scene_14771,8,False,yes
scene_13030,8,False,no
scene_14940,7,False,no
scene_10777,8,False,no
scene_10667,8,True,yes
scene_11656,7,False,no
scene_13714,8,False,yes
scene_11196,8,True,yes
scene_11395,7,False,no
scene_11649,7,False,no
scene_14291,7,True,yes
scene_10385,5,True,yes
scene_10560,8,True,yes
scene_11042,8,False,yes
scene_13686,8,True,yes
scene_10903,8,False,yes
scene_10505,7,False,yes
scene_11601,8,True,yes
scene_12555,7,True,yes
scene_10170,6,True,yes
scene_14850,7,True,yes
scene_10751,7,True,yes
scene_11198,8,True,yes
scene_13580,8,False,no
scene_10049,7,False,no
scene_11612,8,True,yes
scene_11294,7,True,yes
scene_10110,8,True,yes
scene_11092,8,True,yes
scene_14916,8,True,yes
scene_10358,7,False,no
scene_10069,7,False,yes
scene_11595,7,False,yes
scene_12597,8,True,yes
scene_14811,8,False,no
scene_12214,7,True,yes
scene_13704,7,True,yes
scene_11871,8,True,yes
scene_13129,8,True,yes
scene_13737,8,False,no
scene_14286,8,False,yes
scene_11078,6,True,yes
scene_14801,8,True,yes
scene_13347,7,False,yes
scene_12382,8,True,yes
scene_13556,7,True,yes
scene_13630,8,True,yes
scene_11050,7,True,yes
scene_11350,8,True,yes
scene_13369,8,True,yes
scene_14185,8,True,yes
scene_10243,8,False,no
scene_14642,7,False,no
scene_11260,8,False,no
scene_11605,7,True,yes
scene_10144,8,False,no
scene_11152,8,False,no
scene_13282,7,True,yes
scene_13688,7,False,yes
scene_12246,7,True,yes
scene_13921,7,True,yes
scene_12808,6,False,yes
scene_12871,7,False,yes
scene_10944,7,True,yes
scene_11500,7,False,no
scene_12015,8,False,no
scene_12691,5,True,yes
scene_12843,8,False,no
scene_13503,8,True,yes
scene_12465,7,True,yes
scene_14229,6,True,yes
scene_12261,7,False,no
scene_14754,7,True,yes
scene_11598,8,True,yes
scene_13247,7,True,yes
scene_13003,7,True,yes
scene_12523,8,True,yes
scene_11701,8,False,yes
scene_12070,7,False,no
scene_10706,7,False,yes
scene_14175,8,True,yes
scene_12901,8,False,no
scene_14428,8,True,yes
scene_11090,7,True,yes
scene_14374,8,True,no
scene_13123,8,False,yes
scene_14006,8,False,yes
scene_10228,7,True,yes
scene_10365,8,False,yes
scene_10806,6,True,yes
scene_12907,8,True,yes
scene_13638,7,False,no
scene_10911,8,True,no
scene_13982,7,False,no
scene_12882,8,False,no
scene_12098,8,True,yes
scene_13448,7,False,no
scene_13088,8,False,yes
scene_12704,8,True,yes
scene_10499,8,True,yes
scene_11013,8,True,yes
scene_12422,8,True,yes
scene_11777,7,True,yes
scene_11760,8,False,yes
scene_13937,8,True,yes
scene_14462,7,False,no
scene_11348,7,False,yes
scene_13935,7,False,no
scene_10139,8,False,no
scene_12385,8,True,yes
scene_10309,7,False,yes
scene_14422,7,False,yes
scene_11727,8,True,yes
scene_11916,8,True,yes
scene_11129,8,False,yes
scene_13175,8,True,no
scene_14386,8,False,yes
scene_12435,8,True,yes
scene_11754,8,False,yes
scene_13210,7,True,yes
scene_10984,8,False,no
scene_13585,8,False,no
scene_11861,8,True,yes
scene_14583,7,True,yes
scene_12816,8,False,no
scene_12992,7,True,yes
scene_12457,7,False,yes
scene_11728,8,False,no
scene_10940,6,True,yes
scene_14164,8,False,yes
scene_14691,7,False,no
scene_13758,8,False,no
scene_11123,8,False,no
scene_11580,7,False,no
scene_13780,8,False,no
scene_12834,8,False,yes
scene_14253,8,True,yes
scene_14223,8,False,no
scene_10413,6,False,no
scene_13860,5,False,no
scene_14881,8,False,yes
scene_11460,8,False,yes
scene_10040,8,True,yes
scene_13974,7,False,no
scene_11853,7,False,no
scene_14340,7,False,yes
scene_10184,6,False,yes
scene_13022,7,True,yes
scene_11005,8,False,yes
scene_11323,8,True,yes
scene_14357,8,False,yes
scene_11009,5,True,yes
scene_14887,8,False,yes
scene_12165,8,False,yes
scene_13213,8,False,yes
scene_14699,7,True,yes
scene_12108,8,False,no
scene_14720,7,False,no
scene_11200,8,True,yes
scene_13391,8,True,yes
scene_12689,7,True,yes
scene_10727,8,False,yes
scene_13820,7,False,no
scene_10450,7,False,yes
scene_10114,8,True,yes
scene_10546,8,False,yes
scene_13379,7,True,yes
scene_11893,8,True,yes
scene_14545,8,False,no
scene_14196,8,False,yes
scene_12383,8,True,no
scene_10733,8,True,yes
scene_11276,8,False,no
scene_10119,7,False,no
scene_14937,8,False,no
scene_11108,8,True,yes
scene_12614,8,True,yes
scene_14740,8,False,yes
scene_12190,7,False,no
scene_14755,7,True,yes
scene_10554,8,False,yes
scene_11710,8,False,no
scene_14197,8,True,yes
scene_11774,7,True,no
scene_10705,7,True,yes
scene_11684,8,False,no
scene_14715,7,False,yes
scene_11686,8,True,yes
scene_11107,7,False,no
scene_10039,7,True,yes
scene_13131,8,False,no
scene_11077,7,True,yes
scene_14065,8,False,yes
scene_13990,8,True,yes
scene_13639,7,False,no
scene_12419,7,True,yes
scene_13335,7,False,no
scene_12995,7,True,yes
scene_13738,7,False,no
scene_13343,8,False,no
scene_14248,7,False,no
scene_11022,7,False,no
scene_13360,8,True,yes
scene_10504,8,True,yes
scene_12152,8,True,yes
scene_12450,8,False,yes
scene_14870,8,False,no
scene_13176,7,False,no
scene_12504,6,False,yes
scene_12867,7,True,yes
scene_13146,7,False,no
scene_12044,8,True,yes
scene_11376,7,True,yes
scene_11788,8,True,yes
scene_13712,7,True,yes
scene_12654,8,True,yes
scene_14394,8,False,no
scene_13530,8,True,yes
scene_10888,7,False,yes
scene_14761,7,False,yes
scene_14363,6,False,no
scene_14584,8,True,yes
scene_13729,8,True,yes
scene_10250,8,True,yes
scene_13736,8,True,yes
scene_14001,8,True,yes
scene_10263,7,False,no
scene_10909,8,True,yes
scene_12813,7,False,yes
scene_12909,7,True,yes
scene_10044,8,True,yes
scene_11195,8,False,no
scene_11313,7,True,yes
scene_12537,8,True,yes
scene_11372,8,True,no
scene_11899,8,False,no
scene_13104,7,True,yes
scene_11191,8,True,yes
scene_13078,6,True,yes
scene_10126,8,True,yes
scene_11568,8,False,no
scene_13743,8,False,yes
scene_13923,8,False,no
scene_11757,8,True,yes
scene_13913,7,False,no
scene_14643,7,True,yes
scene_12719,8,True,yes
scene_12000,7,False,no
scene_11139,7,True,yes
scene_14025,8,True,yes
scene_12601,8,False,no
scene_11665,8,False,no
scene_10356,7,False,yes
scene_14568,7,True,yes
scene_11930,8,False,yes
scene_14272,7,False,no
scene_14834,7,True,yes
scene_11488,8,True,yes
scene_10729,8,True,yes
scene_13208,7,False,yes
scene_12855,8,True,yes
scene_12825,8,False,no
scene_14711,8,False,no
scene_14955,8,True,no
scene_10082,7,True,yes
scene_11989,7,False,yes
scene_12999,8,True,yes
scene_14146,7,True,yes
scene_12749,7,True,yes
scene_12053,7,True,yes
scene_12824,8,True,yes
scene_12065,7,False,no
scene_12595,7,True,yes
scene_10426,8,False,yes
scene_11552,7,True,yes
scene_14162,8,False,yes
scene_13080,8,False,no
scene_12525,7,True,yes
scene_12227,7,True,yes
scene_13711,7,False,yes
scene_11772,8,False,no
scene_13511,7,True,yes
scene_11860,8,True,no
scene_11345,8,True,yes
scene_13697,8,False,no
scene_11970,7,True,yes
scene_10416,6,False,no
scene_14254,8,True,yes
scene_10479,7,False,yes
scene_14718,8,True,yes
scene_14744,7,False,yes
scene_10652,7,True,yes
scene_10669,7,True,yes
scene_12877,8,True,yes
scene_12858,6,True,yes
scene_10535,8,True,yes
scene_11240,8,True,yes
scene_12925,8,True,yes
scene_13815,8,False,no
scene_13644,8,False,yes
scene_12923,8,True,yes
scene_11163,7,False,yes
scene_12481,8,True,no
scene_10808,6,True,yes
scene_10273,8,False,yes
scene_14459,7,False,no
scene_12971,8,True,yes
scene_12535,8,False,no
scene_11723,8,False,yes
scene_11540,7,False,no
scene_12459,8,True,yes
scene_10846,8,True,yes
scene_11065,8,False,no
scene_14390,8,False,yes
scene_13031,8,False,no
scene_12410,8,False,no
scene_12095,8,True,yes
scene_13148,8,False,no
scene_10122,7,True,yes
scene_11947,8,True,yes
scene_10860,6,False,yes
scene_10488,8,True,yes
scene_14049,8,False,no
scene_12020,7,True,yes
scene_10212,7,True,yes
scene_10630,8,False,no
scene_13165,8,False,yes
scene_12062,8,False,no
scene_14607,7,False,yes
scene_14484,7,True,yes
scene_12567,8,True,yes
scene_11110,6,False,no
scene_14765,7,True,yes
scene_12156,8,False,no
scene_14993,7,True,yes
scene_11988,6,True,yes
scene_13527,7,True,yes
scene_12874,7,True,yes
scene_12082,6,False,yes
scene_11993,8,False,yes
scene_11011,7,False,yes
scene_14947,8,True,yes
scene_10755,7,False,no
scene_13859,8,True,no
scene_13672,8,False,no
scene_14376,7,True,yes
scene_13529,8,True,yes
scene_14252,7,True,yes
scene_12511,7,True,yes
scene_11549,8,False,no
scene_11467,7,False,no
scene_13604,7,True,yes
scene_11270,8,False,yes
scene_12741,8,False,no
scene_14101,8,False,no
scene_10637,8,False,no
scene_10579,8,True,yes
scene_10953,8,True,yes
scene_11923,7,True,yes
scene_10822,7,True,yes
scene_13489,7,False,no
scene_14894,7,True,yes
scene_10458,7,True,yes
scene_10367,6,False,yes
scene_12847,8,True,yes
scene_11029,7,True,yes
scene_11698,7,False,no
scene_12483,8,False,no
scene_12979,7,True,yes
scene_12580,5,True,yes
scene_13796,8,True,yes
scene_12924,8,False,no
scene_10853,7,True,yes
scene_13024,7,False,no
scene_11571,8,True,yes
scene_14456,7,False,yes
scene_10859,8,True,yes
scene_11133,8,True,yes
scene_10072,8,False,yes
scene_13081,7,False,no
scene_12931,7,True,yes
scene_14426,8,False,yes
scene_13588,8,False,yes
scene_13133,7,False,no
scene_13490,8,False,no
scene_13365,8,True,yes
scene_11840,6,False,no
scene_11870,7,False,yes
scene_12760,7,False,no
scene_12364,7,False,no
scene_13817,8,False,yes
scene_12258,8,False,yes
scene_14727,7,False,yes
scene_12796,8,True,yes
scene_10523,7,False,yes
scene_13383,8,False,yes
scene_12910,6,True,yes
scene_11356,8,True,yes
scene_13458,8,False,yes
scene_11390,7,False,no
scene_10113,7,True,yes
scene_12541,8,False,yes
scene_13648,8,False,yes
scene_14604,7,False,no
scene_13291,7,False,yes
scene_12381,8,True,yes
scene_13627,7,True,yes
scene_13077,8,False,no
scene_14218,7,False,yes
scene_10130,8,True,yes
scene_14446,7,False,no
scene_10558,7,True,no
scene_11420,8,True,yes
scene_10687,8,False,no
scene_13690,7,False,yes
scene_11719,7,True,yes
scene_12274,8,False,no
scene_11577,8,False,no
scene_13170,8,False,yes
scene_13603,8,True,yes
scene_10531,8,False,yes
scene_11060,7,False,no
scene_12215,8,False,no
scene_13354,8,False,yes
scene_12441,8,True,yes
scene_13715,7,True,yes
scene_10023,7,True,yes
scene_14303,7,True,yes
scene_13914,7,True,yes
scene_14987,8,True,yes
scene_14403,7,True,yes
scene_13550,8,True,yes
scene_14489,8,False,no
scene_13788,8,True,yes
scene_14356,7,True,yes
scene_10929,8,False,no
scene_12400,8,True,yes
scene_14137,7,True,yes
scene_10176,8,False,yes
scene_13567,8,False,no
scene_13518,7,False,yes
scene_13336,7,True,yes
scene_12166,8,False,yes
scene_14112,7,False,no
scene_10135,8,False,no
scene_12222,7,True,yes
scene_14512,8,False,no
scene_11300,8,True,yes
scene_12997,7,False,yes
scene_10801,8,False,yes
scene_10670,7,True,yes
scene_12463,8,True,yes
scene_13411,8,False,no
scene_14656,7,False,no
scene_11048,7,True,yes
scene_13958,8,False,no
scene_13198,8,False,no
scene_12993,8,True,yes
scene_13006,7,True,yes
scene_13374,8,False,no
scene_11431,8,True,no
scene_11973,8,False,no
scene_11099,6,True,yes
scene_11780,7,False,no
scene_11494,7,False,no
scene_12851,8,False,yes
scene_12230,8,False,yes
scene_10851,8,False,no
scene_12798,7,True,yes
scene_12895,6,False,no
scene_12288,6,False,no
scene_14307,8,False,no
scene_13887,7,False,yes
scene_10123,8,True,yes
scene_10081,8,True,yes
scene_10442,7,True,yes
scene_13184,7,True,yes
scene_10028,8,False,yes
scene_12515,7,True,yes
scene_14217,8,False,no
scene_10034,7,False,no
scene_14563,7,False,no
scene_12437,7,True,yes
scene_11731,6,False,no
scene_13339,6,True,yes
scene_14191,8,False,yes
scene_10862,8,True,yes
scene_11165,8,False,no
scene_14961,7,False,no
scene_11461,8,False,yes
scene_10649,8,True,yes
scene_12187,6,True,yes
scene_10024,7,True,yes
scene_11082,8,True,yes
scene_11459,7,False,yes
scene_12566,7,False,no
scene_11882,8,True,yes
scene_11024,7,True,yes
scene_14820,8,True,no
scene_13319,8,False,yes
scene_10791,5,False,yes
scene_12138,8,False,no
scene_10491,8,False,no
scene_10111,7,True,yes
scene_14322,8,False,yes
scene_11833,8,True,yes
scene_14760,6,False,no
scene_10387,7,True,yes
scene_11044,7,True,yes
scene_14256,7,True,yes
scene_11061,8,True,yes
scene_12953,7,False,no
scene_13905,8,False,no
scene_12219,7,True,yes
scene_10054,8,True,yes
scene_14221,8,True,yes
scene_11245,8,False,no
scene_12133,8,False,no
scene_12284,8,False,yes
scene_14978,7,True,yes
scene_13654,8,False,no
scene_14739,7,True,yes
scene_11321,7,False,yes
scene_11579,7,True,yes
scene_10508,8,True,yes
scene_11466,8,False,yes
scene_14974,8,True,yes
scene_13659,7,False,no
scene_14186,8,True,yes
scene_14058,8,False,yes
scene_14499,7,False,no
scene_14276,8,True,yes
scene_10286,7,True,yes
scene_10205,7,False,no
scene_14108,8,True,yes
scene_14155,7,False,yes
scene_14869,8,False,yes
scene_14167,8,False,yes
scene_11604,7,False,yes
scene_10844,8,True,yes
scene_10310,7,False,yes
scene_14236,7,False,yes
scene_12061,7,True,yes
scene_13430,8,True,yes
scene_14323,7,False,no
scene_14892,8,True,no
scene_11502,7,False,no
scene_11608,7,False,no
scene_14745,7,True,yes
scene_11869,8,True,yes
scene_13681,8,True,no
scene_10140,8,True,yes
scene_10292,8,False,yes
scene_11799,8,False,yes
scene_14329,8,False,yes
scene_10272,7,True,yes
scene_10784,7,False,no
scene_14274,7,False,no
scene_13084,8,True,yes
scene_10753,8,True,yes
scene_13071,8,False,no
scene_14764,8,False,no
scene_13846,7,False,no
scene_10182,8,False,yes
scene_10785,7,False,no
scene_13616,6,True,yes
scene_10145,7,True,yes
scene_10979,8,True,yes
scene_11503,7,False,yes
scene_11422,8,True,yes
scene_14360,7,True,no
scene_12830,8,False,no
scene_12206,8,True,yes
scene_13049,7,False,no
scene_10016,8,True,yes
scene_13190,8,True,yes
scene_10912,8,True,yes
scene_11393,7,True,yes
scene_11064,8,False,no
scene_10464,8,True,yes
scene_11216,8,False,yes
scene_11878,8,True,yes
scene_12914,8,False,yes
scene_13072,8,True,yes
scene_10438,8,False,no
scene_10002,7,False,no
scene_10194,7,False,no
scene_14952,8,True,yes
scene_13169,7,False,yes
scene_11343,8,False,no
scene_12409,7,True,yes
scene_14733,7,True,yes
scene_13237,7,True,yes
scene_14602,8,False,no
scene_12205,8,True,yes
scene_10812,8,True,yes
scene_14090,7,False,yes
scene_12122,8,True,yes
scene_13487,8,False,yes
scene_13303,7,True,yes
scene_10762,7,False,no
scene_12775,8,False,no
scene_14267,8,False,no
scene_13207,8,False,no
scene_11341,7,True,yes
scene_10191,8,False,yes
scene_13745,8,True,yes
scene_14712,8,False,no
scene_14219,6,False,no
scene_14559,7,False,no
scene_10270,7,False,no
scene_12275,7,True,no
scene_13195,8,True,no
scene_13687,8,False,yes
scene_10001,8,False,yes
scene_13038,8,False,no
scene_11633,7,True,yes
scene_12139,8,True,yes
scene_12426,6,False,no
scene_12684,7,False,no
scene_12116,8,False,no
scene_13410,8,False,no
scene_13477,8,False,yes
scene_14171,7,True,yes
scene_10099,8,True,yes
scene_11398,7,False,no
scene_13397,8,True,yes
scene_12472,8,False,no
scene_14685,6,False,yes
scene_14226,8,True,yes
scene_12551,8,True,yes
scene_13900,7,False,no
scene_10692,8,True,yes
scene_14802,7,False,no
scene_10662,7,True,no
scene_12014,8,False,no
scene_11676,6,False,no
scene_13389,8,False,no
scene_11770,7,True,yes
scene_13666,7,True,no
scene_10815,8,False,no
scene_11898,8,True,yes
scene_12011,8,False,no
scene_10734,7,False,no
scene_14139,8,True,no
scene_11361,7,False,no
scene_11301,8,False,no
scene_14385,8,False,no
scene_11497,6,False,no
scene_11555,8,False,yes
scene_12913,8,False,no
scene_10005,8,False,no
scene_11192,8,False,yes
scene_14690,7,False,yes
scene_11000,8,False,yes
scene_14361,8,False,no
scene_10756,7,False,yes
scene_11423,7,True,yes
scene_14945,7,False,yes
scene_13108,7,False,no
scene_11056,7,True,yes
scene_12996,8,False,yes
scene_14497,8,True,no
scene_14098,8,True,yes
scene_13920,8,False,yes
scene_12134,7,False,no
scene_10769,7,False,yes
scene_12105,6,False,yes
scene_14033,7,False,no
scene_12016,7,True,yes
scene_13113,7,False,no
scene_14785,7,True,yes
scene_10291,8,False,yes
scene_13802,8,False,yes
scene_11945,8,True,yes
scene_11385,7,True,yes
scene_14302,7,True,yes
scene_12085,8,False,yes
scene_10660,5,False,no
scene_11457,7,False,no
scene_14224,7,True,yes
scene_10512,8,True,yes
scene_10271,7,False,no
scene_13507,8,True,yes
scene_10259,8,False,yes
scene_14115,8,True,yes
scene_10568,7,True,yes
scene_14933,8,False,yes
scene_14624,7,False,yes
scene_14154,8,True,yes
scene_13470,8,True,yes
scene_13082,8,False,no
scene_14105,6,False,no
scene_13557,8,False,no
scene_13386,7,False,no
scene_11644,7,False,yes
scene_14035,7,False,no
scene_12536,8,False,no
scene_14476,8,True,yes
scene_10663,7,True,yes
scene_11655,7,False,no
scene_11104,7,False,no
scene_14908,7,False,no
scene_12444,7,True,yes
scene_11091,8,True,yes
scene_12763,7,True,yes
scene_13130,7,True,yes
scene_13212,8,False,no
scene_11952,7,True,yes
scene_11821,8,True,yes
scene_13520,6,False,no
scene_14131,8,True,no
scene_10339,8,True,yes
scene_12527,6,True,yes
scene_14867,8,False,yes
scene_11250,8,False,yes
scene_14392,8,True,yes
scene_14673,8,False,no
scene_12358,7,False,yes
scene_11205,8,True,yes
scene_11775,8,True,yes
scene_13772,7,False,no
scene_13152,8,True,yes
scene_11589,8,True,no
scene_12178,6,True,yes
scene_10900,7,True,yes
scene_13032,7,True,yes
scene_14007,8,False,yes
scene_14790,7,True,yes
scene_12894,8,True,no
scene_13324,8,False,yes
scene_14663,6,True,yes
scene_13826,8,True,yes
scene_13294,7,False,yes
scene_13873,8,True,yes
scene_14846,6,True,yes
scene_12674,7,False,no
scene_10871,7,False,yes
scene_13420,7,False,no
scene_13466,8,False,no
scene_13449,8,True,yes
scene_12428,7,True,yes
scene_14858,8,True,yes
scene_13399,8,False,no
scene_11550,7,False,yes
scene_12113,6,False,no
scene_10752,8,False,no
scene_13762,8,False,no
scene_11588,7,True,yes
scene_12681,8,True,yes
scene_14088,8,True,yes
scene_14457,7,True,yes
scene_12297,7,True,no
scene_13827,8,True,yes
scene_14577,6,False,no
scene_14508,8,False,no
scene_12911,8,True,yes
scene_12666,7,False,no
scene_13718,7,True,yes
scene_13266,8,True,yes
scene_10937,8,False,no
scene_11599,8,True,yes
scene_10344,7,False,no
scene_12510,8,True,yes
scene_11102,8,True,yes
scene_10461,7,True,yes
scene_12718,4,True,yes
scene_12200,6,False,no
scene_13100,7,False,no
scene_10452,7,True,yes
scene_14772,8,False,yes
scene_11920,8,True,yes
scene_10063,7,True,yes
scene_11158,7,False,yes
scene_14189,7,False,no
scene_13502,8,False,no
scene_13992,7,False,yes
scene_13120,8,True,yes
scene_11455,8,True,yes
scene_12939,8,False,yes
scene_11008,8,False,yes
scene_12564,8,True,yes
scene_12467,7,False,no
scene_12321,7,False,no
scene_11338,8,True,yes
scene_11036,8,True,yes
scene_11151,8,False,yes
scene_12144,7,False,yes
scene_11670,7,True,yes
scene_10400,8,False,yes
scene_13327,7,False,yes
scene_12593,8,False,yes
scene_10019,8,True,yes
scene_10736,8,False,yes
scene_12609,7,False,yes
scene_13227,7,True,yes
scene_12262,7,True,yes
scene_13480,8,True,yes
scene_10384,7,False,yes
scene_10287,7,True,yes
scene_12841,7,True,yes
scene_12944,8,False,yes
scene_10341,8,True,no
scene_11137,7,True,yes
scene_10354,8,True,yes
scene_12399,7,False,yes
scene_12717,8,False,no
scene_14671,7,True,yes
scene_11302,8,True,yes
scene_12135,8,False,no
scene_10381,8,False,no
scene_12424,8,False,yes
scene_10786,7,False,yes
scene_14019,7,True,no
scene_12354,7,True,yes
scene_14639,8,True,yes
scene_14777,7,False,no
scene_11741,7,True,yes
scene_13438,8,True,yes
scene_10289,7,False,no
scene_11421,7,False,no
scene_14756,7,False,yes
scene_13646,8,True,yes
scene_10239,7,False,no
scene_14198,7,False,no
scene_14210,8,False,yes
scene_10241,8,True,yes
scene_11743,8,True,yes
scene_13586,7,False,no
scene_11377,8,True,yes
scene_13867,8,True,yes
scene_12417,8,True,yes
scene_11259,8,False,yes
scene_14648,7,False,no
scene_11640,7,False,no
scene_12694,8,False,no
scene_14434,8,False,yes
scene_14243,8,True,yes
scene_12838,7,True,yes
scene_11265,7,True,yes
scene_14195,8,False,no
scene_11732,8,False,no
scene_14828,7,True,yes
scene_14991,7,False,no
scene_13594,8,False,no
scene_11203,8,False,yes
scene_12195,8,False,yes
scene_14463,7,False,no
scene_10796,7,False,yes
scene_12950,6,False,yes
scene_10642,8,False,no
scene_11309,7,False,yes
scene_11081,7,True,yes
scene_12304,8,True,yes
scene_13101,8,False,no
scene_10538,7,False,no
scene_13587,7,False,yes
scene_13202,7,True,yes
scene_13866,6,False,no
scene_12801,8,True,yes
scene_10750,7,False,no
scene_12130,7,False,no
scene_14250,7,True,yes
scene_11638,8,True,yes
scene_10208,8,False,no
scene_12768,8,True,yes
scene_10128,7,True,yes
scene_12473,8,False,yes
scene_14127,7,True,yes
scene_13318,7,False,yes
scene_13495,8,False,yes
scene_10571,8,False,yes
scene_13358,8,False,yes
scene_12476,6,False,yes
scene_13017,8,False,no
scene_14158,7,True,yes
scene_10797,8,False,no
scene_10880,8,False,yes
scene_11939,7,False,no
scene_10921,8,True,yes
scene_10405,7,True,yes
scene_11258,8,False,yes
scene_14716,8,True,yes
scene_10059,8,True,yes
scene_11986,8,True,yes
scene_14382,7,False,yes
scene_14531,7,True,yes
scene_14188,6,True,no
scene_13582,8,True,yes
scene_10378,8,True,yes
scene_14724,8,True,yes
scene_10830,8,True,yes
scene_14717,7,False,yes
scene_14843,8,False,yes
scene_10947,8,False,no
scene_14504,8,False,no
scene_11147,8,False,no
scene_10678,7,True,yes
scene_12952,8,False,no
scene_14055,8,True,yes
scene_12093,8,True,no
scene_11057,8,False,no
scene_12542,7,True,yes
scene_14294,8,False,no
scene_14264,8,True,no
scene_12973,7,True,yes
scene_13011,8,True,yes
scene_11879,8,False,yes
scene_11328,8,False,yes
scene_12869,7,False,no
scene_11740,8,False,no
scene_13455,8,True,yes
scene_14338,7,False,yes
scene_11456,8,True,yes
scene_13521,7,False,no
scene_10091,7,False,yes
scene_14233,7,False,no
scene_12307,8,True,yes
scene_13685,8,True,yes
scene_14562,8,False,no
scene_11427,7,False,no
scene_14370,6,False,no
scene_12687,8,True,yes
scene_12305,8,False,no
scene_10976,5,False,no
scene_11826,8,True,yes
scene_10990,8,False,no
scene_12022,8,False,no
scene_13284,7,False,no
scene_13976,7,False,yes
scene_13334,7,True,yes
scene_10703,7,True,yes
scene_10639,8,True,yes
scene_12856,8,True,yes
scene_10290,8,True,yes
scene_11496,7,False,no
scene_14523,7,True,yes
scene_14435,8,False,no
scene_10175,7,True,yes
scene_10852,8,False,no
scene_13372,7,True,yes
scene_13259,7,False,yes
scene_14298,7,True,yes
scene_10050,8,False,no
scene_13278,7,False,yes
scene_14622,7,True,yes
scene_13186,6,True,yes
scene_12865,8,True,yes
scene_11206,7,True,yes
scene_14368,8,False,yes
scene_14923,8,True,yes
scene_10949,8,False,yes
scene_10802,8,False,yes
scene_10767,8,False,yes
scene_12331,5,False,no
scene_10453,6,True,yes
scene_12533,8,True,yes
scene_11409,7,True,yes
scene_13239,7,True,no
scene_14380,8,True,yes
scene_11063,7,True,yes
scene_14682,7,False,yes
scene_13967,8,True,yes
scene_13066,7,True,yes
scene_13429,5,False,yes
scene_10201,7,True,yes
scene_12420,8,False,no
scene_10216,8,True,yes
scene_13608,7,True,yes
scene_12835,7,False,no
scene_10680,8,True,yes
scene_12669,7,False,no
scene_10819,7,False,yes
scene_11325,7,True,yes
scene_13849,8,False,no
scene_12804,8,True,yes
scene_11154,7,False,no
scene_10090,7,True,yes
scene_11255,8,True,yes
scene_13705,8,True,yes
scene_10340,7,True,yes
scene_10728,8,False,no
scene_13016,8,True,yes
scene_11347,7,True,yes
scene_13749,8,False,yes
scene_13302,8,False,yes
scene_10223,8,True,yes
scene_14331,8,True,yes
scene_12699,8,True,yes
scene_12292,8,True,no
scene_11995,8,True,yes
scene_12241,8,True,yes
scene_14706,8,True,yes
scene_11834,8,False,no
scene_11437,8,True,yes
scene_10737,8,False,no
scene_11620,7,True,yes
scene_10075,7,False,no
scene_11114,8,True,yes
scene_14173,8,True,yes
scene_12092,7,True,yes
scene_12935,7,False,no
scene_13394,7,False,no
scene_13150,8,True,yes
scene_12986,8,False,yes
scene_12141,6,False,yes
scene_10821,5,True,yes
scene_11193,8,False,yes
scene_12528,7,False,yes
scene_12761,6,False,no
scene_14411,6,True,yes
scene_12998,8,False,no
scene_12316,8,True,yes
scene_14341,8,False,no
scene_10867,7,True,yes
scene_11465,8,True,yes
scene_12926,8,True,yes
scene_14747,7,False,no
scene_12917,8,False,yes
scene_10496,7,False,no
scene_12584,8,False,no
scene_12063,8,False,yes
scene_13504,8,True,yes
scene_12892,8,True,yes
scene_11379,7,False,no
scene_12540,7,False,yes
scene_14889,7,True,yes
scene_14857,7,False,yes
scene_13471,8,False,no
scene_12831,7,True,yes
scene_14316,7,False,yes
scene_13478,7,False,no
scene_13221,8,False,no
scene_11958,8,True,yes
scene_12736,6,False,no
scene_12414,8,False,yes
scene_10430,8,True,yes
scene_13419,8,False,yes
scene_14714,8,False,no
scene_14335,8,False,no
scene_10055,8,False,yes
scene_13634,8,False,no
scene_12096,8,False,no
scene_13492,7,False,yes
scene_13894,7,True,no
scene_14550,7,False,yes
scene_11213,8,True,yes
scene_10410,7,False,yes
scene_13149,6,True,yes
scene_12299,8,False,yes
scene_13311,8,True,yes
scene_14179,7,True,yes
scene_14364,7,False,yes
scene_12334,7,False,no
scene_12845,8,False,no
scene_10575,8,False,yes
scene_13012,7,False,no
scene_10668,7,False,yes
scene_14778,8,False,yes
scene_11602,7,True,yes
scene_11180,7,True,yes
scene_11006,8,True,yes
scene_11297,8,False,no
scene_14326,7,False,no
scene_12416,7,False,yes
scene_13993,7,True,yes
scene_14941,8,True,yes
scene_12984,7,True,yes
scene_14569,8,False,yes
scene_10644,7,True,yes
scene_10982,7,True,yes
scene_14096,7,True,yes
scene_12864,8,True,no
scene_14536,8,False,no
scene_14487,8,False,no
scene_14880,8,True,yes
scene_13243,8,True,yes
scene_12898,8,False,no
scene_14109,8,True,yes
scene_11334,7,False,no
scene_13460,7,True,yes
scene_11687,8,True,yes
scene_11671,8,True,yes
scene_12697,7,True,yes
scene_10686,8,False,yes
scene_10902,7,True,yes
scene_13008,8,True,yes
scene_13424,7,True,yes
scene_11647,8,True,yes
scene_13039,7,False,no
scene_12991,8,False,yes
scene_11724,7,True,yes
scene_10681,7,True,yes
scene_10811,7,True,yes
scene_12607,8,False,yes
scene_14567,7,True,yes
scene_14079,7,False,no
scene_13422,7,False,no
scene_12906,8,True,yes
scene_14391,7,True,no
scene_12090,8,True,yes
scene_12151,7,False,no
scene_11217,8,False,no
scene_12724,8,False,no
scene_14458,8,True,yes
scene_11477,8,False,no
scene_10506,7,False,no
scene_12353,8,True,yes
scene_13724,8,False,no
scene_14306,7,True,yes
scene_10157,7,True,yes
scene_11603,7,False,yes
scene_14372,6,False,no
scene_12388,8,True,no
scene_10863,8,True,yes
scene_12576,8,False,yes
scene_10891,8,True,yes
scene_14631,7,False,no
scene_12131,8,False,no
scene_12563,6,False,yes
scene_12392,8,False,no
scene_14997,7,False,no
scene_14640,7,True,yes
scene_10551,8,True,yes
scene_10284,8,False,no
scene_14901,7,True,yes
scene_10780,8,True,yes
scene_11404,8,True,yes
scene_13228,7,False,no
scene_11068,7,True,yes
scene_12982,7,True,yes
scene_14890,7,True,no
scene_12004,8,True,yes
scene_11854,8,False,yes
scene_14044,7,False,no
scene_12081,8,True,yes
scene_13293,8,False,yes
scene_12938,7,False,no
scene_12295,7,False,no
scene_13155,8,False,yes
scene_10848,8,True,yes
scene_14681,8,True,yes
scene_13510,8,False,no
scene_10789,7,True,yes
scene_12076,7,False,no
scene_13180,7,True,yes
scene_11607,4,True,yes
scene_11225,7,True,yes
scene_12328,8,True,yes
scene_12635,8,False,no
scene_13888,8,True,yes
scene_10725,7,True,yes
scene_10183,8,True,yes
scene_14972,7,False,no
scene_12242,8,True,yes
scene_14905,8,True,yes
scene_13161,8,False,no
scene_13614,4,True,yes
scene_13047,8,True,yes
scene_10357,7,False,no
scene_14912,7,True,yes
scene_10419,7,False,yes
scene_11105,8,True,no
scene_11475,7,True,yes
scene_13754,7,False,no
scene_13670,7,False,yes
scene_12579,8,False,yes
scene_10375,7,True,yes
scene_13938,8,True,yes
scene_13771,7,True,yes
scene_14034,8,True,yes
scene_11596,8,True,yes
scene_13280,7,False,no
scene_12074,7,True,yes
scene_13261,8,False,yes
scene_11098,8,False,no
scene_14371,8,True,no
scene_13613,8,True,yes
scene_12557,8,True,yes
scene_12197,4,False,no
scene_10351,8,True,yes
scene_14036,7,False,yes
scene_10761,7,True,yes
scene_13581,8,True,yes
scene_11538,8,False,no
scene_11458,7,True,yes
scene_14566,6,True,yes
scene_12218,8,True,yes
scene_13396,7,False,yes
scene_12977,6,True,yes
scene_10121,8,True,yes
scene_11337,8,False,no
scene_12224,7,True,yes
scene_11396,6,False,yes
scene_10311,7,False,no
scene_10951,8,False,no
scene_11791,8,False,no
scene_10401,8,True,yes
scene_10219,8,False,no
scene_11417,8,True,yes
scene_14193,8,False,no
scene_10321,8,False,no
scene_12622,7,True,yes
scene_11573,7,False,no
scene_11359,7,False,no
scene_11594,7,False,no
scene_10985,8,False,yes
scene_12462,7,True,no
scene_13138,7,False,no
scene_10315,7,False,yes
scene_14629,7,True,yes
scene_12651,8,False,yes
scene_13716,7,False,yes
scene_13453,8,True,no
scene_11289,6,True,yes
scene_12273,7,False,yes
scene_13759,7,True,yes
scene_14769,8,True,no
scene_13863,8,False,yes
scene_10190,5,False,no
scene_12524,8,True,yes
scene_11948,7,False,no
scene_13442,7,True,yes
scene_10942,7,True,yes
scene_10174,8,True,yes
scene_14742,8,True,yes
scene_12615,8,False,yes
scene_14015,8,True,yes
scene_14855,8,True,yes
scene_12962,8,False,no
scene_14409,8,True,yes
scene_13965,8,True,yes
scene_13998,8,False,no
scene_14800,8,True,no
scene_14128,8,True,yes
scene_12323,8,False,yes
scene_12421,7,True,yes
scene_14871,8,True,yes
scene_12493,7,False,yes
scene_13640,8,True,no
scene_12268,7,False,no
scene_10926,7,True,yes
scene_14156,8,False,yes
scene_11881,7,False,yes
scene_14471,8,False,no
scene_14660,5,True,yes
scene_13163,8,False,no
scene_11626,8,True,yes
scene_11095,8,False,yes
scene_12562,7,False,no
scene_11034,8,False,no
scene_13201,8,True,yes
scene_12263,8,True,yes
scene_10610,8,False,no
scene_10395,8,True,yes
scene_10439,8,True,yes
scene_10735,8,False,yes
scene_12959,8,True,yes
scene_14074,7,True,yes
scene_10070,6,False,yes
scene_11175,7,False,no
scene_13321,7,True,yes
scene_12617,8,False,no
scene_14447,8,True,yes
scene_11685,8,True,yes
scene_12440,8,True,yes
scene_12312,8,True,yes
scene_14029,7,True,yes
scene_13939,8,False,yes
scene_10247,7,True,no
scene_12655,7,True,yes
scene_11868,7,True,yes
scene_12072,7,True,yes
scene_14775,8,True,yes
scene_13621,8,True,yes
scene_14543,7,True,yes
scene_10278,6,False,yes
scene_14573,7,False,no
scene_12506,7,True,yes
scene_11690,7,False,no
scene_14865,8,True,yes
scene_10198,8,False,yes
scene_10304,8,True,yes
scene_10138,7,False,no
scene_13272,8,True,yes
scene_10240,8,False,yes
scene_14290,8,False,no
scene_12001,7,False,yes
scene_12545,7,True,yes
scene_10694,7,False,no
scene_14492,8,False,no
scene_10690,8,True,yes
scene_11888,8,True,yes
scene_12010,7,False,no
scene_14683,8,False,no
scene_11055,7,False,no
scene_13959,8,False,yes
scene_12046,8,True,yes
scene_11007,7,True,yes
scene_14011,8,True,yes
scene_13425,6,False,yes
scene_11352,8,False,no
scene_10804,8,False,yes
scene_10625,8,False,no
scene_13930,7,False,no
scene_13403,8,False,yes
scene_12439,6,False,yes
scene_13191,8,False,yes
scene_10598,7,False,no
scene_13803,8,False,yes
scene_10187,8,True,yes
scene_11696,7,True,yes
scene_11282,8,True,yes
scene_11519,7,False,yes
scene_13952,7,True,yes
scene_11312,8,False,no
scene_14878,6,True,yes
scene_14013,8,False,yes
scene_12823,8,True,yes
scene_14774,8,False,no
scene_12101,7,False,no
scene_11474,7,True,no
scene_12429,8,True,yes
scene_12705,7,False,no
scene_11472,8,True,yes
scene_14969,8,False,no
scene_11910,6,False,no
scene_14788,7,True,yes
scene_11160,7,True,yes
scene_14172,8,False,yes
scene_12518,8,True,yes
scene_14377,8,False,yes
scene_14362,8,False,yes
scene_13893,8,False,no
scene_13650,8,True,yes
scene_14072,8,False,yes
scene_13901,8,False,no
scene_10868,6,False,no
scene_14169,7,False,no
scene_11242,8,True,yes
scene_11364,7,True,yes
scene_10856,8,True,yes
scene_11964,8,True,yes
scene_14579,6,True,yes
scene_10771,7,False,yes
scene_12750,7,False,no
scene_13885,6,True,yes
scene_11545,7,False,yes
scene_11100,7,False,yes
scene_14574,8,True,yes
scene_10781,7,True,yes
scene_14913,7,True,yes
scene_14517,6,False,no
scene_14784,8,True,yes
scene_13229,7,False,no
scene_13838,7,False,no
scene_14310,8,False,no
scene_10833,7,True,yes
scene_14821,7,True,yes
scene_14659,8,False,yes
scene_14287,8,False,no
scene_13142,7,False,yes
scene_12171,7,False,yes
scene_12857,8,False,yes
scene_11691,8,False,no
scene_12605,8,True,yes
scene_12478,7,True,yes
scene_10592,7,True,yes
scene_11232,6,True,yes
scene_12803,7,True,yes
scene_14387,7,False,no
scene_12987,8,True,yes
scene_12204,7,True,yes
scene_10754,7,False,no
scene_11542,6,False,no
scene_12859,8,False,yes
scene_10612,7,True,yes
scene_13793,7,False,no
scene_11706,8,True,yes
scene_13105,8,True,yes
scene_12149,7,True,yes
scene_14087,7,False,no
scene_11411,8,False,yes
scene_10192,7,True,yes
scene_14817,7,True,yes
scene_14968,8,False,no
scene_11750,8,True,yes
scene_12921,8,False,yes
scene_13525,8,True,yes
scene_13651,8,True,yes
scene_11128,7,True,yes
scene_11231,8,False,no
scene_11694,8,False,no
scene_10906,8,False,yes
scene_13656,8,False,no
scene_13508,8,False,yes
scene_12433,8,False,no
scene_14251,7,True,yes
scene_11314,7,False,no
scene_11307,7,False,yes
scene_13807,8,False,yes
scene_14726,8,False,no
scene_13664,7,True,yes
scene_14561,7,False,no
scene_10231,7,True,yes
scene_13756,8,True,yes
scene_14451,7,True,yes
scene_10960,8,True,yes
scene_14439,8,False,yes
scene_14825,7,True,yes
scene_13014,7,False,yes
scene_11003,7,False,no
scene_13752,7,True,no
scene_14995,7,False,yes
scene_10137,8,True,no
scene_10414,7,False,yes
scene_12916,8,False,yes
scene_10845,7,True,yes
scene_13050,7,True,yes
scene_13683,8,False,yes
scene_11718,7,True,yes
scene_10131,8,False,no
scene_10463,8,False,yes
scene_14787,8,True,yes
scene_11130,7,False,yes
scene_10636,7,False,no
scene_12802,8,True,yes
scene_11887,7,False,no
scene_13572,7,True,yes
scene_14216,8,False,yes
scene_11554,7,True,yes
scene_12179,7,False,no
scene_13948,8,True,yes
scene_13747,8,True,no
scene_14526,8,True,yes
scene_13898,8,True,yes
scene_10093,8,True,yes
scene_10014,8,True,yes
scene_14999,8,False,yes
scene_10522,7,True,yes
scene_14670,8,False,yes
scene_13917,7,True,yes
scene_12201,8,False,yes
scene_10732,8,True,yes
scene_10486,8,False,yes
scene_11425,7,False,yes
scene_10545,7,True,yes
scene_12209,8,False,no
scene_14043,8,True,yes
scene_11539,8,True,yes
scene_11547,8,False,yes
scene_13843,8,False,no
scene_13980,7,False,yes
scene_13590,6,True,yes
scene_14538,5,False,no
scene_10555,6,False,no
scene_13986,8,False,no
scene_13322,8,False,yes
scene_13097,8,True,yes
scene_14707,8,False,yes
scene_11934,7,True,yes
scene_10282,8,True,yes
scene_10246,7,False,yes
scene_14027,7,False,no
scene_10261,8,True,yes
scene_12820,8,True,yes
scene_14827,8,False,no
scene_13362,7,False,no
scene_10299,8,True,yes
scene_10893,8,True,yes
scene_10012,7,True,yes
scene_14549,8,False,no
scene_13382,7,False,no
scene_13929,8,True,yes
scene_11263,8,True,yes
scene_11894,8,False,no
scene_13423,7,False,yes
scene_14983,8,False,no
scene_13361,7,True,yes
scene_12638,8,True,yes
scene_14125,8,True,yes
scene_14423,8,False,no
scene_10541,7,True,yes
scene_12930,7,False,yes
scene_10227,8,False,yes
scene_11825,7,True,yes
scene_13373,8,False,no
scene_14278,8,True,yes
scene_14383,8,False,yes
scene_10842,7,False,yes
scene_10477,8,False,yes
scene_14126,8,True,yes
scene_14899,7,True,yes
scene_13260,8,True,yes
scene_14605,8,True,yes
scene_10614,8,False,yes
scene_14230,6,True,yes
scene_14697,8,False,no
scene_10829,8,True,yes
scene_13153,7,True,yes
scene_12244,7,False,yes
scene_10252,8,True,yes
scene_10460,6,True,no
scene_12311,7,True,yes
scene_10319,7,True,yes
scene_11482,8,False,no
scene_12164,8,False,no
scene_14245,8,False,yes
scene_13331,7,True,no
scene_10335,8,True,yes
scene_11014,8,True,yes
scene_10895,7,True,yes
scene_13782,7,False,yes
scene_11929,8,False,yes
scene_14477,7,True,yes
scene_13612,8,False,yes
scene_11531,8,True,yes
scene_14708,8,True,yes
scene_10628,8,True,yes
scene_11959,8,True,yes
scene_10548,8,False,yes
scene_14319,8,True,yes
scene_10905,8,False,yes
scene_13541,6,True,yes
scene_12456,6,True,yes
scene_14748,8,True,yes
scene_14666,6,False,yes
scene_12822,7,True,yes
scene_12452,8,True,yes
scene_12715,7,True,yes
scene_11257,8,False,no
scene_11907,7,False,no
scene_10485,8,True,yes
scene_14399,8,True,yes
scene_13359,8,True,yes
scene_11473,7,True,yes
scene_14910,8,True,yes
scene_10046,7,True,yes
scene_12347,8,True,yes
scene_14227,8,True,yes
scene_11237,8,True,yes
scene_13253,7,True,yes
scene_11094,7,True,yes
scene_11830,7,True,yes
scene_10965,8,True,yes
scene_14548,8,True,yes
scene_11069,8,False,no
scene_10027,8,False,no
scene_13734,8,True,no
scene_11326,7,True,yes
scene_12500,6,True,yes
scene_10576,7,False,yes
scene_14655,8,True,yes
scene_10391,8,True,yes
scene_13505,7,True,yes
scene_14956,8,False,yes
scene_13010,8,False,yes
scene_14017,8,True,yes
scene_14750,7,False,no
scene_11661,7,True,yes
scene_10719,8,False,no
scene_10792,8,False,yes
scene_12326,7,True,no
scene_14228,8,False,no
scene_11381,8,True,yes
scene_13829,7,False,no
scene_12889,8,False,no
scene_11054,8,False,no
scene_11880,7,True,yes
scene_13823,8,False,yes
scene_11355,8,True,yes
scene_10462,8,True,yes
scene_10790,8,True,yes
scene_13126,7,False,yes
scene_11918,8,False,no
scene_12665,8,True,yes
scene_10550,7,True,yes
scene_12848,7,True,yes
scene_12598,7,True,yes
scene_14638,8,True,yes
scene_11862,7,False,no
scene_14212,7,True,yes
scene_11373,8,False,yes
scene_14257,6,True,yes
scene_12946,6,False,no
scene_12327,8,False,no
scene_14824,8,True,yes
scene_10037,8,True,yes
scene_10153,7,False,no
scene_13928,8,False,yes
scene_14136,8,True,yes
scene_12030,8,True,yes
scene_13764,7,True,yes
scene_10148,7,False,no
scene_10721,7,True,yes
scene_11712,8,False,yes
scene_13009,8,True,yes
scene_14924,8,True,yes
scene_12192,7,False,no
scene_14050,7,False,no
scene_13537,7,True,yes
scene_10366,8,True,yes
scene_10242,7,False,no
scene_14590,8,True,no
scene_13609,8,False,no
scene_11177,8,False,no
scene_10817,6,True,yes
scene_14703,8,True,yes
scene_14914,8,True,no
scene_11667,7,True,no
scene_10647,7,True,yes
scene_12255,8,False,yes
scene_13089,8,False,no
scene_14623,7,True,yes
scene_14008,8,False,no
scene_11935,7,False,yes
scene_14758,5,True,yes
scene_11693,8,True,yes
scene_14728,6,False,no
scene_13482,8,True,yes
scene_10954,8,True,no
scene_14204,8,True,yes
scene_13991,8,False,no
scene_13021,8,False,yes
scene_10994,7,False,no
scene_10981,8,False,no
scene_12404,7,False,yes
scene_10448,7,False,no
scene_13440,6,False,no
scene_11113,7,False,no
scene_12303,8,True,yes
scene_11111,7,True,no
scene_12207,4,False,yes
scene_14939,7,False,yes
scene_14668,8,False,yes
scene_11963,8,False,no
scene_11051,7,True,yes
scene_13325,8,False,no
scene_11419,7,True,yes
scene_12799,8,True,yes
scene_14645,8,True,yes
scene_14813,8,False,no
scene_12860,7,False,yes
scene_13363,8,True,yes
scene_14883,8,True,yes
scene_13830,7,True,yes
scene_14736,6,False,no
scene_12988,8,False,yes
scene_13407,8,True,yes
scene_13074,7,True,yes
scene_13561,8,True,yes
scene_11121,7,False,yes
scene_12296,7,False,no
scene_11429,7,False,no
scene_11966,7,False,yes
scene_14960,8,False,no
scene_12003,8,True,yes
scene_13020,8,True,yes
scene_11184,8,True,no
scene_11220,8,True,yes
scene_10922,5,False,no
scene_14255,8,True,yes
scene_13618,8,False,yes
scene_11143,8,False,no
scene_11010,8,False,yes
scene_10788,8,True,yes
scene_12745,7,True,yes
scene_13804,8,False,yes
scene_11083,7,True,yes
scene_11452,8,False,yes
scene_12238,7,False,no
scene_11403,7,False,no
scene_12184,7,False,yes
scene_13968,8,True,yes
scene_14345,8,True,yes
scene_11286,8,True,yes
scene_13182,7,True,yes
scene_14898,7,False,no
scene_14478,8,False,no
scene_14490,8,True,yes
scene_13532,7,True,yes
scene_10850,8,False,no
scene_12125,8,False,no
scene_10566,7,False,no
scene_10255,7,True,yes
scene_14350,7,False,yes
scene_12505,7,True,yes
scene_13862,7,True,yes
scene_11681,7,False,yes
scene_12743,7,False,yes
scene_11692,7,True,yes
scene_10621,7,True,yes
scene_11716,8,True,yes
scene_11285,7,False,no
scene_14441,8,False,no
scene_13087,7,True,yes
scene_10782,8,False,yes
scene_14343,8,True,yes
scene_12346,7,False,no
scene_10129,8,False,yes
scene_10993,7,True,yes
scene_10606,7,True,yes
scene_13428,8,True,yes
scene_14798,7,False,no
scene_14722,8,False,no
scene_12148,8,True,yes
scene_10699,7,True,yes
scene_11968,8,False,yes
scene_13103,6,False,no
scene_13559,8,True,yes
scene_10933,8,False,no
scene_12366,5,True,yes
scene_12370,8,False,no
scene_11088,8,True,no
scene_11944,8,False,no
scene_13064,8,True,yes
scene_13117,7,True,yes
scene_14909,7,True,yes
scene_11261,8,True,yes
scene_14129,8,False,no
scene_12765,7,True,yes
scene_10449,7,True,yes
scene_11357,8,True,yes
scene_11509,7,True,yes
scene_10068,8,False,yes
scene_11946,8,True,yes
scene_11228,8,True,no
scene_12306,6,False,no
scene_14996,7,False,no
scene_12181,6,True,yes
scene_12088,8,False,no
scene_12078,7,True,yes
scene_11378,8,False,no
scene_13667,8,False,no
scene_13951,7,True,yes
scene_14630,7,False,no
scene_11610,6,False,yes
scene_14237,8,False,no
scene_14609,8,False,no
scene_14301,8,False,no
scene_12951,8,False,yes
scene_13791,8,True,yes
scene_13597,7,True,yes
scene_14263,8,True,yes
scene_10611,8,True,yes
scene_13945,7,False,yes
scene_12128,7,False,no
scene_11941,8,False,no
scene_13799,7,True,yes
scene_14719,6,False,no
scene_14848,8,False,yes
scene_12676,7,False,no
scene_10164,8,False,no
scene_12049,7,True,yes
scene_11645,7,True,yes
scene_12086,8,True,no
scene_14284,8,False,yes
scene_13942,7,True,yes
scene_14059,7,True,yes
scene_11498,7,True,yes
scene_14344,8,True,yes
scene_12970,8,False,no
scene_11529,7,True,yes
scene_11614,7,True,yes
scene_12722,8,True,yes
scene_10528,7,False,no
scene_10487,6,True,yes
scene_12503,8,True,yes
scene_14047,8,False,no
scene_13760,8,True,yes
scene_13234,8,True,yes
scene_11845,7,False,no
scene_12066,8,False,no
scene_14596,5,True,yes
scene_13641,8,False,yes
scene_11183,8,True,yes
scene_14653,8,False,no
scene_11485,7,False,no
scene_10798,8,False,yes
scene_12302,7,False,yes
scene_12336,7,False,no
scene_10209,7,True,yes
scene_13385,7,False,yes
scene_13790,7,True,yes
scene_12679,8,False,yes
scene_11652,7,False,yes
scene_13833,6,True,yes
scene_14781,8,False,yes
scene_10549,8,False,yes
scene_11766,7,False,yes
scene_10441,7,False,no
scene_14269,7,True,no
scene_14348,8,False,yes
scene_14904,7,False,no
scene_11928,8,True,yes
scene_12680,7,False,no
scene_12448,7,True,yes
scene_12028,8,False,no
scene_11153,8,True,yes
scene_12721,8,True,yes
scene_10199,5,False,yes
scene_13579,8,True,yes
scene_12390,8,False,yes
scene_13615,7,False,no
scene_13977,8,True,yes
scene_13162,6,False,no
scene_14534,8,False,no
scene_11611,8,True,yes
scene_10368,8,False,no
scene_14875,8,False,yes
scene_13835,8,False,no
scene_13451,7,True,yes
scene_12043,8,False,yes
scene_14220,8,False,yes
scene_12109,7,False,no
scene_12041,7,True,yes
scene_10653,6,True,yes
scene_13740,7,False,no
scene_13776,8,True,yes
scene_12367,6,False,no
scene_14384,8,False,no
scene_10655,8,False,yes
scene_11017,8,True,yes
scene_11713,7,True,yes
scene_13090,8,False,yes
scene_11574,8,True,yes
scene_11189,7,True,yes
scene_14792,7,False,no
scene_10397,8,False,yes
scene_10578,7,False,no
scene_11016,7,False,yes
scene_14215,8,False,no
scene_13702,8,False,yes
scene_10502,8,True,yes
scene_11911,7,False,no
scene_13940,7,False,no
scene_13421,6,True,yes
scene_10435,7,True,yes
scene_14110,7,True,yes
scene_12110,8,False,yes
scene_14694,7,False,no
scene_14261,7,True,yes
scene_13599,8,True,yes
scene_11415,8,False,no
scene_14971,7,True,yes
scene_13593,7,True,yes
scene_14406,8,True,yes
scene_12485,8,False,no
scene_11394,8,False,yes
scene_10836,8,True,yes
scene_11903,8,False,no
scene_11984,7,False,no
scene_14240,8,False,yes
scene_11801,8,False,yes
scene_14073,7,True,yes
scene_14181,7,True,yes
scene_10298,7,True,yes
scene_14206,8,True,yes
scene_11219,8,True,yes
scene_12928,8,True,yes
scene_11004,8,False,yes
scene_11979,8,True,yes
scene_13795,8,True,yes
scene_12630,8,False,no
scene_11187,8,False,no
scene_12956,7,False,yes
scene_12569,8,False,yes
scene_12040,8,True,yes
scene_10124,8,False,no
scene_13070,8,True,yes
scene_13185,7,True,yes
scene_13048,7,True,yes
scene_12344,8,False,yes
scene_10864,8,True,yes
scene_12668,8,True,yes
scene_11085,8,True,no
scene_12363,8,True,yes
scene_12628,7,False,yes
scene_13450,7,False,yes
scene_10332,8,False,no
scene_10116,8,False,no
scene_13296,8,True,yes
scene_14664,7,True,yes
scene_11383,7,True,yes
scene_13405,7,True,yes
scene_14762,8,False,yes
scene_13657,8,True,yes
scene_14324,8,False,no
scene_13367,7,False,no
scene_12379,8,False,no
scene_12425,8,False,yes
scene_10691,8,True,yes
scene_12626,7,False,no
scene_12059,8,False,yes
scene_13216,7,False,yes
scene_14037,8,False,no
scene_12517,8,True,yes
scene_13323,8,False,no
scene_12561,7,False,yes
scene_10513,7,True,yes
scene_13000,7,True,yes
scene_12257,8,True,yes
scene_12602,8,False,no
scene_10805,8,False,no
scene_13698,8,False,yes
scene_12960,8,False,no
scene_14083,8,True,yes
scene_12126,8,False,no
scene_11418,8,True,no
scene_10924,8,False,yes
scene_11322,8,True,yes
scene_14121,7,False,no
scene_10675,8,True,no
scene_11246,8,False,no
scene_13352,8,False,yes
scene_12123,6,False,no
scene_10509,8,False,no
scene_14585,7,False,no
scene_14510,8,False,yes
scene_14292,8,False,no
scene_13231,7,False,no
scene_10746,8,True,yes
scene_12408,7,False,no
scene_12621,7,True,yes
scene_13610,8,False,yes
scene_10526,8,True,yes
scene_11412,8,True,yes
scene_12120,7,False,no
scene_12787,8,False,no
scene_11909,7,False,no
scene_11844,7,True,no
scene_12872,7,True,yes
scene_12632,8,False,no
scene_11299,7,True,yes
scene_10514,7,True,yes
scene_13956,8,False,no
scene_13933,8,True,yes
scene_11678,7,False,no
scene_13171,7,False,yes
scene_12154,6,True,yes
scene_13005,8,True,no
scene_12896,7,True,yes
scene_14620,7,True,no
scene_13254,8,False,no
scene_10353,8,False,no
scene_12879,7,True,yes
scene_10532,7,False,yes
scene_12260,8,True,yes
scene_11915,7,True,yes
scene_11512,7,True,yes
scene_12345,8,True,yes
scene_13036,8,False,yes
scene_11479,7,True,yes
scene_14537,7,True,yes
scene_13344,7,True,yes
scene_10970,7,True,yes
scene_13533,7,True,yes
scene_14288,8,False,yes
scene_10498,8,False,no
scene_13547,8,False,no
scene_12084,8,False,no
scene_11481,8,False,yes
scene_14975,7,True,yes
scene_14107,8,False,no
scene_14990,7,False,no
scene_11229,7,False,no
scene_11190,8,False,no
scene_12221,7,False,yes
scene_12253,8,True,no
scene_10265,7,True,yes
scene_14234,8,True,yes
scene_12737,7,True,yes
scene_11310,6,False,no
scene_12795,7,True,yes
scene_10359,8,True,yes
scene_11824,7,True,yes
scene_10708,8,False,yes
scene_13313,7,True,yes
scene_13316,8,True,yes
scene_13781,8,True,yes
scene_10503,7,False,yes
scene_14692,7,True,yes
scene_14346,7,False,no
scene_14321,7,False,no
scene_11170,7,True,yes
scene_12507,8,True,yes
scene_10879,7,True,yes
scene_11828,7,False,no
scene_11067,8,False,yes
scene_14700,7,False,no
scene_14807,8,False,no
scene_14057,6,False,yes
scene_11586,8,False,yes
scene_12121,8,False,no
scene_14625,8,True,yes
scene_14315,7,False,yes
scene_10106,7,True,yes
scene_10465,7,False,no
scene_14953,8,False,no
scene_13538,7,False,no
scene_12661,8,True,yes
scene_11288,7,False,yes
scene_14495,8,True,yes
scene_14767,8,True,yes
scene_12169,7,False,yes
scene_13099,7,True,yes
scene_14539,8,False,yes
scene_13308,8,True,yes
scene_13057,8,True,yes
scene_11524,8,True,yes
scene_13778,8,True,yes
scene_13295,8,True,yes
scene_12783,8,False,yes
scene_10629,7,True,yes
scene_13290,7,True,yes
scene_10132,7,False,no
scene_12324,8,True,no
scene_11569,8,False,yes
scene_11484,6,True,yes
scene_11501,8,False,yes
scene_12643,7,False,no
scene_10967,7,True,yes
scene_10275,7,False,no
scene_14075,7,False,yes
scene_10142,8,True,yes
scene_11795,8,False,no
scene_13457,7,True,yes
scene_12489,8,True,yes
scene_14211,8,False,no
scene_13652,7,False,yes
scene_10656,8,True,yes
scene_12784,7,True,yes
scene_12102,8,True,yes
scene_14796,7,False,no
scene_11664,8,True,no
scene_12612,7,False,no
scene_12751,8,False,yes
scene_10307,7,False,no
scene_10234,7,False,yes
scene_13731,8,False,no
scene_13925,8,False,no
scene_11782,6,False,yes
scene_13919,8,True,yes
scene_11445,8,True,yes
scene_13415,8,True,yes
scene_11832,7,True,yes
scene_11440,6,True,yes
scene_11819,8,False,no
scene_12827,8,False,yes
scene_10683,7,True,yes
scene_11746,7,False,yes
scene_12941,8,False,no
scene_14906,8,False,yes
scene_14598,8,False,yes
scene_11256,7,False,yes
scene_11211,8,True,yes
scene_13961,8,False,yes
scene_13892,7,True,yes
scene_10327,8,False,yes
scene_13134,8,True,no
scene_11316,7,False,no
scene_11204,8,True,yes
scene_12235,8,True,yes
scene_10740,8,True,yes
scene_13353,8,True,yes
scene_13431,8,True,yes
scene_13983,7,True,yes
scene_11739,8,True,yes
scene_10338,8,True,yes
scene_14494,7,False,no
scene_12127,7,False,no
scene_14698,8,True,yes
scene_13433,8,False,no
scene_12836,7,True,yes
scene_14611,7,True,no
scene_14524,6,False,yes
scene_13602,6,False,no
scene_13987,8,True,yes
scene_14028,8,True,yes
scene_11639,8,False,no
scene_11790,8,False,yes
scene_11508,7,False,yes
scene_10510,8,False,no
scene_13516,8,False,no
scene_14071,7,False,no
scene_12686,8,False,yes
scene_13073,7,False,no
scene_14636,8,True,yes
scene_11172,8,True,yes
scene_10783,8,True,yes
scene_12650,8,False,yes
scene_10149,8,False,yes
scene_11038,6,True,yes
scene_14619,7,True,yes
scene_12225,7,False,no
scene_14520,8,True,no
scene_12112,8,False,yes
scene_13236,8,False,yes
scene_14794,7,True,yes
scene_10171,8,True,yes
scene_13143,7,True,yes
scene_10179,8,False,yes
scene_10826,8,True,yes
scene_14334,6,True,yes
scene_14076,7,False,no
scene_11875,8,False,yes
scene_12934,7,True,yes
scene_13801,6,True,yes
scene_14805,8,True,yes
scene_10747,8,True,yes
scene_12588,7,True,yes
scene_14141,7,True,yes
scene_12850,7,False,yes
scene_11904,8,True,yes
scene_12806,8,False,no
scene_14838,8,True,yes
scene_13841,8,True,yes
scene_14199,6,False,no
scene_12237,8,True,yes
scene_13904,8,False,yes
scene_10181,7,False,yes
scene_10547,8,True,yes
scene_11362,7,True,yes
scene_13013,7,True,yes
scene_12384,8,False,no
scene_13658,8,False,yes
scene_13890,8,False,no
scene_12692,7,False,no
scene_13004,7,True,yes
scene_10988,8,True,yes
scene_11413,8,True,yes
scene_10276,8,False,no
scene_14582,8,True,yes
scene_10066,7,False,no
scene_11039,8,False,no
scene_11530,8,True,yes
scene_11585,8,False,no
scene_12604,8,False,no
scene_13172,8,True,yes
scene_11926,7,False,no
scene_11600,7,True,yes
scene_14327,7,True,yes
scene_12270,7,True,yes
scene_13194,7,True,yes
scene_13317,8,False,no
scene_12229,7,False,no
scene_13676,8,False,no
scene_10277,6,True,yes
scene_11478,8,False,yes
scene_12145,8,True,yes
scene_10350,7,True,yes
scene_12739,8,True,yes
scene_14613,7,True,yes
scene_14986,7,True,yes
scene_11707,7,True,yes
scene_12338,7,False,yes
scene_10986,8,False,no
scene_11446,8,True,no
scene_12519,8,False,no
scene_10006,6,False,yes
scene_13408,8,False,no
scene_11194,7,True,yes
scene_10589,8,True,yes
scene_14032,7,False,yes
scene_10991,7,True,yes
scene_12356,8,True,yes
scene_12111,8,True,yes
scene_12589,7,True,no
scene_10067,6,False,yes
scene_12196,8,True,yes
scene_14859,8,False,yes
scene_12048,8,True,no
scene_14768,4,False,yes
scene_14804,6,True,yes
scene_11873,7,False,no
scene_12552,8,True,yes
scene_13950,7,False,yes
scene_14040,8,False,no
scene_10977,8,False,yes
scene_10195,8,False,yes
scene_14731,7,False,no
scene_11234,5,False,yes
scene_10974,7,True,no
scene_11181,7,True,yes
scene_10456,8,False,no
scene_14415,8,True,no
scene_12162,7,False,yes
scene_12494,8,True,yes
scene_13660,8,False,no
scene_14279,7,True,no
scene_10613,8,False,no
scene_10884,7,True,yes
scene_13356,7,True,yes
scene_10077,8,False,no
scene_10324,8,False,no
scene_14113,8,True,yes
scene_12521,7,True,yes
scene_11838,8,False,no
scene_13156,7,True,yes
scene_12891,8,True,yes
scene_14592,8,True,yes
scene_12853,8,False,no
scene_11936,7,False,yes
scene_13535,6,True,no
scene_10156,8,True,yes
scene_13199,8,True,yes
scene_10599,7,True,yes
scene_11374,8,True,yes
scene_14676,8,False,yes
scene_12929,7,True,no
scene_13765,7,False,no
scene_11306,7,False,yes
scene_14281,8,False,no
scene_10920,7,False,no
scene_13995,8,True,no
scene_13475,7,True,yes
scene_14152,7,False,yes
scene_10966,7,False,no
scene_11532,8,True,yes
scene_12057,8,False,no
scene_11624,8,True,yes
scene_10218,8,False,no
scene_13767,7,False,no
scene_10109,7,True,yes
scene_13366,8,True,yes
scene_11848,7,True,yes
scene_10910,7,True,no
scene_13499,8,True,yes
scene_14985,8,True,yes
scene_10604,4,False,yes
scene_13668,7,True,yes
scene_14135,8,True,yes
scene_11118,7,False,yes
scene_14721,6,True,yes
scene_13127,7,False,no
scene_10343,7,False,yes
scene_13164,7,True,yes
scene_14454,6,True,yes
scene_12114,8,False,no
scene_12915,6,False,no
scene_14265,8,False,yes
scene_14481,7,False,no
scene_11521,8,False,yes
scene_14320,8,True,yes
scene_12627,8,False,yes
scene_10213,8,False,yes
scene_14751,7,True,yes
scene_14837,8,False,yes
scene_14282,7,True,yes
scene_10818,8,False,no
scene_10664,8,False,no
scene_11715,8,False,yes
scene_12161,7,False,no
scene_14300,7,True,yes
scene_11565,7,True,yes
scene_11155,6,False,no
scene_14159,7,False,no
scene_14810,7,True,no
scene_14741,8,False,yes
scene_13250,6,False,yes
scene_11507,8,False,no
scene_13368,8,False,yes
scene_11922,7,True,yes
scene_11268,8,True,yes
scene_14295,7,False,no
scene_14148,8,False,no
scene_10959,7,True,yes
scene_13338,8,False,no
scene_13068,8,True,yes
scene_13083,8,False,no
scene_11168,6,True,yes
scene_14980,8,True,yes
scene_11820,8,True,yes
scene_10973,8,True,yes
scene_12949,8,False,yes
scene_13840,8,False,yes
scene_11493,7,False,yes
scene_13566,8,False,yes
scene_14094,8,False,no
scene_14502,8,True,yes
scene_13560,7,False,no
scene_10679,8,True,yes
scene_13713,7,False,yes
scene_13160,7,False,no
scene_14046,8,False,no
scene_10741,8,True,yes
scene_10665,8,True,yes
scene_10632,7,False,no
scene_11544,8,False,yes
scene_13626,8,False,yes
scene_10537,6,True,yes
scene_13395,7,True,yes
scene_14130,8,True,yes
scene_11380,7,False,no
scene_14654,7,True,yes
scene_13312,7,True,yes
scene_13217,7,True,yes
scene_13027,7,True,yes
scene_12211,7,False,no
scene_13159,8,False,no
scene_12080,8,True,yes
scene_14759,8,False,yes
scene_13932,8,False,yes
scene_10316,7,True,yes
scene_14475,7,False,no
scene_14684,7,True,yes
scene_10928,8,False,no
scene_10787,8,True,yes
scene_11992,7,True,yes
scene_13140,7,False,no
scene_11400,8,True,yes
scene_10878,7,True,yes
scene_13517,8,True,yes
scene_13513,7,True,yes
scene_13805,7,True,yes
scene_10074,8,True,yes
scene_13601,8,False,yes
scene_12083,7,True,yes
scene_11735,8,False,no
scene_13777,8,False,no
scene_13279,8,True,yes
scene_10383,8,False,yes
scene_12157,7,False,no
scene_12809,7,True,yes
scene_14270,8,False,no
scene_14244,8,False,yes
scene_13850,8,False,yes
scene_10524,8,True,no
scene_13710,8,True,no
scene_13653,8,True,yes
scene_11543,8,True,no
scene_12290,6,True,yes
scene_14737,8,True,yes
scene_13483,8,False,yes
scene_12905,7,True,yes
scene_12438,8,False,no
scene_10529,8,True,yes
scene_11606,8,False,no
scene_14586,7,False,no
scene_12862,8,True,yes
scene_12688,8,False,no
scene_13381,7,False,no
scene_11433,7,False,no
scene_10580,7,True,yes
scene_14084,8,False,no
scene_12387,8,True,yes
scene_10333,7,True,yes
scene_11366,7,True,yes
scene_10616,7,False,no
scene_12469,6,True,yes
scene_13549,8,True,yes
scene_12966,7,False,yes
scene_11033,5,True,yes
scene_11164,7,False,no
scene_11584,7,True,yes
scene_12780,7,True,yes
scene_12286,6,True,yes
scene_10388,8,True,no
scene_14436,7,False,no
scene_13636,8,False,no
scene_11371,8,False,yes
scene_12652,8,True,yes
scene_14296,7,True,yes
scene_13235,8,False,no
scene_13680,7,True,yes
scene_12449,7,False,no
scene_12782,8,True,yes
scene_11386,8,True,yes
scene_13174,8,True,no
scene_11675,7,False,no
scene_11587,8,True,yes
scene_11159,8,True,yes
scene_11528,7,True,yes
scene_11491,7,False,no
scene_10651,8,True,yes
scene_12498,7,True,yes
scene_12142,8,True,yes
scene_13384,8,False,no
scene_14920,8,True,yes
scene_11794,8,False,yes
scene_12900,8,True,yes
scene_11015,7,False,no
scene_14450,7,False,no
scene_10707,8,False,no
scene_12647,8,False,no
scene_14408,8,False,no
scene_10345,8,False,yes
scene_12927,6,False,yes
scene_11407,7,True,yes
scene_10424,7,False,no
scene_11846,8,False,yes
scene_10253,8,True,yes
scene_14763,6,True,yes
scene_12054,7,False,yes
scene_11949,8,False,yes
scene_14677,7,True,yes
scene_11317,8,True,yes
scene_10772,7,False,yes
scene_12670,8,True,yes
scene_12342,8,True,yes
scene_11843,7,False,no
scene_10168,7,False,yes
scene_13578,7,False,no
scene_13246,8,False,yes
scene_14936,8,True,yes
scene_12378,8,False,yes
scene_11896,8,True,yes
scene_11575,8,True,yes
scene_12077,8,False,no
scene_12434,8,True,yes
scene_13662,7,False,yes
scene_13832,6,True,yes
scene_14194,7,False,yes
scene_10314,8,True,yes
scene_11176,7,True,yes
scene_14266,7,True,yes
scene_10233,8,True,yes
scene_10154,8,True,yes
scene_13665,8,False,no
scene_11892,8,False,yes
scene_11272,7,True,yes
scene_10303,8,True,yes
scene_13552,7,True,yes
scene_11442,8,False,no
scene_10230,7,True,yes
scene_14551,8,False,yes
scene_11126,7,True,yes
scene_13999,8,True,yes
scene_11241,7,True,yes
scene_12587,7,True,yes
scene_11812,8,True,yes
scene_14473,7,False,no
scene_10279,7,False,yes
scene_11802,8,True,yes
scene_10619,8,False,no
scene_11295,7,False,no
scene_14576,8,True,yes
scene_14647,8,False,no
scene_12559,7,False,yes
scene_13800,8,True,yes
scene_12634,7,False,no
scene_14222,8,True,yes
scene_12791,7,False,no
scene_11839,8,False,no
scene_13880,7,False,yes
scene_14962,8,True,yes
scene_12310,7,False,no
scene_13479,7,False,yes
scene_11901,7,True,yes
scene_12024,6,True,yes
scene_12573,8,True,yes
scene_13167,8,False,no
scene_10726,8,True,yes
scene_13845,7,False,no
scene_12685,7,False,yes
scene_13111,7,False,no
scene_14938,8,False,no
scene_10627,8,False,yes
scene_12468,7,True,yes
scene_10711,7,False,yes
scene_10809,7,False,yes
scene_11049,8,True,yes
scene_10600,7,True,yes
scene_10422,7,False,no
scene_13753,8,False,yes
scene_13708,8,False,yes
scene_13341,7,True,yes
scene_12644,8,True,yes
scene_13357,8,True,yes
scene_12981,8,False,yes
scene_11439,8,True,yes
scene_11432,7,True,yes
scene_13181,7,True,yes
scene_14786,7,True,yes
scene_12089,6,True,no
scene_14184,7,True,yes
scene_10468,5,False,yes
scene_13501,8,False,yes
scene_12091,7,False,no
scene_10312,8,False,yes
scene_10689,7,True,yes
scene_13193,7,True,yes
scene_11365,7,False,no
scene_13663,7,False,yes
scene_14635,8,False,yes
scene_14317,7,False,no
scene_11271,8,True,yes
scene_13926,8,False,yes
scene_10322,8,False,no
scene_12147,8,True,yes
scene_11641,8,False,no
scene_12413,7,False,no
scene_11785,8,True,yes
scene_10997,7,False,yes
scene_10434,8,False,no
scene_11789,4,True,yes
scene_10360,8,True,yes
scene_13669,7,False,no
scene_12826,7,True,yes
scene_11885,7,True,yes
scene_12532,8,False,no
scene_14260,8,True,yes
scene_10704,7,False,no
scene_11331,7,False,no
scene_10085,8,False,yes
scene_11660,8,False,no
scene_13847,7,True,yes
scene_14710,8,True,no
scene_11711,8,False,no
scene_12623,8,True,yes
scene_14332,7,True,yes
scene_11657,7,False,no
scene_12349,7,True,yes
scene_11759,7,True,yes
scene_12359,8,False,yes
scene_14232,8,False,no
scene_10318,8,False,no
scene_11884,8,False,no
scene_14695,7,False,yes
scene_11787,8,True,yes
scene_10173,8,False,no
scene_13041,8,False,yes
scene_11627,7,False,no
scene_14637,7,False,no
scene_14617,7,True,no
scene_13305,7,False,no
scene_12738,7,False,no
scene_13416,8,False,yes
scene_12289,7,True,yes
scene_12050,8,True,yes
scene_13907,7,True,yes
scene_14304,8,False,yes
scene_12182,8,True,yes
scene_14571,8,True,yes
scene_10530,7,False,yes
scene_13870,8,True,yes
scene_14966,7,True,yes
scene_14822,4,True,yes
scene_12038,7,True,yes
scene_13445,8,False,yes
scene_10492,8,False,yes
scene_13806,8,False,yes
scene_11186,7,True,yes
scene_11047,7,False,no
scene_13132,8,False,no
scene_14873,8,True,yes
scene_13531,8,False,yes
scene_10866,8,True,no
scene_11235,8,False,no
scene_14964,8,False,no
scene_10031,7,True,yes
scene_10224,7,False,yes
scene_12455,8,False,yes
scene_11619,8,False,yes
scene_10904,8,False,yes
scene_10186,7,False,no
scene_11264,8,True,yes
scene_14841,8,False,yes
scene_12159,7,True,yes
scene_14311,8,True,yes
scene_12430,7,True,yes
scene_14776,6,False,no
scene_12779,8,False,no
scene_11161,7,True,yes
scene_10455,8,True,yes
scene_11761,7,True,yes
scene_11414,8,True,no
scene_10467,6,False,no
scene_12099,7,True,yes
scene_13094,8,True,no
scene_10883,7,False,no
scene_14119,7,False,yes
scene_11697,7,False,no
scene_11811,6,False,no
scene_13906,8,False,no
scene_14375,8,True,yes
scene_11737,7,True,yes
scene_12713,6,False,yes
scene_11815,8,True,no
scene_11115,7,False,no
scene_10334,8,False,no
scene_12762,8,True,yes
scene_14693,7,True,yes
scene_12531,8,False,no
scene_14104,6,False,no
scene_14042,8,True,no
scene_10638,8,False,no
scene_10215,8,True,no
scene_10347,8,True,yes
scene_12443,8,True,yes
scene_14527,7,True,yes
scene_13183,8,False,no
scene_14000,8,False,no
scene_12957,7,False,yes
scene_11277,7,False,yes
scene_11516,8,True,yes
scene_10645,6,True,yes
scene_11397,7,True,yes
scene_13623,8,True,yes
scene_11720,7,False,yes
scene_11541,7,True,yes
scene_10882,6,False,yes
scene_14687,6,False,no
scene_13058,8,True,yes
scene_13735,8,True,no
scene_10125,8,False,no
scene_13632,8,False,yes
scene_14369,8,False,yes
scene_14808,8,False,no
scene_10285,7,True,yes
scene_11642,8,False,yes
scene_12693,8,False,yes
scene_12320,8,True,yes
scene_14144,8,True,yes
scene_10744,8,False,no
scene_10025,8,True,yes
scene_11438,7,False,no
scene_11392,7,True,yes
scene_13884,8,True,yes
scene_13124,8,True,yes
scene_12880,8,False,yes
scene_11120,8,True,yes
scene_10739,7,False,yes
scene_14440,8,False,yes
scene_11096,8,True,yes
scene_12842,7,False,no
scene_13400,5,True,yes
scene_12695,8,False,yes
scene_12495,7,True,no
scene_10107,8,True,yes
scene_12281,8,False,no
scene_12633,8,True,yes
scene_13813,7,False,no
scene_12514,8,True,yes
scene_12547,8,False,no
scene_13355,8,False,yes
scene_14515,8,False,no
scene_12298,8,False,yes
scene_14067,8,True,yes
scene_11758,7,False,yes
scene_13309,8,False,no
scene_10927,8,False,yes
scene_12352,7,True,yes
scene_11142,8,True,yes
scene_13125,6,True,yes
scene_10471,7,False,yes
scene_11506,7,True,yes
scene_13574,8,True,yes
scene_13944,5,False,yes
scene_11435,8,True,yes
scene_13814,8,False,no
scene_13649,7,True,yes
scene_10919,6,False,yes
scene_11976,8,True,yes
scene_14594,7,False,no
scene_10634,7,False,no
scene_14860,6,True,yes
scene_12079,8,False,no
scene_12368,8,True,yes
scene_10425,6,True,yes
scene_14501,8,True,yes
scene_11280,8,False,no
scene_12460,8,False,yes
scene_13960,6,False,no
scene_14381,8,True,yes
scene_12955,8,False,no
scene_13558,8,False,no
scene_11733,7,False,no
scene_13075,7,False,yes
scene_12727,7,True,yes
scene_11449,7,True,yes
scene_14095,8,False,no
scene_13739,8,True,yes
scene_12746,7,True,yes
scene_11351,8,False,yes
scene_14349,8,False,no
scene_12301,7,True,yes
scene_12403,8,False,no
scene_10245,7,False,yes
scene_14183,8,False,no
scene_13700,8,True,yes
scene_13328,7,True,yes
scene_11527,7,True,yes
scene_13028,8,True,yes
scene_13051,7,True,yes
scene_10396,7,True,yes
scene_11769,8,False,yes
scene_10382,7,True,yes
scene_10349,7,True,yes
scene_14455,8,False,yes
scene_10374,8,True,yes
scene_10274,8,True,yes
scene_11943,8,False,no
scene_12815,8,False,yes
scene_10626,7,True,yes
scene_11534,8,True,yes
scene_14632,7,True,yes
scene_12726,8,False,yes
scene_13595,7,False,no
scene_11749,7,True,yes
scene_11281,7,False,no
scene_10390,8,False,yes
scene_14935,8,True,yes
scene_11704,8,True,yes
scene_14397,8,True,yes
scene_11858,8,False,no
scene_13392,6,True,yes
scene_11389,7,True,yes
scene_14678,8,True,yes
scene_10936,8,True,yes
scene_11850,8,True,yes
scene_11762,8,False,yes
scene_10881,7,True,yes
scene_13548,8,True,yes
scene_14833,7,False,no
scene_12259,8,False,no
scene_13151,8,False,yes
scene_13598,7,True,yes
scene_12667,8,True,yes
scene_14056,7,True,yes
scene_13496,7,False,yes
scene_14729,8,True,yes
scene_12876,8,True,yes
scene_13251,5,False,no
scene_13750,8,False,no
scene_11763,8,True,yes
scene_12480,8,False,yes
scene_12071,7,False,yes
scene_13779,8,True,yes
scene_14519,8,True,yes
scene_12174,7,True,yes
scene_14445,8,True,yes
scene_13818,8,True,yes
scene_14618,8,False,no
scene_12918,7,False,yes
scene_12247,7,True,yes
scene_12398,7,False,yes
scene_12594,8,True,yes
scene_12558,8,False,yes
scene_11127,8,False,no
scene_10517,8,True,yes
scene_10269,7,False,yes
scene_10608,7,False,no
scene_14203,7,True,yes
scene_11320,8,True,yes
scene_10330,7,False,yes
scene_10301,7,False,yes
scene_13755,7,False,yes
scene_12919,8,False,no
scene_12009,8,True,yes
scene_10443,8,False,no
scene_12812,8,True,yes
scene_14689,7,True,yes
scene_11646,8,True,no
scene_13473,7,False,no
scene_14844,8,True,yes
scene_10249,7,False,no
scene_10127,8,True,yes
scene_12636,7,True,yes
scene_14917,7,False,yes
scene_14466,8,True,yes
scene_12136,8,False,yes
scene_12700,8,True,yes
scene_14359,7,True,no
scene_13211,7,True,yes
scene_12980,8,False,yes
scene_10177,7,True,yes
scene_14208,8,False,no
scene_10908,8,True,yes
scene_12064,8,True,yes
scene_11852,7,True,yes
scene_14725,8,False,no
scene_12432,7,False,no
scene_12103,8,True,yes
scene_11483,8,True,yes
scene_13188,8,False,no
scene_14402,7,False,no
scene_11951,7,False,yes
scene_14988,8,False,no
scene_13056,7,True,yes
scene_14793,7,True,yes
scene_14064,8,True,yes
scene_11725,8,True,yes
scene_13040,8,False,no
scene_10520,7,False,no
scene_10214,7,True,yes
scene_11087,8,True,yes
scene_10714,8,False,no
scene_14675,7,True,yes
scene_11327,7,True,yes
scene_12412,8,True,no
scene_10975,8,False,yes
scene_13232,8,True,yes
scene_13238,8,True,yes
scene_11468,8,False,no
scene_10060,8,False,no
scene_10540,8,False,no
scene_10105,8,True,yes
scene_13551,8,False,no
scene_12709,8,True,yes
scene_10451,4,True,yes
scene_10715,8,False,no
scene_13273,8,True,yes
scene_13899,6,False,no
scene_13774,7,True,yes
scene_10533,6,True,yes
scene_10593,7,True,yes
scene_13519,7,False,yes
scene_11136,6,False,no
scene_10011,7,False,yes
scene_12442,8,False,yes
scene_13691,7,False,no
scene_13883,8,True,yes
scene_10605,6,False,no
scene_13173,7,True,yes
scene_14041,8,True,yes
scene_10955,8,False,no
scene_14070,8,True,yes
scene_13333,8,False,no
scene_10885,8,True,yes
scene_14949,8,False,no
scene_14672,8,True,yes
scene_12271,7,False,no
scene_13136,8,False,no
scene_14460,7,False,yes
scene_10281,8,True,yes
scene_14480,6,False,no
scene_12313,5,True,yes
scene_13226,8,False,no
scene_10516,7,False,no
scene_10998,8,True,yes
scene_11367,8,True,yes
scene_13225,8,True,yes
scene_10207,7,True,yes
scene_10087,6,False,yes
scene_14111,8,False,yes
scene_14992,7,True,no
scene_12629,8,False,yes
scene_10869,8,True,yes
scene_12716,7,False,no
scene_14944,8,True,yes
scene_13825,7,True,yes
scene_13378,8,True,yes
scene_13476,7,False,yes
scene_10501,7,True,yes
scene_10778,8,True,yes
scene_11131,7,False,no
scene_11631,8,True,yes
scene_10248,8,False,yes
scene_14283,8,False,yes
scene_12642,8,True,yes
scene_13696,7,False,yes
scene_14201,7,True,no
scene_11505,7,True,yes
scene_14662,7,True,yes
scene_10407,7,False,no
scene_11486,5,True,yes
scene_14644,8,True,yes
scene_10968,8,True,no
scene_11822,8,False,yes
scene_11817,8,True,yes
scene_10890,7,False,no
scene_11518,8,False,yes
scene_13947,8,False,no
scene_10134,8,False,no
scene_11146,7,False,no
scene_11672,7,True,yes
scene_12522,8,False,no
scene_12005,8,True,yes
scene_13417,8,True,no
scene_10406,8,True,yes
scene_12683,8,True,yes
scene_11700,8,True,yes
scene_14500,8,True,no
scene_14054,7,True,yes
scene_12978,8,True,yes
scene_13042,7,False,yes
scene_12406,7,False,no
scene_14931,7,True,yes
scene_14352,8,True,yes
scene_12854,7,True,yes
scene_13045,8,False,no
scene_12748,8,False,no
scene_11520,8,True,yes
scene_11859,7,False,no
scene_11592,8,False,no
scene_10556,8,True,no
scene_12202,8,False,yes
scene_14180,7,False,yes
scene_14318,8,True,yes
scene_10399,8,True,no
scene_10476,8,False,no
scene_12018,7,True,yes
scene_11247,6,False,no
scene_10152,7,True,yes
scene_10185,8,False,no
scene_10573,7,True,yes
scene_10478,7,True,yes
scene_11673,8,True,yes
scene_12660,8,False,yes
scene_13949,8,False,yes
scene_12873,8,True,no
scene_14414,8,False,no
scene_11902,7,False,no
scene_13377,7,False,no
scene_12603,6,True,yes
scene_10258,6,True,yes
scene_12653,7,True,yes
scene_10907,7,True,yes
scene_12499,8,True,yes
scene_13751,7,False,yes
scene_11344,8,True,yes
scene_12300,7,False,no
scene_14151,8,True,yes
scene_12538,7,True,no
scene_10102,8,True,yes
scene_11932,8,False,yes
scene_10958,8,False,no
scene_14442,8,True,yes
scene_14780,7,False,yes
scene_11522,8,True,yes
scene_12616,8,True,yes
scene_13371,8,True,yes
scene_11561,8,True,no
scene_12395,8,True,yes
scene_14365,8,False,no
scene_14433,7,True,yes
scene_13069,7,True,yes
scene_14339,8,False,no
scene_11510,8,True,yes
scene_11863,7,False,no
scene_10507,8,False,no
scene_12198,8,True,yes
scene_14795,8,False,yes
scene_10057,7,True,no
scene_11617,7,True,yes
scene_13241,8,False,yes
scene_13876,6,False,no
scene_13864,8,True,no
scene_14593,8,True,yes
scene_14351,8,False,yes
scene_13467,7,True,yes
scene_11628,8,False,no
scene_14039,7,True,yes
scene_12968,6,False,yes
scene_12772,8,True,yes
scene_13526,8,True,yes
scene_10925,8,False,yes
scene_13091,8,False,no
scene_10577,7,False,no
scene_10308,8,True,yes
scene_11919,7,False,no
scene_10472,8,False,no
scene_13297,8,True,yes
scene_11388,8,True,yes
scene_13568,8,True,yes
scene_13059,8,False,yes
scene_14077,7,True,yes
scene_13306,7,False,no
scene_14842,7,False,no
scene_14616,6,False,yes
scene_13746,7,True,yes
scene_11053,7,True,yes
scene_10674,7,False,no
scene_13404,7,True,yes
scene_11117,8,False,yes
scene_14089,7,False,yes
scene_12056,8,True,yes
scene_14581,7,False,yes
scene_11499,8,False,yes
scene_14145,8,False,no
scene_12210,8,False,yes
scene_13224,7,False,yes
scene_10542,8,True,yes
scene_10823,8,False,yes
scene_10720,8,True,yes
scene_11702,6,True,yes
scene_13063,8,True,yes
scene_14925,8,False,yes
scene_14832,7,False,no
scene_14165,7,False,yes
scene_10369,8,True,yes
scene_10539,6,False,no
scene_13001,7,False,no
scene_11495,8,True,yes
scene_12374,7,False,no
scene_10136,7,False,yes
scene_14976,7,False,no
scene_13233,7,False,yes
scene_11266,7,False,no
scene_10161,8,True,yes
scene_12648,7,True,no
scene_12571,8,False,yes
scene_14003,6,False,yes
scene_10398,7,True,no
scene_14704,8,False,yes
scene_10561,8,False,yes
scene_13436,8,False,no
scene_14330,8,True,yes
scene_12702,8,False,no
scene_13145,8,True,yes
scene_12954,7,True,yes
scene_13096,8,True,yes
scene_12778,8,True,yes
scene_11027,8,False,no
scene_12544,7,False,no
scene_10779,8,True,no
scene_12608,8,False,no
scene_10898,8,False,no
scene_11444,8,True,yes
scene_13287,8,False,no
scene_12487,8,True,yes
scene_10943,8,True,yes
scene_13275,7,False,no
scene_13179,7,False,no
scene_11173,7,False,yes
scene_14819,8,False,yes
scene_13706,8,True,yes
scene_13414,8,False,no
scene_12035,8,False,no
scene_13054,7,True,no
scene_12484,8,True,yes
scene_14063,8,True,yes
scene_14518,8,False,yes
scene_14907,8,False,yes
scene_13189,8,True,no
scene_12811,8,True,yes
scene_13546,8,True,yes
scene_14738,6,False,no
scene_10033,7,True,yes
scene_11125,7,True,yes
scene_11622,8,False,yes
scene_12698,7,True,yes
scene_14116,8,True,yes
scene_10089,8,True,yes
scene_11210,8,True,yes
scene_14900,7,False,no
scene_11212,8,True,no
scene_12355,7,False,yes
scene_11471,7,False,no
scene_12343,7,True,yes
scene_11563,8,True,yes
scene_10972,7,True,yes
scene_10437,6,True,yes
scene_11980,8,True,yes
scene_14488,8,False,yes
scene_14946,8,True,no
scene_10816,6,False,yes
scene_11238,8,False,no
scene_14970,8,True,yes
scene_14062,6,False,no
scene_11025,8,True,yes
scene_14106,8,False,no
scene_14333,8,False,no
scene_13943,8,True,yes
scene_12618,6,True,yes
scene_11226,6,False,no
scene_12407,8,False,no
scene_11416,8,False,yes
scene_13874,5,False,yes
scene_11810,7,True,yes
scene_10302,8,False,yes
scene_10648,6,True,yes
scene_12239,8,True,yes
scene_12777,7,True,yes
scene_11179,7,True,yes
scene_13694,7,False,yes
scene_14984,7,False,no
scene_13298,8,True,yes
scene_13684,7,True,yes
scene_10038,8,False,yes
scene_12733,7,False,yes
scene_14429,8,False,no
scene_11883,8,True,no
scene_11041,8,True,yes
scene_12613,8,False,no
scene_14299,8,True,yes
scene_10952,7,False,no
scene_10587,8,False,yes
scene_12389,7,True,yes
scene_13741,8,False,no
scene_12039,7,False,no
scene_10987,8,False,no
scene_12800,8,False,no
scene_12539,8,True,yes
scene_11567,8,True,yes
scene_13569,7,True,yes
scene_12497,8,True,yes
scene_10323,8,False,yes
scene_10718,8,True,yes
scene_10697,8,False,no
scene_10738,7,True,yes
scene_13249,8,False,yes
scene_12794,7,False,yes
scene_14289,7,True,yes
scene_11688,8,True,yes
scene_14702,8,True,yes
scene_11001,6,False,no
scene_14514,8,False,no
scene_11765,7,True,yes
scene_11536,7,True,yes
scene_11469,7,True,yes
scene_11202,7,False,no
scene_10229,8,False,no
scene_13264,8,False,yes
scene_11329,7,True,yes
scene_10188,7,False,no
scene_10118,8,False,no
scene_13703,8,False,yes
scene_11227,8,True,no
scene_12844,7,False,yes
scene_10682,8,True,no
scene_11818,8,False,no
scene_14069,8,True,yes
scene_14575,8,True,yes
scene_12885,8,True,no
scene_12596,7,False,no
scene_13116,8,True,yes
scene_10404,8,True,yes
scene_14010,5,True,yes
scene_11778,8,False,no
scene_10370,7,False,yes
scene_13060,7,False,yes
scene_10932,7,True,yes
scene_11178,7,False,no
scene_13775,6,False,yes
scene_12805,6,False,no
scene_12586,8,False,no
scene_10962,8,True,yes
scene_10280,7,False,no
scene_12530,8,False,yes
scene_10147,7,False,yes
scene_12217,7,True,yes
scene_13576,8,False,yes
scene_14507,8,True,yes
scene_13112,8,True,yes
scene_13637,8,True,yes
scene_12945,7,True,yes
scene_12568,8,False,yes
scene_14140,8,True,yes
scene_13911,8,True,yes
scene_11557,6,True,yes
scene_14610,8,False,yes
scene_13522,7,True,yes
scene_12764,7,False,no
scene_13494,7,True,yes
scene_11346,8,False,no
scene_13491,8,True,yes
scene_10328,8,False,yes
scene_12662,8,False,no
scene_14979,8,True,yes
scene_12839,8,False,no
scene_12553,8,False,yes
scene_11387,7,True,yes
scene_14686,7,False,no
scene_14479,7,False,no
scene_13203,7,True,yes
scene_11924,7,False,yes
scene_10306,7,False,no
scene_10633,6,True,yes
scene_13975,8,True,yes
scene_14416,6,True,yes
scene_14355,6,True,yes
scene_11680,7,False,yes
scene_10591,8,True,no
scene_12961,8,False,no
scene_10062,8,False,no
scene_11872,8,True,yes
scene_13732,8,True,yes
scene_12155,8,False,no
scene_10409,7,False,no
scene_11804,8,True,yes
scene_13464,7,True,yes
scene_13583,6,True,yes
scene_14419,6,False,yes
scene_13565,7,True,yes
scene_14209,8,False,no
scene_12418,8,False,yes
scene_13957,7,False,yes
scene_14657,8,False,no
scene_10518,8,False,yes
scene_10151,7,False,yes
scene_13954,8,True,yes
scene_12029,8,True,yes
scene_10624,8,True,yes
scene_14020,7,False,yes
scene_12671,8,False,yes
scene_13364,8,False,yes
scene_13248,8,False,yes
scene_12720,8,False,no
scene_14051,6,True,yes
scene_11582,8,False,no
scene_14120,8,True,yes
scene_13326,7,True,yes
scene_14123,7,False,yes
scene_12890,7,True,yes
scene_11938,8,True,no
scene_13052,8,True,yes
scene_14486,6,True,yes
scene_10178,7,True,yes
scene_11683,7,False,no
scene_13178,8,True,yes
scene_13509,7,True,no
scene_11914,8,True,yes
scene_14464,7,False,yes
scene_11957,8,True,yes
scene_11546,8,True,yes
scene_12637,8,True,yes
scene_14513,7,False,no
scene_13092,7,False,no
scene_12725,5,True,yes
scene_12829,8,False,no
scene_13970,8,True,yes
scene_13661,7,True,yes
scene_11218,7,False,yes
scene_14014,7,True,yes
scene_12446,6,True,yes
scene_12318,8,False,no
scene_14231,7,False,no
scene_12189,7,True,yes
scene_12786,7,True,yes
scene_13402,8,False,no
scene_14328,7,True,yes
scene_10572,7,False,yes
scene_11119,7,False,no
scene_11562,7,True,yes
scene_13144,8,False,no
scene_11185,7,False,no
scene_13744,8,False,no
scene_11997,8,True,yes
scene_13871,7,False,yes
scene_13955,8,True,no
scene_13406,7,True,yes
scene_12240,7,True,yes
scene_12391,7,False,yes
scene_14085,8,False,no
scene_11262,8,False,yes
scene_10963,7,True,yes
scene_13783,7,True,no
scene_10930,6,False,no
scene_14521,7,False,yes
scene_10764,7,False,no
scene_13345,6,False,yes
scene_10112,8,False,no
scene_12546,8,True,yes
scene_11298,8,False,no
scene_11961,7,True,yes
scene_10236,7,True,yes
scene_14496,8,True,yes
scene_13973,8,True,yes
scene_14679,7,False,no
scene_12360,8,False,no
scene_11074,7,False,yes
scene_14930,7,False,no
scene_14661,8,False,yes
scene_10423,8,False,yes
scene_13624,6,True,yes
scene_14086,8,True,yes
scene_12965,8,True,yes
scene_11537,8,True,yes
scene_10445,8,False,no
scene_13388,7,True,yes
scene_13787,8,True,yes
scene_10009,8,False,no
scene_13314,7,True,yes
scene_10950,8,False,no
scene_12649,8,True,yes
scene_12068,8,True,yes
scene_12577,7,True,yes
scene_10722,7,False,no
scene_13728,7,True,yes
scene_10300,7,False,no
scene_13283,7,False,no
scene_12362,8,True,yes
scene_14061,8,True,yes
scene_14612,8,False,yes
scene_12703,8,False,yes
scene_11318,8,False,yes
scene_10857,8,False,yes
scene_12631,8,True,yes
scene_12732,8,False,no
scene_14554,8,False,no
scene_12852,7,True,no
scene_13853,7,True,yes
scene_10748,7,True,yes
scene_14259,6,False,no
scene_14437,8,True,yes
scene_11487,7,False,yes
scene_14973,8,True,yes
scene_14533,8,True,yes
scene_13857,7,False,no
scene_11436,7,False,no
scene_14400,8,True,yes
scene_12208,7,False,no
scene_10169,8,True,yes
scene_14806,7,True,yes
scene_10749,7,True,yes
scene_10211,7,False,yes
scene_12052,8,False,no
scene_14852,8,False,yes
scene_13542,7,True,yes
scene_14628,8,False,yes
scene_10659,7,False,yes
scene_13589,7,True,yes
scene_14048,8,False,no
scene_14102,6,True,no
scene_12231,8,False,no
scene_13300,7,True,yes
scene_12492,8,True,yes
scene_13842,8,False,no
scene_11019,8,True,yes
scene_13600,7,False,no
scene_12365,8,True,yes
scene_14845,7,False,no
scene_11360,8,False,no
scene_10489,7,False,yes
scene_14929,8,True,yes
scene_11166,8,False,no
scene_12177,8,False,no
scene_11221,7,False,yes
scene_11842,8,False,no
scene_10941,6,True,yes
scene_14503,7,True,yes
scene_11621,8,True,no
scene_14238,8,True,yes
scene_11913,7,True,no
scene_10584,7,False,yes
scene_13722,8,False,yes
scene_12317,7,True,yes
scene_12361,8,False,no
scene_11897,7,True,yes
scene_10267,8,False,no
scene_12386,8,True,yes
scene_13852,8,False,yes
scene_14247,8,True,yes
scene_13349,7,False,yes
scene_10021,8,False,yes
scene_11283,8,False,no
scene_10615,8,True,yes
scene_11424,8,True,yes
scene_11965,8,True,yes
scene_11287,7,True,yes
scene_10666,7,True,yes
scene_12168,8,True,yes
scene_14911,7,False,no
scene_11703,8,True,yes
scene_10813,7,True,no
scene_10494,8,False,no
scene_12502,8,True,yes
scene_13515,8,True,yes
scene_12436,8,False,yes
scene_13629,6,False,yes
scene_13693,7,False,no
scene_14449,8,True,yes
scene_11849,8,False,no
scene_13412,7,False,yes
scene_10971,7,True,yes
scene_12034,6,True,yes
scene_10698,7,False,no
scene_14812,7,False,yes
scene_11223,7,True,yes
scene_11243,7,True,no
scene_10440,8,True,yes
scene_10607,7,False,no
scene_14031,8,True,yes
scene_13285,8,False,no
scene_10536,8,True,yes
scene_10935,8,True,yes
scene_13916,8,False,no
scene_12069,8,True,yes
scene_10421,8,True,yes
scene_11511,8,False,no
scene_12793,7,True,yes
scene_13611,7,False,yes
scene_13924,8,False,yes
scene_13848,7,False,no
scene_12330,8,False,no
scene_10100,8,False,yes
scene_10841,8,True,yes
scene_14024,7,False,no
scene_14393,8,False,no
scene_12394,7,False,no
scene_10447,8,False,no
scene_10372,7,False,no
scene_12248,8,False,yes
scene_11037,8,False,no
scene_10115,8,True,yes
scene_12477,8,False,no
scene_14614,7,True,yes
scene_12958,7,False,yes
scene_11864,7,False,no
scene_12427,7,True,yes
scene_11591,7,False,yes
scene_10824,7,True,yes
scene_12319,6,False,no
scene_12266,8,False,no
scene_13969,8,False,yes
scene_11773,7,False,yes
scene_14773,8,True,yes
scene_11517,7,False,yes
scene_10980,7,True,yes
scene_14915,7,True,yes
scene_11578,8,True,yes
scene_10989,8,True,yes
scene_11889,7,True,yes
scene_14877,8,True,yes
scene_12512,7,False,no
scene_12220,8,True,yes
scene_13720,8,True,yes
scene_12884,6,True,yes
scene_12711,7,False,no
scene_13488,7,True,no
scene_12818,7,False,yes
scene_14530,8,False,yes
scene_13025,8,True,yes
scene_12509,8,True,yes
scene_11994,6,False,no
scene_14432,8,False,no
scene_11816,7,True,yes
scene_12411,8,True,no
scene_10763,8,True,yes
scene_10141,8,False,yes
scene_13674,7,False,yes
scene_14023,8,False,no
scene_13903,8,False,no
scene_11969,7,True,yes
scene_14658,8,False,yes
scene_14621,6,True,yes
scene_11978,8,False,no
scene_14839,8,False,no
scene_11566,8,True,yes
scene_14235,7,True,yes
scene_10083,8,True,yes
scene_12264,7,True,yes
scene_12291,8,True,yes
scene_12790,6,True,yes
scene_12117,7,False,yes
scene_12908,6,True,yes
scene_11738,8,False,no
scene_13997,8,False,yes
scene_11490,7,False,yes
scene_12663,8,False,no
scene_14509,8,True,yes
scene_10235,8,True,yes
scene_12757,7,False,no
scene_14746,7,False,no
scene_14493,8,False,no
scene_11998,7,False,no
scene_13695,8,True,yes
scene_12285,7,False,no
scene_10710,7,False,yes
scene_12012,6,True,no
scene_12641,8,False,no
scene_12199,8,False,yes
scene_13571,7,True,yes
scene_13811,8,True,yes
scene_13963,7,True,yes
scene_12213,8,False,no
scene_14277,7,False,yes
scene_11443,7,False,yes
scene_13570,8,True,no
scene_11254,7,False,yes
scene_13769,8,False,yes
scene_12969,7,False,no
scene_13554,7,True,yes
scene_10865,7,False,yes
scene_14018,8,False,no
scene_14452,8,True,yes
scene_10103,7,True,yes
scene_12797,8,True,yes
scene_14688,8,False,no
scene_10565,7,False,no
scene_13037,8,False,no
scene_14896,8,False,yes
scene_14367,8,True,yes
scene_12846,6,False,yes
scene_10336,7,False,no
scene_14818,8,True,yes
scene_12471,8,True,yes
scene_10835,7,True,yes
scene_11990,8,False,yes
scene_10623,8,True,yes
scene_11625,7,False,yes
scene_13252,5,True,yes
scene_13076,7,False,no
scene_12556,8,True,yes
scene_10210,7,False,no
scene_14608,8,True,yes
scene_12549,8,False,no
scene_11342,8,False,yes
scene_14874,7,False,yes
scene_11375,8,True,no
scene_13023,8,True,yes
scene_12100,8,False,yes
scene_14667,6,True,yes
scene_11786,7,False,no
scene_10938,7,True,yes
scene_13882,8,False,yes
scene_11035,8,True,no
scene_11955,8,True,yes
scene_11249,8,False,yes
scene_10166,8,False,yes
scene_11634,7,True,yes
scene_14482,6,False,yes
scene_10254,8,True,yes
scene_10329,8,True,yes
scene_10563,7,True,no
scene_11837,7,False,no
scene_12868,8,True,yes
scene_10427,7,False,yes
scene_10158,8,True,yes
scene_13855,8,False,yes
scene_10671,8,True,yes
scene_12067,8,True,yes
scene_13456,7,False,no
scene_12280,7,True,yes
scene_14417,7,True,yes
scene_12766,8,True,yes
scene_12678,7,False,no
scene_13727,8,True,yes
scene_11734,8,False,no
scene_12682,7,True,yes
scene_14674,8,False,yes
scene_12132,6,False,no
scene_14498,8,True,yes
scene_11489,8,True,yes
scene_13785,7,True,yes
scene_11112,8,False,yes
scene_13514,6,True,yes
scene_10688,8,True,yes
scene_10222,8,False,yes
scene_13230,6,True,yes
scene_10220,8,True,yes
scene_14927,8,False,no
scene_11046,7,True,yes
scene_13831,8,False,no
scene_14831,8,False,yes
scene_13315,8,True,yes
scene_12755,8,False,no
scene_13187,8,True,yes
scene_10237,7,True,yes
scene_14752,8,False,yes
scene_13573,8,True,yes
scene_12236,7,False,no
scene_11798,7,False,yes
scene_14002,7,True,yes
scene_11807,8,True,yes
scene_14412,8,False,yes
scene_13435,7,False,no
scene_13196,8,True,yes
scene_12447,8,True,yes
scene_12883,8,False,no
scene_10048,8,False,yes
scene_13910,7,False,no
scene_13118,8,True,yes
scene_10160,7,False,no
scene_13192,8,True,yes
scene_13444,7,True,yes
scene_11695,7,True,yes
scene_10511,8,False,no
scene_13409,7,False,no
scene_13819,8,True,yes
scene_14448,8,False,yes
scene_12712,7,False,yes
scene_13342,8,False,no
scene_13401,6,False,yes
scene_10527,8,False,no
scene_11753,8,True,yes
scene_11252,8,True,yes
scene_13139,6,True,yes
scene_11895,8,True,yes
scene_11236,8,False,no
scene_14891,8,True,no
scene_10661,8,False,no
scene_14427,8,True,yes
scene_12620,8,False,yes
scene_12753,8,True,yes
scene_12226,6,True,yes
scene_11921,8,False,yes
scene_12341,7,True,yes
scene_10635,7,True,yes
scene_13606,7,False,no
scene_12250,8,True,yes
scene_11960,8,True,yes
scene_13972,6,False,no
scene_14273,6,True,yes
scene_12272,7,False,yes
scene_12026,8,False,yes
scene_12124,8,True,yes
scene_13689,8,False,no
scene_13891,7,False,no
scene_11304,8,False,yes
scene_13655,8,True,no
scene_13498,8,True,yes
scene_14138,8,True,yes
scene_13628,8,False,no
scene_12600,8,False,no
scene_14354,8,False,yes
scene_13809,8,True,yes
scene_11093,7,True,yes
scene_13742,7,False,no
scene_10995,8,True,yes
scene_12042,7,True,yes
scene_10412,7,True,yes
scene_13808,7,True,yes
scene_14246,8,True,no
scene_11441,8,False,yes
scene_11793,7,True,yes
scene_13485,8,False,no
scene_10874,8,True,yes
scene_10045,8,True,yes
scene_11209,8,False,yes
scene_11999,8,False,yes
scene_13276,8,False,yes
scene_14052,7,False,yes
scene_13147,8,False,yes
scene_11593,7,False,yes
scene_13398,8,False,yes
scene_13733,7,True,no
scene_10597,8,False,no
scene_13895,8,True,yes
scene_14926,7,True,yes
scene_10379,8,False,no
scene_10200,8,True,no
scene_11208,5,True,yes
scene_11632,7,False,no
scene_14816,7,False,no
scene_12543,8,True,no
scene_11925,8,False,yes
scene_10766,7,False,no
scene_12747,8,False,yes
scene_14225,8,False,yes
scene_12325,8,False,yes
scene_10695,7,False,no
scene_11391,7,False,yes
scene_13879,8,False,yes
scene_14190,7,True,yes
scene_11751,8,False,no
scene_13625,6,True,yes
scene_14646,7,False,yes
scene_13812,7,True,yes
scene_12640,7,True,yes
scene_13524,8,True,yes
scene_11722,8,True,yes
scene_12351,8,False,no
scene_12490,8,False,yes
scene_10003,7,False,no
scene_14491,8,True,yes
scene_13329,7,True,yes
scene_12466,8,True,yes
scene_11426,7,False,yes
scene_13107,7,False,no
scene_13447,8,False,yes
scene_11572,8,False,yes
scene_11043,8,True,yes
scene_14544,6,True,yes
scene_12423,8,False,yes
scene_13299,7,True,yes
scene_12673,8,True,yes
scene_13348,8,False,yes
scene_12534,7,True,yes
scene_14157,8,False,no
scene_12461,8,False,no
scene_11021,6,True,yes
scene_12572,8,True,yes
scene_12706,8,False,yes
scene_10574,7,False,no
scene_13536,8,False,no
scene_12985,7,True,yes
scene_11615,6,False,yes
scene_14413,7,False,no
scene_14262,8,True,yes
scene_10013,7,False,no
scene_13575,8,True,no
scene_10363,8,False,yes
scene_12087,8,True,yes
scene_11558,7,True,yes
scene_13157,8,False,yes
scene_10948,7,False,no
scene_14192,8,False,no
scene_13577,8,False,yes
scene_14730,6,True,yes
scene_12833,8,False,no
scene_13562,8,False,yes
scene_10889,7,True,yes
scene_10313,7,True,yes
scene_12175,7,True,yes
scene_11463,8,True,yes
scene_12140,7,False,no
scene_10945,8,True,yes
scene_10226,8,True,yes
scene_12714,6,True,yes
scene_14954,8,False,no
scene_13277,7,True,yes
scene_14176,7,False,no
scene_12878,7,False,no
scene_12287,8,True,yes
scene_10569,7,True,yes
scene_12283,7,True,yes
scene_12690,7,True,yes
scene_13267,7,False,no
scene_11583,8,False,yes
scene_10193,6,False,yes
scene_11827,7,True,yes
scene_11865,7,False,no
scene_12501,7,True,yes
scene_12866,8,True,yes
scene_13773,7,True,yes
scene_11635,8,False,no
scene_11823,7,True,yes
scene_13858,8,False,yes
scene_10317,8,True,yes
scene_13135,8,False,yes
scene_10886,7,True,yes
scene_11305,8,True,yes
scene_14872,8,False,yes
scene_12033,8,False,yes
scene_13375,8,False,yes
scene_12723,7,False,no
scene_11470,7,False,yes
scene_10203,7,True,no
scene_13380,8,True,yes
scene_11451,7,False,yes
scene_11332,6,True,yes
scene_11940,8,True,yes
scene_11267,7,True,yes
scene_14753,7,True,yes
scene_14589,8,True,yes
scene_12899,8,True,yes
scene_10843,8,True,yes
scene_12045,8,False,yes
scene_11721,7,False,no
scene_12933,8,False,no
scene_10326,8,False,yes
scene_12989,8,False,yes
scene_12526,7,True,yes
scene_10342,6,True,yes
scene_11045,7,False,no
scene_13523,8,False,yes
scene_11214,7,True,yes
scene_14529,7,True,yes
scene_13026,7,True,no
scene_10295,8,True,yes
scene_14472,8,False,no
scene_11222,7,False,no
scene_10617,7,True,yes
scene_14847,7,True,yes
scene_10079,7,False,no
scene_14597,7,True,yes
scene_13506,8,False,yes
scene_14522,7,True,yes
scene_13622,7,True,yes
scene_14854,7,False,yes
scene_12146,7,True,yes
scene_11072,7,False,no
scene_12734,8,True,yes
scene_10029,7,False,yes
scene_10361,7,True,no
scene_12267,8,False,no
scene_14895,8,True,yes
scene_10757,7,False,no
scene_10417,8,False,yes
scene_12058,8,False,yes
scene_14849,8,False,no
scene_14143,7,False,no
scene_12163,7,True,yes
scene_11668,8,False,no
scene_12810,8,True,yes
scene_11726,8,True,yes
scene_12309,7,True,yes
scene_12232,7,False,no
scene_14967,7,True,yes
scene_14876,7,True,yes
scene_10877,8,False,no
scene_10946,7,True,yes
scene_14957,7,True,yes
scene_11101,8,True,no
scene_10849,6,True,yes
scene_12453,7,True,yes
scene_14546,7,False,no
scene_10064,8,False,no
scene_14336,7,True,yes
scene_12479,8,False,no
scene_14453,8,False,yes
scene_13592,7,False,yes
scene_11293,8,False,no
scene_12335,7,False,yes
scene_13029,7,True,yes
scene_12002,5,True,yes
scene_10564,8,False,no
scene_12861,8,False,no
scene_11086,7,True,yes
scene_14743,7,False,no
scene_14147,8,False,no
scene_11747,7,True,yes
scene_14407,6,False,yes
scene_10601,8,False,yes
scene_10820,7,False,no
scene_14615,8,False,yes
scene_13757,6,False,no
scene_10076,7,False,no
scene_10595,8,False,no
scene_12591,8,True,no
scene_13748,6,True,yes
scene_12458,8,True,no
scene_11073,7,False,no
scene_13245,8,False,no
scene_12176,8,True,yes
scene_11956,7,False,yes
scene_12574,7,False,no
scene_11674,8,True,yes
scene_12137,7,True,yes
scene_12592,7,True,yes
scene_14285,7,False,no
scene_14633,8,False,no
scene_13437,8,True,yes
scene_10672,8,True,yes
scene_10325,8,True,yes
scene_12017,8,False,no
scene_14669,8,True,yes
scene_10983,8,True,no
scene_13310,8,False,yes
scene_11927,7,True,yes
scene_10557,8,False,yes
scene_10562,8,True,yes
scene_11523,6,True,no
scene_10657,7,False,yes
scene_14163,6,True,yes
scene_10466,7,False,no
scene_11290,8,False,yes
scene_14353,7,True,yes
scene_14122,8,False,yes
scene_13908,6,False,yes
scene_10411,8,False,no
scene_10469,8,False,yes
scene_12570,8,False,no
scene_10500,8,True,yes
scene_14444,8,True,yes
scene_10480,8,False,yes
scene_11784,8,False,yes
scene_12431,7,False,no
scene_11556,5,False,no
scene_11269,7,False,no
scene_13989,7,False,yes
scene_14555,8,True,yes
scene_13468,7,False,no
scene_12337,8,True,yes
scene_13730,8,True,yes
scene_12173,6,False,yes
scene_13200,6,False,no
scene_10017,7,True,yes
scene_13106,8,False,no
scene_11349,7,True,yes
scene_10481,8,False,no
scene_13288,7,False,yes
scene_11752,7,True,yes
scene_13946,7,False,yes
scene_13981,8,True,yes
scene_13332,6,False,no
scene_11363,8,False,yes
scene_11937,8,True,yes
scene_10765,7,False,yes
scene_10120,8,True,yes
scene_14431,7,True,no
scene_10415,8,True,no
scene_10803,8,False,yes
scene_14511,8,True,yes
scene_13633,7,False,no
scene_10618,7,False,no
scene_12047,7,False,no
scene_13792,8,True,yes
scene_14799,8,True,yes
scene_11504,7,False,no
scene_14989,7,False,no
scene_11149,7,False,no
scene_13678,8,True,no
scene_14396,8,False,no
scene_11559,8,False,no
scene_11570,7,False,no
scene_12037,7,False,no
scene_10896,7,False,no
scene_12781,8,False,yes
scene_13301,6,True,yes
scene_10497,8,False,no
scene_10807,8,False,yes
scene_10444,8,False,no
scene_13828,7,True,no
scene_13370,7,True,yes
scene_13472,7,False,yes
scene_12904,7,False,yes
scene_13534,8,False,no
scene_10795,7,False,yes
scene_10773,8,False,no
scene_11560,8,True,yes
scene_13337,8,True,yes
scene_13877,8,False,no
scene_11991,8,True,yes
scene_13875,8,True,yes
scene_14723,8,False,yes
scene_14680,7,True,yes
scene_11084,8,False,no
scene_14826,8,True,yes
scene_11756,7,False,yes
scene_13979,6,False,no
scene_12282,7,True,yes
scene_11950,7,True,yes
scene_14214,8,True,yes
scene_10581,8,False,yes
scene_12708,8,True,yes
scene_10257,7,False,no
scene_10553,7,False,yes
scene_11876,7,False,yes
scene_10483,7,False,no
scene_10582,8,False,yes
scene_10058,8,True,no
scene_11805,8,False,yes
scene_11886,7,True,yes
scene_14540,8,True,yes
scene_10172,8,True,yes
scene_12771,5,False,yes
scene_10525,8,False,yes
scene_11841,7,True,yes
scene_12031,8,True,yes
scene_10992,7,False,yes
scene_13701,8,True,yes
scene_14242,8,False,no
scene_13591,7,True,no
scene_13061,8,True,yes
scene_13271,7,False,no
scene_12554,8,True,yes
scene_11648,8,True,yes
scene_14420,6,True,yes
scene_11736,8,False,no
scene_13469,8,True,yes
scene_14325,8,True,yes
scene_12172,8,False,yes
scene_11353,8,False,no
scene_14506,7,True,yes
scene_13896,7,True,yes
scene_11052,7,True,yes
scene_11031,8,False,no
scene_14366,8,True,yes
scene_10567,7,False,yes
scene_13984,7,True,yes
scene_10702,7,False,no
scene_14951,7,False,no
scene_14650,8,True,no
scene_11974,8,True,yes
scene_10475,8,False,no
scene_11962,8,False,no
scene_12520,7,False,no
scene_12975,7,True,yes
scene_10917,8,True,yes
scene_10159,8,True,yes
scene_14005,7,False,no
scene_12656,8,True,yes
scene_10004,8,True,yes
scene_14347,7,True,yes
scene_14421,8,True,yes
scene_11324,8,False,yes
scene_13065,7,False,yes
scene_14885,7,False,yes
scene_11630,8,True,no
scene_14861,8,False,no
scene_12445,7,True,yes
scene_10872,8,True,yes
scene_14161,8,False,no
scene_11464,7,True,yes
scene_14103,8,False,no
scene_12158,8,True,yes
scene_10026,8,False,yes
scene_13719,8,False,no
scene_11296,8,True,yes
scene_13564,8,True,yes
scene_12405,7,True,yes
scene_10914,7,False,no
scene_12788,7,True,yes
scene_12186,8,False,no
scene_14401,7,False,no
scene_10939,8,False,yes
scene_10094,8,False,no
scene_14535,8,False,no
scene_12060,7,False,no
scene_14337,7,True,yes
scene_13837,7,True,yes
scene_13128,8,True,yes
scene_13154,8,True,yes
scene_10521,8,True,yes
scene_13461,7,True,yes
scene_11311,8,False,yes
scene_11253,7,False,no
scene_10899,8,False,yes
scene_10386,8,True,yes
scene_10745,8,False,no
scene_14045,7,True,yes
scene_14177,8,True,yes
scene_11134,7,True,yes
scene_11797,8,True,yes
scene_12967,8,False,no
scene_13274,8,True,yes
scene_14783,8,False,yes
scene_13512,7,True,yes
scene_14791,8,False,no
scene_12153,7,False,yes
scene_14418,8,False,no
scene_14601,8,False,no
scene_12021,7,True,yes
scene_14994,7,False,yes
scene_12170,8,False,yes
scene_11171,7,False,no
scene_13761,8,False,yes
scene_13244,7,False,yes
scene_14092,8,False,yes
scene_11742,7,False,no
scene_12578,7,False,no
scene_14649,8,False,no
scene_11729,8,True,no
scene_10543,6,False,yes
scene_12194,8,False,no
scene_13289,8,True,yes
scene_12585,7,False,yes
scene_10262,8,False,no
scene_11877,8,True,yes
scene_10459,8,False,yes
scene_12657,8,True,yes
scene_11800,7,True,yes
scene_14565,8,True,yes
scene_12212,7,True,yes
scene_13110,8,False,no
scene_13789,8,False,no
scene_11339,7,True,no
scene_12006,8,False,no
scene_14378,8,True,yes
scene_11402,8,False,no
scene_10585,8,False,yes
scene_12188,7,True,yes
scene_11717,8,False,yes
scene_12912,7,True,yes
scene_13034,8,False,no
scene_11333,7,True,yes
scene_12990,7,False,no
scene_13717,8,True,no
scene_12278,7,False,no
scene_13115,8,False,no
scene_10828,7,True,yes
scene_11908,7,False,yes
scene_10654,8,False,yes
scene_12371,7,True,yes
scene_11867,8,True,yes
scene_10376,6,False,no
scene_10570,7,True,yes
scene_11576,8,True,yes
scene_14732,8,False,yes
scene_12964,7,True,yes
scene_12402,8,True,yes
scene_14525,8,True,no
scene_10646,7,True,yes
scene_13102,8,True,yes
scene_11023,6,True,yes
scene_14395,7,False,yes
scene_13766,8,True,yes
scene_10355,6,True,yes
scene_12167,7,True,yes
scene_14948,8,False,yes
scene_12819,7,True,yes
scene_12942,8,False,yes
scene_10793,7,True,yes
scene_13114,8,True,yes
scene_10760,7,True,yes
scene_10838,8,False,no
scene_12759,8,False,no
scene_11764,6,True,yes
scene_11274,8,True,yes
scene_12277,8,False,no
scene_12789,8,False,no
scene_13465,8,True,yes
scene_11308,8,True,yes
scene_10053,7,False,yes
scene_12279,7,True,yes
scene_14830,7,True,yes
scene_13682,7,True,yes
scene_11806,7,False,no
scene_13439,8,False,yes
scene_14467,7,False,no
scene_11629,8,True,yes
scene_14600,8,True,yes
scene_10217,8,False,no
scene_14934,7,True,yes
scene_14142,8,True,yes
scene_11906,8,False,no
scene_11792,8,False,no
scene_10768,7,True,yes
scene_10244,7,False,yes
scene_10260,7,True,yes
scene_13459,8,False,yes
scene_14840,8,True,no
scene_10713,8,False,no
scene_14470,8,True,yes
scene_10840,8,False,yes
scene_11144,8,False,no
scene_11829,7,False,yes
scene_12007,7,False,yes
scene_12254,8,False,no
scene_10204,7,True,yes
scene_10913,7,True,yes
